Duplicate entry Newtonian in runtime table viscosityModel
Duplicate entry Newtonian in runtime table viscosityModel
Duplicate entry Newtonian in runtime table viscosityModel
Duplicate entry Newtonian in runtime table viscosityModel
Duplicate entry Newtonian in runtime table viscosityModel
Duplicate entry Newtonian in runtime table viscosityModel
Duplicate entry Newtonian in runtime table viscosityModel
Duplicate entry Newtonian in runtime table viscosityModel
Duplicate entry Newtonian in runtime table viscosityModel
Duplicate entry Newtonian in runtime table viscosityModel
Duplicate entry Newtonian in runtime table viscosityModel
Duplicate entry Newtonian in runtime table viscosityModel
Duplicate entry Newtonian in runtime table viscosityModel
Duplicate entry Newtonian in runtime table viscosityModel
Duplicate entry Newtonian in runtime table viscosityModel
Duplicate entry Newtonian in runtime table viscosityModel
Duplicate entry Newtonian in runtime table viscosityModel
Duplicate entry Newtonian in runtime table viscosityModel
Duplicate entry Newtonian in runtime table viscosityModel
Duplicate entry Newtonian in runtime table viscosityModel
Duplicate entry Newtonian in runtime table viscosityModel
Duplicate entry Newtonian in runtime table viscosityModel
Duplicate entry Newtonian in runtime table viscosityModel
Duplicate entry Newtonian in runtime table viscosityModel
Duplicate entry Newtonian in runtime table viscosityModel
Duplicate entry Newtonian in runtime table viscosityModel
Duplicate entry Newtonian in runtime table viscosityModel
Duplicate entry Newtonian in runtime table viscosityModel
Duplicate entry Newtonian in runtime table viscosityModel
Duplicate entry Newtonian in runtime table viscosityModel
Duplicate entry Newtonian in runtime table viscosityModel
Duplicate entry Newtonian in runtime table viscosityModel
[stack trace]
=============
#1	platforms/linux64GccDPInt32Opt/lib/libincompressibleTransportModelsLMFOAM.so(+0x37765) [0x7f5a96712765]
#2	/lib64/ld-linux-x86-64.so.2(+0x571f) [0x7f5a9697271f]
#3	/lib64/ld-linux-x86-64.so.2(+0x5824) [0x7f5a96972824]
#4	/lib64/ld-linux-x86-64.so.2(+0x1f5a0) [0x7f5a9698c5a0]
=============
Duplicate entry powerLaw in runtime table viscosityModel
[stack trace]
=============
#1	platforms/linux64GccDPInt32Opt/lib/libincompressibleTransportModelsLMFOAM.so(+0x37765) [0x7ba907607765]
#2	/lib64/ld-linux-x86-64.so.2(+0x571f) [0x7ba90786771f]
#3	/lib64/ld-linux-x86-64.so.2(+0x5824) [0x7ba907867824]
#4	/lib64/ld-linux-x86-64.so.2(+0x1f5a0) [0x7ba9078815a0]
=============
Duplicate entry powerLaw in runtime table viscosityModel
[stack trace]
=============
#1	platforms/linux64GccDPInt32Opt/lib/libincompressibleTransportModelsLMFOAM.so(+0x37765) [0x7318310af765]
#2	/lib64/ld-linux-x86-64.so.2(+0x571f) [0x73183130f71f]
#3	/lib64/ld-linux-x86-64.so.2(+0x5824) [0x73183130f824]
#4	/lib64/ld-linux-x86-64.so.2(+0x1f5a0) [0x7318313295a0]
=============
Duplicate entry powerLaw in runtime table viscosityModel
[stack trace]
=============
#1	platforms/linux64GccDPInt32Opt/lib/libincompressibleTransportModelsLMFOAM.so(+0x37765) [0x7c24b0996765]
#2	/lib64/ld-linux-x86-64.so.2(+0x571f) [0x7c24b0bf671f]
#3	/lib64/ld-linux-x86-64.so.2(+0x5824) [0x7c24b0bf6824][stack trace]
=============
#1	platforms/linux64GccDPInt32Opt/lib/libincompressibleTransportModelsLMFOAM.so(+0x37835) [0x7ba907607835]
#2	/lib64/ld-linux-x86-64.so.2(+0x571f) [0x7ba90786771f]
[stack trace]
=============
#1	platforms/linux64GccDPInt32Opt/lib/libincompressibleTransportModelsLMFOAM.so(+0x37835) [0x7f5a96712835]
#2	/lib64/ld-linux-x86-64.so.2(+0x571f) [0x7f5a9697271f]
#3	/lib64/ld-linux-x86-64.so.2(+0x5824) [0x7f5a96972824]
#4	/lib64/ld-linux-x86-64.so.2(+0x1f5a0) [0x7f5a9698c5a0]
=============

#4	/lib64/ld-linux-x86-64.so.2(+0x1f5a0) [0x7c24b0c105a0]
=============
Duplicate entry powerLaw in runtime table viscosityModel
[stack trace]
=============
#1	#3	/lib64/ld-linux-x86-64.so.2(+0x5824) [0x7ba907867824]
#4	/lib64/ld-linux-x86-64.so.2(+0x1f5a0) [0x7ba9078815a0]
=============
platforms/linux64GccDPInt32Opt/lib/libincompressibleTransportModelsLMFOAM.so(+0x37765) [0x72a66538b765]
#2	/lib64/ld-linux-x86-64.so.2(+0x571f) [0x72a6655eb71f]
#3	/lib64/ld-linux-x86-64.so.2(+0x5824) [0x72a6655eb824]
#4	/lib64/ld-linux-x86-64.so.2(+0x1f5a0) [0x72a6656055a0]
=============
Duplicate entry powerLaw in runtime table viscosityModel
[stack trace]
=============
#1	platforms/linux64GccDPInt32Opt/lib/libincompressibleTransportModelsLMFOAM.so(+0x37835) [0x7318310af835]
#2	/lib64/ld-linux-x86-64.so.2(+0x571f) [0x73183130f71f]
#3	/lib64/ld-linux-x86-64.so.2(+0x5824) [0x73183130f824]
#4	/lib64/ld-linux-x86-64.so.2(+0x1f5a0) [0x7318313295a0]
=============
[stack trace]
=============
#1	platforms/linux64GccDPInt32Opt/lib/libincompressibleTransportModelsLMFOAM.so(+0x37765) [0x710465f4d765]
#2	/lib64/ld-linux-x86-64.so.2(+0x571f) [0x7104661ad71f][stack trace]
=============
#1
#3	/lib64/ld-linux-x86-64.so.2(+0x5824) [0x7104661ad824]
#4	/lib64/ld-linux-x86-64.so.2(+0x1f5a0) [0x7104661c75a0]
=============
Duplicate entry powerLaw in runtime table viscosityModel
	platforms/linux64GccDPInt32Opt/lib/libincompressibleTransportModelsLMFOAM.so(+0x37765) [0x78f541d3f765]
#2	/lib64/ld-linux-x86-64.so.2(+0x571f) [0x78f541f9f71f]
#3	/lib64/ld-linux-x86-64.so.2(+0x5824) [0x78f541f9f824]
#4	/lib64/ld-linux-x86-64.so.2(+0x1f5a0) [0x78f541fb95a0]
=============
Duplicate entry powerLaw in runtime table viscosityModel[stack trace]
=============

[stack trace]
=============
#1	platforms/linux64GccDPInt32Opt/lib/libincompressibleTransportModelsLMFOAM.so(+0x37835) [0x72a66538b835]
#2	/lib64/ld-linux-x86-64.so.2(+0x571f) [0x72a6655eb71f]
#3	/lib64/ld-linux-x86-64.so.2(+0x5824) [0x72a6655eb824]
#4	/lib64/ld-linux-x86-64.so.2(+0x1f5a0) [0x72a6656055a0]
=============
[stack trace]
=============
#1	platforms/linux64GccDPInt32Opt/lib/libincompressibleTransportModelsLMFOAM.so(+0x37765) [0x70cd1cf84765]
#2	/lib64/ld-linux-x86-64.so.2(+0x571f) [0x70cd1d1e471f]
#3	/lib64/ld-linux-x86-64.so.2(+0x5824) [0x70cd1d1e4824]
#4	/lib64/ld-linux-x86-64.so.2(+0x1f5a0) [0x70cd1d1fe5a0]
=============
[stack trace]
=============
#1	platforms/linux64GccDPInt32Opt/lib/libincompressibleTransportModelsLMFOAM.so(+0x37765) [0x7c24fc944765]
#2	/lib64/ld-linux-x86-64.so.2(+0x571f) [0x7c24fcba471f]#1	platforms/linux64GccDPInt32Opt/lib/libincompressibleTransportModelsLMFOAM.so(+0x37835) [0x7c24b0996835]
#2	/lib64/ld-linux-x86-64.so.2(+0x571f) [0x7c24b0bf671f]
#3	/lib64/ld-linux-x86-64.so.2(+0x5824) [0x7c24b0bf6824]
#4	/lib64/ld-linux-x86-64.so.2(+0x1f5a0) [0x7c24b0c105a0]
=============
Duplicate entry CrossPowerLaw in runtime table 
#3	/lib64/ld-linux-x86-64.so.2(+0x5824) [0x7c24fcba4824]
#4	/lib64/ld-linux-x86-64.so.2(+0x1f5a0) [0x7c24fcbbe5a0]
=============
Duplicate entry powerLaw in runtime table viscosityModel
Duplicate entry CrossPowerLaw in runtime table viscosityModel
Duplicate entry CrossPowerLaw in runtime table viscosityModel
Duplicate entry CrossPowerLaw in runtime table viscosityModel
Duplicate entry powerLaw in runtime table viscosityModel
[stack trace]
=============
#1	platforms/linux64GccDPInt32Opt/lib/libincompressibleTransportModelsLMFOAM.so(+0x37765) [0x7da03ad98765]
Duplicate entry CrossPowerLaw in runtime table viscosityModel
viscosityModel
[stack trace]
=============
#1	platforms/linux64GccDPInt32Opt/lib/libincompressibleTransportModelsLMFOAM.so(+0x37765) [0x7e02ecaba765]
#2	/lib64/ld-linux-x86-64.so.2(+0x571f) [0x7e02ecd1a71f]
#3	/lib64/ld-linux-x86-64.so.2(+0x5824) [0x7e02ecd1a824]
#4	/lib64/ld-linux-x86-64.so.2(+0x1f5a0) [0x7e02ecd345a0]
=============
[stack trace]
=============
#1	platforms/linux64GccDPInt32Opt/lib/libincompressibleTransportModelsLMFOAM.so(+0x37765) [0x770193e46765]
#2	/lib64/ld-linux-x86-64.so.2(+0x571f) [0x7701940a671f]
#3[stack trace]
=============
#1	platforms/linux64GccDPInt32Opt/lib/libincompressibleTransportModelsLMFOAM.so(+0x37765) [0x757c9e71c765]
#2	/lib64/ld-linux-x86-64.so.2(+0x571f) [0x757c9e97c71f]
#3	/lib64/ld-linux-x86-64.so.2(+0x5824) [0x757c9e97c824]#2	/lib64/ld-linux-x86-64.so.2(+0x571f) [0x7da03aff871f]
#3	/lib64/ld-linux-x86-64.so.2(+0x5824) [0x7da03aff8824]
#4	/lib64/ld-linux-x86-64.so.2(+0x1f5a0) [0x7da03b0125a0]
=============
Duplicate entry powerLaw in runtime table viscosityModel
[stack trace]
=============
#1	platforms/linux64GccDPInt32Opt/lib/libincompressibleTransportModelsLMFOAM.so(+0x37835) [0x710465f4d835]
#2	/lib64/ld-linux-x86-64.so.2(+0x571f) [0x7104661ad71f]
#3	/lib64/ld-linux-x86-64.so.2(+0x5824) [0x7104661ad824]
#4	/lib64/ld-linux-x86-64.so.2(+0x1f5a0) [0x7104661c75a0]
=============
Duplicate entry CrossPowerLaw in runtime table viscosityModel
Duplicate entry powerLaw in runtime table viscosityModel
[stack trace]
=============
#1	platforms/linux64GccDPInt32Opt/lib/libincompressibleTransportModelsLMFOAM.so(+0x37765) [0x7c82cfed3765]
#2	/lib64/ld-linux-x86-64.so.2(+0x571f) [0x7c82d013371f]
#3	/lib64/ld-linux-x86-64.so.2(+0x5824) [0x7c82d0133824]
#4		/lib64/ld-linux-x86-64.so.2(+0x5824) [0x7701940a6824]
#4	/lib64/ld-linux-x86-64.so.2(+0x1f5a0) [0x7701940c05a0]
=============
Duplicate entry powerLaw in runtime table viscosityModel

#4	/lib64/ld-linux-x86-64.so.2(+0x1f5a0) [0x757c9e9965a0]
=============
Duplicate entry powerLaw in runtime table viscosityModel
[stack trace]
=============
#1	platforms/linux64GccDPInt32Opt/lib/libincompressibleTransportModelsLMFOAM.so(+0x37765) [0x7d1761f8b765]
#2	/lib64/ld-linux-x86-64.so.2(+0x571f) [0x7d17621eb71f]
#3	/lib64/ld-linux-x86-64.so.2(+0x5824) [0x7d17621eb824]
#4	/lib64/ld-linux-x86-64.so.2(+0x1f5a0) [0x7d17622055a0]
=============
Duplicate entry powerLaw in runtime table viscosityModel
[stack trace]
=============
#1	platforms/linux64GccDPInt32Opt/lib/libincompressibleTransportModelsLMFOAM.so(+0x37765) [0x7d992a770765]
#2	/lib64/ld-linux-x86-64.so.2(+0x571f) [0x7d992a9d071f]
#3	/lib64/ld-linux-x86-64.so.2(+0x5824) [0x7d992a9d0824][stack trace]
=============
#1	platforms/linux64GccDPInt32Opt/lib/libincompressibleTransportModelsLMFOAM.so(+0x37765) [0x732ee1ddb765]
#2	/lib64/ld-linux-x86-64.so.2(+0x571f) [0x732ee203b71f]
#3	/lib64/ld-linux-x86-64.so.2(+0x5824) [0x732ee203b824]
#4	/lib64/ld-linux-x86-64.so.2(+0x1f5a0) [0x732ee20555a0]
=============[stack trace]
=============
#1	platforms/linux64GccDPInt32Opt/lib/libincompressibleTransportModelsLMFOAM.so(+0x37765) [0x70d7b0493765]
#2	/lib64/ld-linux-x86-64.so.2(+0x571f) [0x70d7b06f371f]
#3	/lib64/ld-linux-x86-64.so.2(+0x5824) [0x70d7b06f3824]
#4	/lib64/ld-linux-x86-64.so.2(+0x1f5a0) [0x70d7b070d5a0][stack trace]
=============
#1	[stack trace]
=============
#1	platforms/linux64GccDPInt32Opt/lib/libincompressibleTransportModelsLMFOAM.so(+0x37835) [0x7da03ad98835]
#2	/lib64/ld-linux-x86-64.so.2(+0x571f) [0x7da03aff871f]
#3	/lib64/ld-linux-x86-64.so.2(+0x5824) [0x7da03aff8824]
#4	/lib64/ld-linux-x86-64.so.2(+0x1f5a0) [0x7da03b0125a0]
=============
[stack trace]
=============
#1	platforms/linux64GccDPInt32Opt/lib/libincompressibleTransportModelsLMFOAM.so(+0x37765) [0x773f3927e765]
#[stack trace]
=============
#1	platforms/linux64GccDPInt32Opt/lib/libincompressibleTransportModelsLMFOAM.so(+0x37835) [0x78f541d3f835]
#2	/lib64/ld-linux-x86-64.so.2(+0x571f) [0x78f541f9f71f]
#[stack trace]
=============
#1	platforms/linux64GccDPInt32Opt/lib/libincompressibleTransportModelsLMFOAM.so(+0x37765) [0x7792406bb765]
#2	/lib64/ld-linux-x86-64.so.2(+0x571f) [0x77924091b71f]
#3	/lib64/ld-linux-x86-64.so.2(+0x5824) [0x77924091b824]
#4	/lib64/ld-linux-x86-64.so.2(+0x1f5a0) [0x7792409355a0]
=============
Duplicate entry powerLaw in runtime table viscosityModel

#4	/lib64/ld-linux-x86-64.so.2(+0x1f5a0) [0x7d992a9ea5a0]
=============
Duplicate entry powerLaw in runtime table viscosityModel
[stack trace]
=============
#1	platforms/linux64GccDPInt32Opt/lib/libincompressibleTransportModelsLMFOAM.so(+0x37765) [0x7e5f6adae765]
#2	/lib64/ld-linux-x86-64.so.2(+0x571f) [0x7e5f6b00e71f]
[stack trace]
=============
#1	platforms/linux64GccDPInt32Opt/lib/libincompressibleTransportModelsLMFOAM.so(+0x37765) [0x72c2dae4e765]
[stack trace]
=============
#1	platforms/linux64GccDPInt32Opt/lib/libincompressibleTransportModelsLMFOAM.so(+0x37765) [0x77b0e7bc7765]
#2	/lib64/ld-linux-x86-64.so.2(+0x571f) [0x77b0e7e2771f]
#3	/lib64/ld-linux-x86-64.so.2(+0x5824) [0x77b0e7e27824]
#4	/lib64/ld-linux-x86-64.so.2(+0x1f5a0) [0x77b0e7e415a0]
=============
Duplicate entry powerLaw in runtime table viscosityModel
[stack trace]
=============
#1	platforms/linux64GccDPInt32Opt/lib/libincompressibleTransportModelsLMFOAM.so(+0x37765) [0x749646ea8765]
#2	/lib64/ld-linux-x86-64.so.2(+0x571f) [0x74964710871f]
#3	/lib64/ld-linux-x86-64.so.2(+0x5824) [0x749647108824]
#4	/lib64/ld-linux-x86-64.so.2(+0x1f5a0) [0x7496471225a0]
=============
Duplicate entry powerLaw in runtime table viscosityModel
[stack trace]
=============
#1	platforms/linux64GccDPInt32Opt/lib/libincompressibleTransportModelsLMFOAM.so(+0x37765) [0x76c14cf12765]
[stack trace]
=============
#1	platforms/linux64GccDPInt32Opt/lib/libincompressibleTransportModelsLMFOAM.so(+0x37765) [0x7e864b669765]
#2	/lib64/ld-linux-x86-64.so.2(+0x571f) [0x7e864b8c971f]
#3	/lib64/ld-linux-x86-64.so.2(+0x5824) [0x7e864b8c9824]
#4	/lib64/ld-linux-x86-64.so.2(+0x1f5a0) [0x7e864b8e35a0]
=============
Duplicate entry powerLaw in runtime table viscosityModel
[stack trace]
=============
#1	platforms/linux64GccDPInt32Opt/lib/libincompressibleTransportModelsLMFOAM.so(+0x37835) [0x7e02ecaba835]
#2	/lib64/ld-linux-x86-64.so.2(+0x571f) [0x7e02ecd1a71f]
#3	/lib64/ld-linux-x86-64.so.2(+0x5824) [0x7e02ecd1a824]
#4	/lib64/ld-linux-x86-64.so.2(+0x1f5a0) [0x7e02ecd345a0]
=============
Duplicate entry CrossPowerLaw in runtime table viscosityModel
[stack trace]
=============
#1	platforms/linux64GccDPInt32Opt/lib/libincompressibleTransportModelsLMFOAM.so(+0x37765) [0x70f04cd8c765]
#2	/lib64/ld-linux-x86-64.so.2(+0x571f) [0x70f04cfec71f]
[stack trace]
=============
#1	platforms/linux64GccDPInt32Opt/lib/libincompressibleTransportModelsLMFOAM.so(+0x37765) [0x743e3b156765]
/lib64/ld-linux-x86-64.so.2(+0x1f5a0) [0x7c82d014d5a0]
=============
Duplicate entry powerLaw in runtime table viscosityModel
[stack trace]
=============
#1	platforms/linux64GccDPInt32Opt/lib/libincompressibleTransportModelsLMFOAM.so(+0x37765) [0x7dbd49734765]
#2	/lib64/ld-linux-x86-64.so.2(+0x571f) [0x7dbd4999471f]
#3	/lib64/ld-linux-x86-64.so.2(+0x5824) [0x7dbd49994824]
#4	/lib64/ld-linux-x86-64.so.2(+0x1f5a0) [0x7dbd499ae5a0]
=============
Duplicate entry powerLaw in runtime table viscosityModel
[stack trace]
=============
#1	platforms/linux64GccDPInt32Opt/lib/libincompressibleTransportModelsLMFOAM.so(+0x37835) [0x70cd1cf84835]
#2	/lib64/ld-linux-x86-64.so.2(+0x571f) [0x70cd1d1e471f]
#3	/lib64/ld-linux-x86-64.so.2(+0x5824) [0x70cd1d1e4824]
#4	/lib64/ld-linux-x86-64.so.2(+0x1f5a0) [0x70cd1d1fe5a0]
=============
#2	/lib64/ld-linux-x86-64.so.2(+0x571f) [0x76c14d17271f]
#3	/lib64/ld-linux-x86-64.so.2(+0x5824) [0x76c14d172824]
#4	/lib64/ld-linux-x86-64.so.2(+0x1f5a0) [0x76c14d18c5a0]
=============
Duplicate entry powerLaw in runtime table viscosityModel
#3	/lib64/ld-linux-x86-64.so.2(+0x5824) [0x70f04cfec824]
#4	/lib64/ld-linux-x86-64.so.2(+0x1f5a0) [0x70f04d0065a0]
=============
Duplicate entry powerLaw in runtime table viscosityModel
[stack trace]
=============
#1	platforms/linux64GccDPInt32Opt/lib/libincompressibleTransportModelsLMFOAM.so(+0x37905) [0x710465f4d905]
#2	/lib64/ld-linux-x86-64.so.2(+0x571f) [0x7104661ad71f]
#3	/lib64/ld-linux-x86-64.so.2(+0x5824) [0x7104661ad824]
#4	/lib64/ld-linux-x86-64.so.2(+0x1f5a0) [0x7104661c75a0]
=============
Duplicate entry BirdCarreau in runtime table viscosityModel
#2	/lib64/ld-linux-x86-64.so.2(+0x571f) [0x743e3b3b671f]
#3	/lib64/ld-linux-x86-64.so.2(+0x5824) [0x743e3b3b6824]
#4	/lib64/ld-linux-x86-64.so.2(+0x1f5a0) [0x743e3b3d05a0]
=============
Duplicate entry powerLaw in runtime table viscosityModel
[stack trace]
=============
#1	platforms/linux64GccDPInt32Opt/lib/libincompressibleTransportModelsLMFOAM.so(+0x37835) [0x770193e46835]
#2	/lib64/ld-linux-x86-64.so.2(+0x571f) [0x7701940a671f]
#3	/lib64/ld-linux-x86-64.so.2(+0x5824) [0x7701940a6824]
#4	/lib64/ld-linux-x86-64.so.2(+0x1f5a0) [0x7701940c05a0]
=============
Duplicate entry CrossPowerLaw in runtime table viscosityModel
[stack trace]
=============
#1	platforms/linux64GccDPInt32Opt/lib/libincompressibleTransportModelsLMFOAM.so(+0x37765) [0x72f64d79b765]
#2	/lib64/ld-linux-x86-64.so.2(+0x571f) [0x72f64d9fb71f]
#3	/lib64/ld-linux-x86-64.so.2(+0x5824) [0x72f64d9fb824]
#4	/lib64/ld-linux-x86-64.so.2(+0x1f5a0) [0x72f64da155a0]
=============
Duplicate entry powerLaw in runtime table viscosityModel
[stack trace]
=============
#1	platforms/linux64GccDPInt32Opt/lib/libincompressibleTransportModelsLMFOAM.so(+0x37835) [0x757c9e71c835]
#2	/lib64/ld-linux-x86-64.so.2(+0x571f) [0x757c9e97c71f]
#3	/lib64/ld-linux-x86-64.so.2(+0x5824) [0x757c9e97c824]
#4	/lib64/ld-linux-x86-64.so.2(+0x1f5a0) [0x757c9e9965a0]
=============
Duplicate entry CrossPowerLaw in runtime table viscosityModel
[stack trace]
=============
#1	platforms/linux64GccDPInt32Opt/lib/libincompressibleTransportModelsLMFOAM.so(+0x37905) [0x7f5a96712905]
#2	/lib64/ld-linux-x86-64.so.2(+0x571f) [0x7f5a9697271f]
#3	/lib64/ld-linux-x86-64.so.2(+0x5824) [0x7f5a96972824]
#4	/lib64/ld-linux-x86-64.so.2(+0x1f5a0) [0x7f5a9698c5a0]
=============
Duplicate entry BirdCarreau in runtime table viscosityModel

Duplicate entry powerLaw in runtime table viscosityModel

=============
Duplicate entry powerLaw in runtime table viscosityModel
[stack trace]
=============
#1	platforms/linux64GccDPInt32Opt/lib/libincompressibleTransportModelsLMFOAM.so(+0x37835) [0x70d7b0493835]
#2	/lib64/ld-linux-x86-64.so.2(+0x571f) [0x70d7b06f371f]
#3	/lib64/ld-linux-x86-64.so.2(+0x5824) [0x70d7b06f3824]
#4	/lib64/ld-linux-x86-64.so.2(+0x1f5a0) [0x70d7b070d5a0]
=============
Duplicate entry CrossPowerLaw in runtime table viscosityModel[stack trace]
=============
#1	platforms/linux64GccDPInt32Opt/lib/libincompressibleTransportModelsLMFOAM.so(+0x37835) [0x7c24fc944835]
#2	/lib64/ld-linux-x86-64.so.2(+0x571f) [0x7c24fcba471f]
#3	/lib64/ld-linux-x86-64.so.2(+0x5824) [0x7c24fcba4824]
#4	/lib64/ld-linux-x86-64.so.2(+0x1f5a0) [0x7c24fcbbe5a0]
=============
Duplicate entry CrossPowerLaw in runtime table viscosityModel
platforms/linux64GccDPInt32Opt/lib/libincompressibleTransportModelsLMFOAM.so(+0x37765) [0x707bb73fa765]
#2	/lib64/ld-linux-x86-64.so.2(+0x571f) [0x707bb765a71f]
#3	/lib64/ld-linux-x86-64.so.2(+0x5824) [0x707bb765a824]
#4	/lib64/ld-linux-x86-64.so.2(+0x1f5a0) [0x707bb76745a0]
=============
Duplicate entry powerLaw in runtime table viscosityModel
[stack trace]
=============
#1	platforms/linux64GccDPInt32Opt/lib/libincompressibleTransportModelsLMFOAM.so(+0x37835) [0x707bb73fa835]
#2	/lib64/ld-linux-x86-64.so.2(+0x571f) [0x707bb765a71f]
#3	/lib64/ld-linux-x86-64.so.2(+0x5824) [0x707bb765a824]Duplicate entry CrossPowerLaw in runtime table viscosityModel
[stack trace]
=============
#1	platforms/linux64GccDPInt32Opt/lib/libincompressibleTransportModelsLMFOAM.so(+0x37905) [0x7da03ad98905]
#2	/lib64/ld-linux-x86-64.so.2(+0x571f) [0x7da03aff871f]
#3	/lib64/ld-linux-x86-64.so.2(+0x5824) [0x7da03aff8824]
#4	/lib64/ld-linux-x86-64.so.2(+0x1f5a0) [0x7da03b0125a0]
=============
Duplicate entry BirdCarreau in runtime table viscosityModel
[stack trace]
=============
#1	platforms/linux64GccDPInt32Opt/lib/libincompressibleTransportModelsLMFOAM.so(+0x379d5) [0x7da03ad989d5]
#2	/lib64/ld-linux-x86-64.so.2(+0x571f) [0x7da03aff871f]
#3	/lib64/ld-linux-x86-64.so.2(+0x5824) [0x7da03aff8824]
#4	/lib64/ld-linux-x86-64.so.2(+0x1f5a0) [0x7da03b0125a0]
=============
Duplicate entry HerschelBulkley in runtime table viscosityModel
2	/lib64/ld-linux-x86-64.so.2(+0x571f) [0x773f394de71f]
#3	/lib64/ld-linux-x86-64.so.2(+0x5824) [0x773f394de824]
#4	/lib64/ld-linux-x86-64.so.2(+0x1f5a0) [0x773f394f85a0]
=============
Duplicate entry powerLaw in runtime table viscosityModel
[stack trace]
=============
#1	platforms/linux64GccDPInt32Opt/lib/libincompressibleTransportModelsLMFOAM.so(+0x37835) [0x773f3927e835]
#2	/lib64/ld-linux-x86-64.so.2(+0x571f) [0x773f394de71f]
#3	/lib64/ld-linux-x86-64.so.2(+0x5824) [0x773f394de824]
#4	/lib64/ld-linux-x86-64.so.2(+0x1f5a0) [0x773f394f85a0]
=============
Duplicate entry CrossPowerLaw in runtime table viscosityModel
[stack trace]
=============
#1	platforms/linux64GccDPInt32Opt/lib/libincompressibleTransportModelsLMFOAM.so(+0x37905) [0x7c24b0996905]
#2	/lib64/ld-linux-x86-64.so.2(+0x571f) [0x7c24b0bf671f]
#3	/lib64/ld-linux-x86-64.so.2(+0x5824) [0x7c24b0bf6824]
#4	/lib64/ld-linux-x86-64.so.2(+0x1f5a0) [0x7c24b0c105a0]
=============
Duplicate entry BirdCarreau in runtime table viscosityModel
[stack trace]
=============
#1	platforms/linux64GccDPInt32Opt/lib/libincompressibleTransportModelsLMFOAM.so(+0x379d5) [0x7c24b09969d5]
#2	/lib64/ld-linux-x86-64.so.2(+0x571f) [0x7c24b0bf671f]
#3	/lib64/ld-linux-x86-64.so.2(+0x5824) [0x7c24b0bf6824]
#4	/lib64/ld-linux-x86-64.so.2(+0x1f5a0) [0x7c24b0c105a0]
=============
Duplicate entry HerschelBulkley[stack trace]
=============
#1	platforms/linux64GccDPInt32Opt/lib/libincompressibleTransportModelsLMFOAM.so(+0x37905) [0x7ba907607905]
#2	/lib64/ld-linux-x86-64.so.2(+0x571f) [0x7ba90786771f]
#3	/lib64/ld-linux-x86-64.so.2(+0x5824) [0x7ba907867824]
#4	/lib64/ld-linux-x86-64.so.2(+0x1f5a0) [0x7ba9078815a0]
=============
Duplicate entry BirdCarreau in runtime table viscosityModel
[stack trace]
=============
#1	platforms/linux64GccDPInt32Opt/lib/libincompressibleTransportModelsLMFOAM.so(+0x379d5) [0x7ba9076079d5]
#2	/lib64/ld-linux-x86-64.so.2(+0x571f) [0x7ba90786771f]
#3	/lib64/ld-linux-x86-64.so.2(+0x5824) [0x7ba907867824]
#4	/lib64/ld-linux-x86-64.so.2(+0x1f5a0) [0x7ba9078815a0]
=============
Duplicate entry HerschelBulkley in runtime table viscosityModel
3	/lib64/ld-linux-x86-64.so.2(+0x5824) [0x78f541f9f824]
#4	/lib64/ld-linux-x86-64.so.2(+0x1f5a0) [0x78f541fb95a0]
=============
Duplicate entry CrossPowerLaw in runtime table viscosityModel
[stack trace]
=============
#1	platforms/linux64GccDPInt32Opt/lib/libincompressibleTransportModelsLMFOAM.so(+0x37905) [0x78f541d3f905]
#2	/lib64/ld-linux-x86-64.so.2(+0x571f) [0x78f541f9f71f]
#3	/lib64/ld-linux-x86-64.so.2(+0x5824) [0x78f541f9f824]
#4	/lib64/ld-linux-x86-64.so.2(+0x1f5a0) [0x78f541fb95a0]
=============
Duplicate entry BirdCarreau in runtime table viscosityModel
[stack trace]
=============
#1	platforms/linux64GccDPInt32Opt/lib/libincompressibleTransportModelsLMFOAM.so(+0x37765) [0x7a1065031765]
#2	/lib64/ld-linux-x86-64.so.2(+0x571f) [0x7a106529171f]
#3	/lib64/ld-linux-x86-64.so.2(+0x5824) [0x7a1065291824]
#4	/lib64/ld-linux-x86-64.so.2(+0x1f5a0) [0x7a10652ab5a0]
=============
Duplicate entry powerLaw in runtime table viscosityModel
[stack trace]
=============
#1	platforms/linux64GccDPInt32Opt/lib/libincompressibleTransportModelsLMFOAM.so(+0x37835) [0x7a1065031835]
#2	/lib64/ld-linux-x86-64.so.2(+0x571f) [0x7a106529171f]
#3	/lib64/ld-linux-x86-64.so.2(+0x5824) [0x7a1065291824]
#4	/lib64/ld-linux-x86-64.so.2(+0x1f5a0) [0x7a10652ab5a0]
=============
Duplicate entry CrossPowerLaw in runtime table viscosityModel
#3	/lib64/ld-linux-x86-64.so.2(+0x5824) [0x7e5f6b00e824]
#4	/lib64/ld-linux-x86-64.so.2(+0x1f5a0) [0x7e5f6b0285a0]
=============
Duplicate entry powerLaw in runtime table viscosityModel
[stack trace]
=============
#1	platforms/linux64GccDPInt32Opt/lib/libincompressibleTransportModelsLMFOAM.so(+0x37835) [0x7e5f6adae835]
#2	/lib64/ld-linux-x86-64.so.2(+0x571f) [0x7e5f6b00e71f]
#3	/lib64/ld-linux-x86-64.so.2(+0x5824) [0x7e5f6b00e824]
#4	/lib64/ld-linux-x86-64.so.2(+0x1f5a0) [0x7e5f6b0285a0]
=============
Duplicate entry CrossPowerLaw in runtime table viscosityModel
#2	/lib64/ld-linux-x86-64.so.2(+0x571f) [0x72c2db0ae71f]
#3	/lib64/ld-linux-x86-64.so.2(+0x5824) [0x72c2db0ae824]
#4	/lib64/ld-linux-x86-64.so.2(+0x1f5a0) [0x72c2db0c85a0]
=============
Duplicate entry powerLaw in runtime table viscosityModel
[stack trace]
=============
#1	platforms/linux64GccDPInt32Opt/lib/libincompressibleTransportModelsLMFOAM.so(+0x37835) [0x72c2dae4e835]
#2	/lib64/ld-linux-x86-64.so.2(+0x571f) [0x72c2db0ae71f]
#3	/lib64/ld-linux-x86-64.so.2(+0x5824) [0x72c2db0ae824]
#4	/lib64/ld-linux-x86-64.so.2(+0x1f5a0) [0x72c2db0c85a0]
=============
Duplicate entry CrossPowerLaw in runtime table viscosityModel
[stack trace]
=============
#1	platforms/linux64GccDPInt32Opt/lib/libincompressibleTransportModelsLMFOAM.so(+0x37905) [0x72c2dae4e905]
#2	/lib64/ld-linux-x86-64.so.2(+0x571f) [0x72c2db0ae71f]
#3	/lib64/ld-linux-x86-64.so.2(+0x5824) [0x72c2db0ae824]
#4	/lib64/ld-linux-x86-64.so.2(+0x1f5a0) [0x72c2db0c85a0]
=============
Duplicate entry BirdCarreau in runtime table [stack trace]
=============
#1	platforms/linux64GccDPInt32Opt/lib/libincompressibleTransportModelsLMFOAM.so(+0x37905) [0x72a66538b905]
#2	/lib64/ld-linux-x86-64.so.2(+0x571f) [0x72a6655eb71f]
#3	/lib64/ld-linux-x86-64.so.2(+0x5824) [0x72a6655eb824]
#4	/lib64/ld-linux-x86-64.so.2(+0x1f5a0) [0x72a6656055a0]
=============
Duplicate entry BirdCarreau in runtime table viscosityModel
[stack trace]
=============
#1	platforms/linux64GccDPInt32Opt/lib/libincompressibleTransportModelsLMFOAM.so(+0x379d5) [0x72a66538b9d5]
#2	/lib64/ld-linux-x86-64.so.2(+0x571f) [0x72a6655eb71f]
#3	/lib64/ld-linux-x86-64.so.2(+0x5824) [0x72a6655eb824]
#4	/lib64/ld-linux-x86-64.so.2(+0x1f5a0) [0x72a6656055a0]
=============
Duplicate entry HerschelBulkley in runtime table viscosityModel
[stack trace]
=============
#1	platforms/linux64GccDPInt32Opt/lib/libincompressibleTransportModelsLMFOAM.so(+0x37905) [0x7318310af905]
#2	/lib64/ld-linux-x86-64.so.2(+0x571f) [0x73183130f71f]
#3	/lib64/ld-linux-x86-64.so.2(+0x5824) [0x73183130f824]
#4	/lib64/ld-linux-x86-64.so.2(+0x1f5a0) [0x7318313295a0]
=============
Duplicate entry BirdCarreau in runtime table viscosityModel
[stack trace]
=============
#1	platforms/linux64GccDPInt32Opt/lib/libincompressibleTransportModelsLMFOAM.so(+0x379d5) [0x7318310af9d5]
#2	/lib64/ld-linux-x86-64.so.2(+0x571f) [0x73183130f71f]
#3	/lib64/ld-linux-x86-64.so.2(+0x5824) [0x73183130f824]
#4	/lib64/ld-linux-x86-64.so.2(+0x1f5a0) [0x7318313295a0]
=============
Duplicate entry HerschelBulkley in runtime table viscosityModel
[stack trace]
=============
#1	platforms/linux64GccDPInt32Opt/lib/libincompressibleTransportModelsLMFOAM.so(+0x37aa5) [0x7318310afaa5]
#2	/lib64/ld-linux-x86-64.so.2(+0x571f) [0x73183130f71f]
#3	/lib64/ld-linux-x86-64.so.2(+0x5824) [0x73183130f824]
#4	/lib64/ld-linux-x86-64.so.2(+0x1f5a0) [0x7318313295a0]
=============
 in runtime table viscosityModel
[stack trace]
=============
#1	platforms/linux64GccDPInt32Opt/lib/libincompressibleTransportModelsLMFOAM.so(+0x37aa5) [0x7c24b0996aa5]
#2	/lib64/ld-linux-x86-64.so.2(+0x571f) [0x7c24b0bf671f]
#3	/lib64/ld-linux-x86-64.so.2(+0x5824) [0x7c24b0bf6824]
#4	/lib64/ld-linux-x86-64.so.2(+0x1f5a0) [0x7c24b0c105a0]
=============
Duplicate entry Casson in runtime table viscosityModel
[stack trace]
=============
#1	platforms/linux64GccDPInt32Opt/lib/libincompressibleTransportModelsLMFOAM.so(+0x37aa5) [0x7ba907607aa5]
#2	/lib64/ld-linux-x86-64.so.2(+0x571f) [0x7ba90786771f]
#3	/lib64/ld-linux-x86-64.so.2(+0x5824) [0x7ba907867824]
#4	/lib64/ld-linux-x86-64.so.2(+0x1f5a0) [0x7ba9078815a0]
=============
Duplicate entry Casson in runtime table viscosityModel
[stack trace]
=============
#1	platforms/linux64GccDPInt32Opt/lib/libincompressibleTransportModelsLMFOAM.so(+0x379d5) [0x78f541d3f9d5]
#2	/lib64/ld-linux-x86-64.so.2(+0x571f) [0x78f541f9f71f]
#3	/lib64/ld-linux-x86-64.so.2(+0x5824) [0x78f541f9f824]
#4	/lib64/ld-linux-x86-64.so.2(+0x1f5a0) [0x78f541fb95a0]
=============
Duplicate entry HerschelBulkley in runtime table viscosityModel
Duplicate entry Casson in runtime table viscosityModel
[stack trace]
=============
#1	platforms/linux64GccDPInt32Opt/lib/libincompressibleTransportModelsLMFOAM.so(+0x37835) [0x732ee1ddb835]
#2	/lib64/ld-linux-x86-64.so.2(+0x571f) [0x732ee203b71f]
#3	/lib64/ld-linux-x86-64.so.2(+0x5824) [0x732ee203b824]
#4	/lib64/ld-linux-x86-64.so.2(+0x1f5a0) [0x732ee20555a0]
=============
Duplicate entry CrossPowerLaw in runtime table viscosityModel
[stack trace]
=============
#1	platforms/linux64GccDPInt32Opt/lib/libincompressibleTransportModelsLMFOAM.so(+0x37905) [0x732ee1ddb905]
#2	/lib64/ld-linux-x86-64.so.2(+0x571f) [0x732ee203b71f]
#3	/lib64/ld-linux-x86-64.so.2(+0x5824) [0x732ee203b824]
#4	/lib64/ld-linux-x86-64.so.2(+0x1f5a0) [0x732ee20555a0]
=============
Duplicate entry BirdCarreau in runtime table viscosityModel
[stack trace]
=============
#1	platforms/linux64GccDPInt32Opt/lib/libincompressibleTransportModelsLMFOAM.so(+0x37835) [0x7d992a770835]
#2	/lib64/ld-linux-x86-64.so.2(+0x571f) [0x7d992a9d071f]
#3	/lib64/ld-linux-x86-64.so.2(+0x5824) [0x7d992a9d0824]
#4	/lib64/ld-linux-x86-64.so.2(+0x1f5a0) [0x7d992a9ea5a0]
=============
Duplicate entry CrossPowerLaw in runtime table viscosityModel
[stack trace]
=============
#1	platforms/linux64GccDPInt32Opt/lib/libincompressibleTransportModelsLMFOAM.so(+0x37905) [0x7d992a770905]
#2	/lib64/ld-linux-x86-64.so.2(+0x571f) [0x7d992a9d071f]
#3	/lib64/ld-linux-x86-64.so.2(+0x5824) [0x7d992a9d0824]
#4	/lib64/ld-linux-x86-64.so.2(+0x1f5a0) [0x7d992a9ea5a0]
=============
Duplicate entry BirdCarreau in runtime table viscosityModel
[stack trace]
=============
#1	platforms/linux64GccDPInt32Opt/lib/libincompressibleTransportModelsLMFOAM.so(+0x379d5) [0x7d992a7709d5]
#2	/lib64/ld-linux-x86-64.so.2(+0x571f) [0x7d992a9d071f]
#3	/lib64/ld-linux-x86-64.so.2(+0x5824) [0x7d992a9d0824]
#4	/lib64/ld-linux-x86-64.so.2(+0x1f5a0) [0x7d992a9ea5a0]
=============
Duplicate entry HerschelBulkley in runtime table viscosityModel
[stack trace]
=============
#1	platforms/linux64GccDPInt32Opt/lib/libincompressibleTransportModelsLMFOAM.so(+0x37905) [0x7a1065031905]
#2	/lib64/ld-linux-x86-64.so.2(+0x571f) [0x7a106529171f]
#3	/lib64/ld-linux-x86-64.so.2(+0x5824) [0x7a1065291824]
#4	/lib64/ld-linux-x86-64.so.2(+0x1f5a0) [0x7a10652ab5a0]
=============
Duplicate entry BirdCarreau in runtime table viscosityModel
[stack trace]
=============
#1	platforms/linux64GccDPInt32Opt/lib/libincompressibleTransportModelsLMFOAM.so(+0x37905) [0x7e5f6adae905]
#2	/lib64/ld-linux-x86-64.so.2(+0x571f) [0x7e5f6b00e71f]
#3	/lib64/ld-linux-x86-64.so.2(+0x5824) [0x7e5f6b00e824]
#4	/lib64/ld-linux-x86-64.so.2(+0x1f5a0) [0x7e5f6b0285a0]
=============
Duplicate entry BirdCarreau in runtime table viscosityModel
viscosityModel
[stack trace]
=============
#1	platforms/linux64GccDPInt32Opt/lib/libincompressibleTransportModelsLMFOAM.so(+0x379d5) [0x72c2dae4e9d5]
#2	/lib64/ld-linux-x86-64.so.2(+0x571f) [0x72c2db0ae71f][stack trace]
=============
#1	platforms/linux64GccDPInt32Opt/lib/libincompressibleTransportModelsLMFOAM.so(+0x37835) [0x77b0e7bc7835]
#2	/lib64/ld-linux-x86-64.so.2(+0x571f) [0x77b0e7e2771f]
#3	/lib64/ld-linux-x86-64.so.2(+0x5824) [0x77b0e7e27824]
#4	/lib64/ld-linux-x86-64.so.2(+0x1f5a0) [0x77b0e7e415a0]
=============
Duplicate entry CrossPowerLaw in runtime table viscosityModel
[stack trace]
=============
#1	platforms/linux64GccDPInt32Opt/lib/libincompressibleTransportModelsLMFOAM.so(+0x37905) [0x77b0e7bc7905]
#2	/lib64/ld-linux-x86-64.so.2(+0x571f) [0x77b0e7e2771f]
#3	/lib64/ld-linux-x86-64.so.2(+0x5824) [0x77b0e7e27824]
#4	/lib64/ld-linux-x86-64.so.2(+0x1f5a0) [0x77b0e7e415a0]
=============
Duplicate entry BirdCarreau in runtime table viscosityModel
[stack trace]
=============
#1	platforms/linux64GccDPInt32Opt/lib/libincompressibleTransportModelsLMFOAM.so(+0x37835) [0x7dbd49734835]
#2	/lib64/ld-linux-x86-64.so.2(+0x571f) [0x7dbd4999471f]
#3	/lib64/ld-linux-x86-64.so.2(+0x5824) [0x7dbd49994824]
#4	/lib64/ld-linux-x86-64.so.2(+0x1f5a0) [0x7dbd499ae5a0]
=============
Duplicate entry CrossPowerLaw in runtime table viscosityModel
[stack trace]
=============
#1	platforms/linux64GccDPInt32Opt/lib/libincompressibleTransportModelsLMFOAM.so(+0x37905) [0x7dbd49734905]
#2	/lib64/ld-linux-x86-64.so.2(+0x571f) [0x7dbd4999471f]
#3	/lib64/ld-linux-x86-64.so.2(+0x5824) [0x7dbd49994824]
#4	/lib64/ld-linux-x86-64.so.2(+0x1f5a0) [0x7dbd499ae5a0]
=============
Duplicate entry BirdCarreau in runtime table viscosityModel
[stack trace]
=============
#1	platforms/linux64GccDPInt32Opt/lib/libincompressibleTransportModelsLMFOAM.so(+0x379d5) [0x7dbd497349d5]
#2	/lib64/ld-linux-x86-64.so.2(+0x571f) [0x7dbd4999471f]
#3	/lib64/ld-linux-x86-64.so.2(+0x5824) [0x7dbd49994824]
#4	/lib64/ld-linux-x86-64.so.2(+0x1f5a0) [0x7dbd499ae5a0]
=============
Duplicate entry HerschelBulkley in runtime table viscosityModel
[stack trace]
=============
#1	platforms/linux64GccDPInt32Opt/lib/libincompressibleTransportModelsLMFOAM.so(+0x37835) [0x749646ea8835]
#2	/lib64/ld-linux-x86-64.so.2(+0x571f) [0x74964710871f]
#3	/lib64/ld-linux-x86-64.so.2(+0x5824) [0x749647108824]
#4	/lib64/ld-linux-x86-64.so.2(+0x1f5a0) [0x7496471225a0]
=============
Duplicate entry CrossPowerLaw in runtime table viscosityModel
[stack trace]
=============
#1	platforms/linux64GccDPInt32Opt/lib/libincompressibleTransportModelsLMFOAM.so(+0x37905) [0x749646ea8905]
#2	/lib64/ld-linux-x86-64.so.2(+0x571f) [0x74964710871f]
#3	/lib64/ld-linux-x86-64.so.2(+0x5824) [0x749647108824]
#4	/lib64/ld-linux-x86-64.so.2(+0x1f5a0) [0x7496471225a0]
=============
Duplicate entry BirdCarreau in runtime table viscosityModel
[stack trace]
=============
#1	platforms/linux64GccDPInt32Opt/lib/libincompressibleTransportModelsLMFOAM.so(+0x379d5) [0x749646ea89d5]
#2	/lib64/ld-linux-x86-64.so.2(+0x571f) [0x74964710871f]
#3	/lib64/ld-linux-x86-64.so.2(+0x5824) [0x749647108824]
#4	/lib64/ld-linux-x86-64.so.2(+0x1f5a0) [0x7496471225a0]
=============
Duplicate entry HerschelBulkley in runtime table viscosityModel
[stack trace]
=============
#1	platforms/linux64GccDPInt32Opt/lib/libincompressibleTransportModelsLMFOAM.so(+0x37aa5) [0x749646ea8aa5]
#2	/lib64/ld-linux-x86-64.so.2(+0x571f) [0x74964710871f]
#3	/lib64/ld-linux-x86-64.so.2(+0x5824) [0x749647108824]
#4Duplicate entry CrossPowerLaw in runtime table viscosityModel
[stack trace]
=============
#1	platforms/linux64GccDPInt32Opt/lib/libincompressibleTransportModelsLMFOAM.so(+0x37905) [0x70cd1cf84905]
#2	/lib64/ld-linux-x86-64.so.2(+0x571f) [0x70cd1d1e471f]
#3	/lib64/ld-linux-x86-64.so.2(+0x5824) [0x70cd1d1e4824]
#4	/lib64/ld-linux-x86-64.so.2(+0x1f5a0) [0x70cd1d1fe5a0]
=============
Duplicate entry BirdCarreau in runtime table viscosityModel
[stack trace]
=============
#1	platforms/linux64GccDPInt32Opt/lib/libincompressibleTransportModelsLMFOAM.so(+0x379d5) [0x70cd1cf849d5]
#2	/lib64/ld-linux-x86-64.so.2(+0x571f) [0x70cd1d1e471f]
#3	/lib64/ld-linux-x86-64.so.2(+0x5824) [0x70cd1d1e4824]
#4	/lib64/ld-linux-x86-64.so.2(+0x1f5a0) [0x70cd1d1fe5a0]
=============
Duplicate entry HerschelBulkley in runtime table viscosityModel
[stack trace]
=============
#1	platforms/linux64GccDPInt32Opt/lib/libincompressibleTransportModelsLMFOAM.so(+0x37aa5) [0x70cd1cf84aa5]
#2	/lib64/ld-linux-x86-64.so.2(+0x571f) [0x70cd1d1e471f]
#3	/lib64/ld-linux-x86-64.so.2(+0x5824) [0x70cd1d1e4824]
#4	/lib64/ld-linux-x86-64.so.2(+0x1f5a0) [0x70cd1d1fe5a0]
=============
Duplicate entry Casson in runtime table viscosityModel
[stack trace]
=============
#1	platforms/linux64GccDPInt32Opt/lib/libincompressibleTransportModelsLMFOAM.so(+0x37835) [0x7e864b669835]
#2	/lib64/ld-linux-x86-64.so.2(+0x571f) [0x7e864b8c971f]
#3	/lib64/ld-linux-x86-64.so.2(+0x5824) [0x7e864b8c9824]
#4	/lib64/ld-linux-x86-64.so.2(+0x1f5a0) [0x7e864b8e35a0]
=============
Duplicate entry CrossPowerLaw in runtime table viscosityModel
[stack trace]
=============
#1	platforms/linux64GccDPInt32Opt/lib/libincompressibleTransportModelsLMFOAM.so(+0x37905) [0x7e864b669905]
#2	/lib64/ld-linux-x86-64.so.2(+0x571f) [0x7e864b8c971f]
#3	/lib64/ld-linux-x86-64.so.2(+0x5824) [0x7e864b8c9824]
#4	/lib64/ld-linux-x86-64.so.2(+0x1f5a0) [0x7e864b8e35a0]
=============
Duplicate entry BirdCarreau in runtime table viscosityModel
[stack trace]
=============
#1	platforms/linux64GccDPInt32Opt/lib/libincompressibleTransportModelsLMFOAM.so(+0x379d5) [0x7e864b6699d5]
#2	/lib64/ld-linux-x86-64.so.2(+0x571f) [0x7e864b8c971f]
#3	/lib64/ld-linux-x86-64.so.2(+0x5824) [0x7e864b8c9824]
#4	/lib64/ld-linux-x86-64.so.2(+0x1f5a0) [0x7e864b8e35a0]
=============
Duplicate entry HerschelBulkley in runtime table viscosityModel
[stack trace]
=============
#1	platforms/linux64GccDPInt32Opt/lib/libincompressibleTransportModelsLMFOAM.so(+0x37905) [0x7e02ecaba905]
#2	/lib64/ld-linux-x86-64.so.2(+0x571f) [0x7e02ecd1a71f]
#3	/lib64/ld-linux-x86-64.so.2(+0x5824) [0x7e02ecd1a824]
#4	/lib64/ld-linux-x86-64.so.2(+0x1f5a0) [0x7e02ecd345a0]
=============
Duplicate entry BirdCarreau in runtime table viscosityModel
[stack trace]
=============
#1	platforms/linux64GccDPInt32Opt/lib/libincompressibleTransportModelsLMFOAM.so(+0x379d5) [0x7e02ecaba9d5]
#2	/lib64/ld-linux-x86-64.so.2(+0x571f) [0x7e02ecd1a71f]
#3	/lib64/ld-linux-x86-64.so.2(+0x5824) [0x7e02ecd1a824]
#4	/lib64/ld-linux-x86-64.so.2(+0x1f5a0) [0x7e02ecd345a0]
=============
Duplicate entry HerschelBulkley in runtime table viscosityModel
[stack trace]
=============
#1	platforms/linux64GccDPInt32Opt/lib/libincompressibleTransportModelsLMFOAM.so(+0x37aa5) [0x7e02ecabaaa5]
#2	/lib64/ld-linux-x86-64.so.2(+0x571f) [0x7e02ecd1a71f]
#3	/lib64/ld-linux-x86-64.so.2(+0x5824) [0x7e02ecd1a824]
#4	/lib64/ld-linux-x86-64.so.2(+0x1f5a0) [0x7e02ecd345a0]
=============
Duplicate entry Casson in runtime table viscosityModel
[stack trace]
=============
#1	platforms/linux64GccDPInt32Opt/lib/libincompressibleTransportModelsLMFOAM.so(+0x37b75) [0x7e02ecabab75]
#2	/lib64/ld-linux-x86-64.so.2(+0x571f) [0x7e02ecd1a71f]
#3	/lib64/ld-linux-x86-64.so.2(+0x5824) [0x7e02ecd1a824]
#4	/lib64/ld-linux-x86-64.so.2(+0x1f5a0) [0x7e02ecd345a0]
=============
Duplicate entry strainRateFunction in runtime table viscosityModel
[stack trace]
=============
#1	platforms/linux64GccDPInt32Opt/lib/libincompressibleTransportModelsLMFOAM.so(+0x37835) [0x76c14cf12835]
#2	/lib64/ld-linux-x86-64.so.2(+0x571f) [0x76c14d17271f]
#3	/lib64/ld-linux-x86-64.so.2(+0x5824) [0x76c14d172824]
#4	/lib64/ld-linux-x86-64.so.2(+0x1f5a0) [0x76c14d18c5a0]
=============
Duplicate entry CrossPowerLaw in runtime table viscosityModel
[stack trace]
=============
#1	platforms/linux64GccDPInt32Opt/lib/libincompressibleTransportModelsLMFOAM.so(+0x37905) [0x76c14cf12905]
#2	/lib64/ld-linux-x86-64.so.2(+0x571f) [0x76c14d17271f]
#3	/lib64/ld-linux-x86-64.so.2(+0x5824) [0x76c14d172824]
#4	/lib64/ld-linux-x86-64.so.2(+0x1f5a0) [0x76c14d18c5a0]
=============
Duplicate entry BirdCarreau in runtime table viscosityModel
[stack trace]
=============
#1	[stack trace]
=============
#1	platforms/linux64GccDPInt32Opt/lib/libincompressibleTransportModelsLMFOAM.so(+0x37835) [0x70f04cd8c835]
#2	/lib64/ld-linux-x86-64.so.2(+0x571f) [0x70f04cfec71f]
#3	/lib64/ld-linux-x86-64.so.2(+0x5824) [0x70f04cfec824]
#4	/lib64/ld-linux-x86-64.so.2(+0x1f5a0) [0x70f04d0065a0]
=============
Duplicate entry CrossPowerLaw in runtime table viscosityModel
[stack trace]
=============
#1	platforms/linux64GccDPInt32Opt/lib/libincompressibleTransportModelsLMFOAM.so(+0x37905) [0x70f04cd8c905]
#2	/lib64/ld-linux-x86-64.so.2(+0x571f) [0x70f04cfec71f]
#3	/lib64/ld-linux-x86-64.so.2(+0x5824) [0x70f04cfec824]
#4	/lib64/ld-linux-x86-64.so.2(+0x1f5a0) [0x70f04d0065a0]
=============
Duplicate entry BirdCarreau in runtime table viscosityModel
[stack trace]
=============
#1	platforms/linux64GccDPInt32Opt/lib/libincompressibleTransportModelsLMFOAM.so(+0x379d5) [0x70f04cd8c9d5]
#2	/lib64/ld-linux-x86-64.so.2(+0x571f) [0x70f04cfec71f]
#3	/lib64/ld-linux-x86-64.so.2(+0x5824) [0x70f04cfec824]
#4	/lib64/ld-linux-x86-64.so.2(+0x1f5a0) [0x70f04d0065a0]
=============
Duplicate entry HerschelBulkley in runtime table viscosityModel
[stack trace]
[stack trace]
=============
#1	platforms/linux64GccDPInt32Opt/lib/libincompressibleTransportModelsLMFOAM.so(+0x379d5) [0x710465f4d9d5]
#2	/lib64/ld-linux-x86-64.so.2(+0x571f) [0x7104661ad71f]
#3	/lib64/ld-linux-x86-64.so.2(+0x5824) [0x7104661ad824]
#4	/lib64/ld-linux-x86-64.so.2(+0x1f5a0) [0x7104661c75a0]
=============
Duplicate entry HerschelBulkley in runtime table viscosityModel
[stack trace]
=============
#1	platforms/linux64GccDPInt32Opt/lib/libincompressibleTransportModelsLMFOAM.so(+0x37aa5) [0x710465f4daa5]
#2	/lib64/ld-linux-x86-64.so.2(+0x571f) [0x7104661ad71f]
#3	/lib64/ld-linux-x86-64.so.2(+0x5824) [0x7104661ad824]
#4	/lib64/ld-linux-x86-64.so.2(+0x1f5a0) [0x7104661c75a0]
=============
Duplicate entry Casson in runtime table viscosityModel
[stack trace]
=============
#1	platforms/linux64GccDPInt32Opt/lib/libincompressibleTransportModelsLMFOAM.so(+0x37b75) [0x710465f4db75]
#2	/lib64/ld-linux-x86-64.so.2(+0x571f) [0x7104661ad71f]
#3	/lib64/ld-linux-x86-64.so.2(+0x5824) [0x7104661ad824]
#4	/lib64/ld-linux-x86-64.so.2(+0x1f5a0) [0x7104661c75a0]
=============
Duplicate entry strainRateFunction in runtime table viscosityModel
[stack trace]
=============
#1	platforms/linux64GccDPInt32Opt/lib/libincompressibleTransportModelsLMFOAM.so(+0x37c45) [0x710465f4dc45]
#2	/lib64/ld-linux-x86-64.so.2(+0x571f) [0x7104661ad71f]
#3	/lib64/ld-linux-x86-64.so.2(+0x5824) [0x7104661ad824]
#4	/lib64/ld-linux-x86-64.so.2(+0x1f5a0) [0x7104661c75a0]
=============
Duplicate entry ArrheniusBirdCarreau in runtime table viscosityModel
[stack trace]
=============
#1	platforms/linux64GccDPInt32Opt/lib/libincompressibleTransportModelsLMFOAM.so(+0x37835) [0x7c82cfed3835]
#2	/lib64/ld-linux-x86-64.so.2(+0x571f) [0x7c82d013371f]
#3	/lib64/ld-linux-x86-64.so.2(+0x5824) [0x7c82d0133824]
#4	/lib64/ld-linux-x86-64.so.2(+0x1f5a0) [0x7c82d014d5a0]
=============
Duplicate entry CrossPowerLaw in runtime table viscosityModel
[stack trace]
=============
#1	platforms/linux64GccDPInt32Opt/lib/libincompressibleTransportModelsLMFOAM.so(+0x37905) [0x7c82cfed3905]
#2	/lib64/ld-linux-x86-64.so.2(+0x571f) [0x7c82d013371f]
#3	/lib64/ld-linux-x86-64.so.2(+0x5824) [0x7c82d0133824]
#4	/lib64/ld-linux-x86-64.so.2(+0x1f5a0) [0x7c82d014d5a0]
=============
Duplicate entry BirdCarreau in runtime table viscosityModel
[stack trace]
=============
#1	platforms/linux64GccDPInt32Opt/lib/libincompressibleTransportModelsLMFOAM.so(+0x379d5) [0x7c82cfed39d5]
#2	/lib64/ld-linux-x86-64.so.2(+0x571f) [0x7c82d013371f]
#3	/lib64/ld-linux-x86-64.so.2(+0x5824) [0x7c82d0133824]
#4	/lib64/ld-linux-x86-64.so.2(+0x1f5a0) [0x7c82d014d5a0]
=============
Duplicate entry HerschelBulkley in runtime table viscosityModel
[stack trace]
=============
#1	platforms/linux64GccDPInt32Opt/lib/libincompressibleTransportModelsLMFOAM.so(+0x37aa5) [0x7c82cfed3aa5]
#2	/lib64/ld-linux-x86-64.so.2(+0x571f) [0x7c82d013371f][stack trace]
=============
#1	platforms/linux64GccDPInt32Opt/lib/libincompressibleTransportModelsLMFOAM.so(+0x37835) [0x743e3b156835]
#2	/lib64/ld-linux-x86-64.so.2(+0x571f) [0x743e3b3b671f]
#3	/lib64/ld-linux-x86-64.so.2(+0x5824) [0x743e3b3b6824]
#4	/lib64/ld-linux-x86-64.so.2(+0x1f5a0) [0x743e3b3d05a0]
=============
Duplicate entry CrossPowerLaw in runtime table viscosityModel
[stack trace]
=============
#1	platforms/linux64GccDPInt32Opt/lib/libincompressibleTransportModelsLMFOAM.so(+0x37905) [0x743e3b156905]
#2	/lib64/ld-linux-x86-64.so.2(+0x571f) [0x743e3b3b671f]
#3	/lib64/ld-linux-x86-64.so.2(+0x5824) [0x743e3b3b6824]
#4	/lib64/ld-linux-x86-64.so.2(+0x1f5a0) [0x743e3b3d05a0]
=============
Duplicate entry BirdCarreau in runtime table viscosityModel
[stack trace]
=============
#1	platforms/linux64GccDPInt32Opt/lib/libincompressibleTransportModelsLMFOAM.so(+0x379d5) [0x743e3b1569d5]
#2	/lib64/ld-linux-x86-64.so.2(+0x571f) [0x743e3b3b671f]
#3	/lib64/ld-linux-x86-64.so.2(+0x5824) [0x743e3b3b6824]
#4	/lib64/ld-linux-x86-64.so.2(+0x1f5a0) [0x743e3b3d05a0]
=============
Duplicate entry HerschelBulkley in runtime table viscosityModel
[stack trace]
=============
#1	platforms/linux64GccDPInt32Opt/lib/libincompressibleTransportModelsLMFOAM.so(+0x37905) [0x770193e46905]
#2	/lib64/ld-linux-x86-64.so.2(+0x571f) [0x7701940a671f]
#3	/lib64/ld-linux-x86-64.so.2(+0x5824) [0x7701940a6824]
#4	/lib64/ld-linux-x86-64.so.2(+0x1f5a0) [0x7701940c05a0]
=============
Duplicate entry BirdCarreau in runtime table viscosityModel
[stack trace]
=============
#1	platforms/linux64GccDPInt32Opt/lib/libincompressibleTransportModelsLMFOAM.so(+0x379d5) [0x770193e469d5]
#2	/lib64/ld-linux-x86-64.so.2(+0x571f) [0x7701940a671f]
#3	/lib64/ld-linux-x86-64.so.2(+0x5824) [0x7701940a6824]
#4	/lib64/ld-linux-x86-64.so.2(+0x1f5a0) [0x7701940c05a0]
=============
Duplicate entry HerschelBulkley in runtime table viscosityModel
[stack trace]
=============
#1	platforms/linux64GccDPInt32Opt/lib/libincompressibleTransportModelsLMFOAM.so(+0x37aa5) [0x770193e46aa5]
#2	/lib64/ld-linux-x86-64.so.2(+0x571f) [0x7701940a671f]
#3	/lib64/ld-linux-x86-64.so.2(+0x5824) [0x7701940a6824]
#4	/lib64/ld-linux-x86-64.so.2(+0x1f5a0) [0x7701940c05a0]
=============
Duplicate entry Casson in runtime table viscosityModel
[stack trace]
=============
#1	platforms/linux64GccDPInt32Opt/lib/libincompressibleTransportModelsLMFOAM.so(+0x37b75) [0x770193e46b75]
#2	/lib64/ld-linux-x86-64.so.2(+0x571f) [0x7701940a671f]
#3	/lib64/ld-linux-x86-64.so.2(+0x5824) [0x7701940a6824]
#4	/lib64/ld-linux-x86-64.so.2(+0x1f5a0) [0x7701940c05a0]
=============
Duplicate entry strainRateFunction in runtime table viscosityModel
[stack trace]
=============
#1	platforms/linux64GccDPInt32Opt/lib/libincompressibleTransportModelsLMFOAM.so(+0x37835) [0x72f64d79b835]
#2	/lib64/ld-linux-x86-64.so.2(+0x571f) [0x72f64d9fb71f]
#3	/lib64/ld-linux-x86-64.so.2(+0x5824) [0x72f64d9fb824]
#4	/lib64/ld-linux-x86-64.so.2(+0x1f5a0) [0x72f64da155a0]
=============
Duplicate entry CrossPowerLaw in runtime table viscosityModel
[stack trace]
=============
#1	platforms/linux64GccDPInt32Opt/lib/libincompressibleTransportModelsLMFOAM.so(+0x37905) [0x72f64d79b905]
#2	/lib64/ld-linux-x86-64.so.2(+0x571f) [0x72f64d9fb71f]
#3	/lib64/ld-linux-x86-64.so.2(+0x5824) [0x72f64d9fb824]
#4	/lib64/ld-linux-x86-64.so.2(+0x1f5a0) [0x72f64da155a0]
=============
Duplicate entry BirdCarreau in runtime table viscosityModel
[stack trace]
=============
#1	platforms/linux64GccDPInt32Opt/lib/libincompressibleTransportModelsLMFOAM.so(+0x379d5) [0x72f64d79b9d5]
#2	/lib64/ld-linux-x86-64.so.2(+0x571f) [0x72f64d9fb71f]
#3	/lib64/ld-linux-x86-64.so.2(+0x5824) [0x72f64d9fb824]
#4	/lib64/ld-linux-x86-64.so.2(+0x1f5a0) [0x72f64da155a0]
=============
Duplicate entry HerschelBulkley in runtime table viscosityModel
[stack trace]
=============
#1	platforms/linux64GccDPInt32Opt/lib/libincompressibleTransportModelsLMFOAM.so(+0x37905) [0x757c9e71c905]
#2	/lib64/ld-linux-x86-64.so.2(+0x571f) [0x757c9e97c71f]
#3	/lib64/ld-linux-x86-64.so.2(+0x5824) [0x757c9e97c824]
#4	/lib64/ld-linux-x86-64.so.2(+0x1f5a0) [0x757c9e9965a0]
=============
Duplicate entry BirdCarreau in runtime table viscosityModel
[stack trace]
=============
#1	platforms/linux64GccDPInt32Opt/lib/libincompressibleTransportModelsLMFOAM.so(+0x379d5) [0x757c9e71c9d5]
#2	/lib64/ld-linux-x86-64.so.2(+0x571f) [0x757c9e97c71f]
#3	/lib64/ld-linux-x86-64.so.2(+0x5824) [0x757c9e97c824]
#4	/lib64/ld-linux-x86-64.so.2(+0x1f5a0) [0x757c9e9965a0]
=============
Duplicate entry HerschelBulkley in runtime table viscosityModel
[stack trace]
=============
#1	platforms/linux64GccDPInt32Opt/lib/libincompressibleTransportModelsLMFOAM.so(+0x37aa5) [0x757c9e71caa5]
#2	/lib64/ld-linux-x86-64.so.2(+0x571f) [0x757c9e97c71f]
#3	/lib64/ld-linux-x86-64.so.2(+0x5824) [0x757c9e97c824]
#4	/lib64/ld-linux-x86-64.so.2(+0x1f5a0) [0x757c9e9965a0]
=============
Duplicate entry Casson in runtime table viscosityModel
[stack trace]
=============
#1	platforms/linux64GccDPInt32Opt/lib/libincompressibleTransportModelsLMFOAM.so(+0x37b75) [0x757c9e71cb75]
#2	/lib64/ld-linux-x86-64.so.2(+0x571f) [0x757c9e97c71f]
#3	/lib64/ld-linux-x86-64.so.2(+0x5824) [0x757c9e97c824]
#4	/lib64/ld-linux-x86-64.so.2(+0x1f5a0) [0x757c9e9965a0]
=============
Duplicate entry strainRateFunction in runtime table viscosityModel
[stack trace]
=============
#1	platforms/linux64GccDPInt32Opt/lib/libincompressibleTransportModelsLMFOAM.so(+0x37c45) [0x757c9e71cc45]
#2	/lib64/ld-linux-x86-64.so.2(+0x571f) [0x757c9e97c71f]
#3	/lib64/ld-linux-x86-64.so.2(+0x5824) [0x757c9e97c824]
#4	/lib64/ld-linux-x86-64.so.2(+0x1f5a0) [0x757c9e9965a0]
=============
Duplicate entry ArrheniusBirdCarreau in runtime table viscosityModel
[stack trace]
=============
#1	platforms/linux64GccDPInt32Opt/lib/libincompressibleTransportModelsLMFOAM.so(+0x379d5) [0x7f5a967129d5]
#2	/lib64/ld-linux-x86-64.so.2(+0x571f) [0x7f5a9697271f]
#3	/lib64/ld-linux-x86-64.so.2(+0x5824) [0x7f5a96972824]
#4	/lib64/ld-linux-x86-64.so.2(+0x1f5a0) [0x7f5a9698c5a0]
=============
Duplicate entry HerschelBulkley in runtime table viscosityModel
[stack trace]
=============
#1	platforms/linux64GccDPInt32Opt/lib/libincompressibleTransportModelsLMFOAM.so(+0x37aa5) [0x7f5a96712aa5]
#2	/lib64/ld-linux-x86-64.so.2(+0x571f) [0x7f5a9697271f]
#3	/lib64/ld-linux-x86-64.so.2(+0x5824) [0x7f5a96972824]
#4	/lib64/ld-linux-x86-64.so.2(+0x1f5a0) [0x7f5a9698c5a0]
=============
Duplicate entry Casson in runtime table viscosityModel
[stack trace]
=============
#1	platforms/linux64GccDPInt32Opt/lib/libincompressibleTransportModelsLMFOAM.so(+0x37b75) [0x7f5a96712b75]
#2	/lib64/ld-linux-x86-64.so.2(+0x571f) [0x7f5a9697271f]
#3	/lib64/ld-linux-x86-64.so.2(+0x5824) [0x7f5a96972824]
#4	/lib64/ld-linux-x86-64.so.2(+0x1f5a0) [0x7f5a9698c5a0]
=============
Duplicate entry strainRateFunction in runtime table viscosityModel
[stack trace]
=============
#1	platforms/linux64GccDPInt32Opt/lib/libincompressibleTransportModelsLMFOAM.so(+0x37835) [0x7792406bb835]
#2	/lib64/ld-linux-x86-64.so.2(+0x571f) [0x77924091b71f]
#3	/lib64/ld-linux-x86-64.so.2(+0x5824) [0x77924091b824]
#4	/lib64/ld-linux-x86-64.so.2(+0x1f5a0) [0x7792409355a0]
=============
Duplicate entry CrossPowerLaw in runtime table viscosityModel
[stack trace]
=============
#1	platforms/linux64GccDPInt32Opt/lib/libincompressibleTransportModelsLMFOAM.so(+0x37905) [0x7792406bb905]
#2	/lib64/ld-linux-x86-64.so.2(+0x571f) [0x77924091b71f]
#3	/lib64/ld-linux-x86-64.so.2(+0x5824) [0x77924091b824]
#4	/lib64/ld-linux-x86-64.so.2(+0x1f5a0) [0x7792409355a0]
=============
Duplicate entry BirdCarreau in runtime table viscosityModel
[stack trace]
=============
#1	platforms/linux64GccDPInt32Opt/lib/libincompressibleTransportModelsLMFOAM.so(+0x379d5) [0x7792406bb9d5]
#2	/lib64/ld-linux-x86-64.so.2(+0x571f) [0x77924091b71f]
#3	/lib64/ld-linux-x86-64.so.2(+0x5824) [0x77924091b824]
#4	/lib64/ld-linux-x86-64.so.2(+0x1f5a0) [0x7792409355a0]
=============
Duplicate entry HerschelBulkley in runtime table viscosityModel
[stack trace]
=============
#1	platforms/linux64GccDPInt32Opt/lib/libincompressibleTransportModelsLMFOAM.so(+0x37aa5) [0x7792406bbaa5]
#2	/lib64/ld-linux-x86-64.so.2(+0x571f) [0x77924091b71f]
#3	/lib64/ld-linux-x86-64.so.2(+0x5824) [0x77924091b824]
#4	/lib64/ld-linux-x86-64.so.2(+0x1f5a0) [0x7792409355a0]
=============
Duplicate entry Casson in runtime table viscosityModel
[stack trace]
=============
#1	platforms/linux64GccDPInt32Opt/lib/libincompressibleTransportModelsLMFOAM.so(+0x37b75) [0x7792406bbb75]
#2	/lib64/ld-linux-x86-64.so.2(+0x571f) [0x77924091b71f]
#3	/lib64/ld-linux-x86-64.so.2(+0x5824) [0x77924091b824]
#4	/lib64/ld-linux-x86-64.so.2(+0x1f5a0) [0x7792409355a0]
=============
Duplicate entry strainRateFunction in runtime table viscosityModel

[stack trace]
=============
#1	platforms/linux64GccDPInt32Opt/lib/libincompressibleTransportModelsLMFOAM.so(+0x37905) [0x70d7b0493905]
#2	/lib64/ld-linux-x86-64.so.2(+0x571f) [0x70d7b06f371f]
#3	/lib64/ld-linux-x86-64.so.2(+0x5824) [0x70d7b06f3824]
#4	/lib64/ld-linux-x86-64.so.2(+0x1f5a0) [0x70d7b070d5a0]
=============
Duplicate entry BirdCarreau in runtime table viscosityModel
[stack trace]
=============
#1	platforms/linux64GccDPInt32Opt/lib/libincompressibleTransportModelsLMFOAM.so(+0x379d5) [0x70d7b04939d5]
#2	/lib64/ld-linux-x86-64.so.2(+0x571f) [0x70d7b06f371f]
#3	/lib64/ld-linux-x86-64.so.2(+0x5824) [0x70d7b06f3824]
#4	/lib64/ld-linux-x86-64.so.2(+0x1f5a0) [0x70d7b070d5a0]
=============
Duplicate entry HerschelBulkley in runtime table viscosityModel
[stack trace]
=============
#1	platforms/linux64GccDPInt32Opt/lib/libincompressibleTransportModelsLMFOAM.so(+0x37aa5) [0x70d7b0493aa5]
#2	/lib64/ld-linux-x86-64.so.2(+0x571f) [0x70d7b06f371f]
#3	/lib64/ld-linux-x86-64.so.2(+0x5824) [0x70d7b06f3824]
#4	/lib64/ld-linux-x86-64.so.2(+0x1f5a0) [0x70d7b070d5a0]
=============
Duplicate entry Casson in runtime table viscosityModel
[stack trace]
=============
#1	platforms/linux64GccDPInt32Opt/lib/libincompressibleTransportModelsLMFOAM.so(+0x37905) [0x7c24fc944905]
#2	/lib64/ld-linux-x86-64.so.2(+0x571f) [0x7c24fcba471f]
#3	/lib64/ld-linux-x86-64.so.2(+0x5824) [0x7c24fcba4824]
#4	/lib64/ld-linux-x86-64.so.2(+0x1f5a0) [0x7c24fcbbe5a0]
=============
Duplicate entry BirdCarreau in runtime table viscosityModel
[stack trace]
=============
#1	platforms/linux64GccDPInt32Opt/lib/libincompressibleTransportModelsLMFOAM.so(+0x379d5) [0x7c24fc9449d5]
#2	/lib64/ld-linux-x86-64.so.2(+0x571f) [0x7c24fcba471f]
#3	/lib64/ld-linux-x86-64.so.2(+0x5824) [0x7c24fcba4824]
#4	/lib64/ld-linux-x86-64.so.2(+0x1f5a0) [0x7c24fcbbe5a0]
=============
Duplicate entry HerschelBulkley in runtime table viscosityModel
[stack trace]
=============
#1	platforms/linux64GccDPInt32Opt/lib/libincompressibleTransportModelsLMFOAM.so(+0x37aa5) [0x7c24fc944aa5]
#2	/lib64/ld-linux-x86-64.so.2(+0x571f) [0x7c24fcba471f]
#3	/lib64/ld-linux-x86-64.so.2(+0x5824) [0x7c24fcba4824]
#4	/lib64/ld-linux-x86-64.so.2(+0x1f5a0) [0x7c24fcbbe5a0]
=============
Duplicate entry Casson in runtime table viscosityModel
[stack trace]
=============
#1	platforms/linux64GccDPInt32Opt/lib/libincompressibleTransportModelsLMFOAM.so(+0x37b75) [0x7c24fc944b75]
#2	/lib64/ld-linux-x86-64.so.2(+0x571f) [0x7c24fcba471f]
#3	/lib64/ld-linux-x86-64.so.2(+0x5824) [0x7c24fcba4824]
#4	/lib64/ld-linux-x86-64.so.2(+0x1f5a0) [0x7c24fcbbe5a0]
=============
Duplicate entry strainRateFunction in runtime table viscosityModel
[stack trace]
=============
#1	platforms/linux64GccDPInt32Opt/lib/libincompressibleTransportModelsLMFOAM.so(+0x37c45) [0x7c24fc944c45]
#2	/lib64/ld-linux-x86-64.so.2(+0x571f) [0x7c24fcba471f]
#3	/lib64/ld-linux-x86-64.so.2(+0x5824) [0x7c24fcba4824]
#4	/lib64/ld-linux-x86-64.so.2(+0x1f5a0) [0x7c24fcbbe5a0]
=============
Duplicate entry ArrheniusBirdCarreau in runtime table viscosityModel

#4	/lib64/ld-linux-x86-64.so.2(+0x1f5a0) [0x707bb76745a0]
=============
Duplicate entry CrossPowerLaw in runtime table viscosityModel
[stack trace]
=============
#1	platforms/linux64GccDPInt32Opt/lib/libincompressibleTransportModelsLMFOAM.so(+0x37905) [0x707bb73fa905]
#2	/lib64/ld-linux-x86-64.so.2(+0x571f) [0x707bb765a71f]
#3	/lib64/ld-linux-x86-64.so.2(+0x5824) [0x707bb765a824]
#4	/lib64/ld-linux-x86-64.so.2(+0x1f5a0) [0x707bb76745a0]
=============
Duplicate entry BirdCarreau in runtime table viscosityModel
[stack trace]
=============
#1	platforms/linux64GccDPInt32Opt/lib/libincompressibleTransportModelsLMFOAM.so(+0x379d5) [0x707bb73fa9d5]
#2	/lib64/ld-linux-x86-64.so.2(+0x571f) [0x707bb765a71f]
#3	/lib64/ld-linux-x86-64.so.2(+0x5824) [0x707bb765a824]
#4	/lib64/ld-linux-x86-64.so.2(+0x1f5a0) [0x707bb76745a0]
=============
Duplicate entry HerschelBulkley in runtime table viscosityModel
[stack trace]
=============
#1	platforms/linux64GccDPInt32Opt/lib/libincompressibleTransportModelsLMFOAM.so(+0x37aa5) [0x707bb73faaa5]
#2	/lib64/ld-linux-x86-64.so.2(+0x571f) [0x707bb765a71f]
#3	/lib64/ld-linux-x86-64.so.2(+0x5824) [0x707bb765a824]
#4	/lib64/ld-linux-x86-64.so.2(+0x1f5a0) [0x707bb76745a0]
=============
Duplicate entry Casson in runtime table viscosityModel
[stack trace]
=============
#1	platforms/linux64GccDPInt32Opt/lib/libincompressibleTransportModelsLMFOAM.so(+0x37b75) [0x707bb73fab75]
#2	/lib64/ld-linux-x86-64.so.2(+0x571f) [0x707bb765a71f]
#3	/lib64/ld-linux-x86-64.so.2(+0x5824) [0x707bb765a824]
#4	/lib64/ld-linux-x86-64.so.2(+0x1f5a0) [0x707bb76745a0]
=============
[stack trace]
=============
#1	platforms/linux64GccDPInt32Opt/lib/libincompressibleTransportModelsLMFOAM.so(+0x37835) [0x7d1761f8b835]
#2	/lib64/ld-linux-x86-64.so.2(+0x571f) [0x7d17621eb71f]
#3	/lib64/ld-linux-x86-64.so.2(+0x5824) [0x7d17621eb824]
#4	/lib64/ld-linux-x86-64.so.2(+0x1f5a0) [0x7d17622055a0]
=============
Duplicate entry CrossPowerLaw in runtime table viscosityModel
[stack trace]
=============
#1	platforms/linux64GccDPInt32Opt/lib/libincompressibleTransportModelsLMFOAM.so(+0x37905) [0x7d1761f8b905]
#2	/lib64/ld-linux-x86-64.so.2(+0x571f) [0x7d17621eb71f]
#3	/lib64/ld-linux-x86-64.so.2(+0x5824) [0x7d17621eb824]
#4	/lib64/ld-linux-x86-64.so.2(+0x1f5a0) [0x7d17622055a0]
=============
Duplicate entry BirdCarreau in runtime table viscosityModel
[stack trace]
=============
#1	platforms/linux64GccDPInt32Opt/lib/libincompressibleTransportModelsLMFOAM.so(+0x379d5) [0x7d1761f8b9d5]
#2	/lib64/ld-linux-x86-64.so.2(+0x571f) [0x7d17621eb71f]
#3	/lib64/ld-linux-x86-64.so.2(+0x5824) [0x7d17621eb824]
#4	/lib64/ld-linux-x86-64.so.2(+0x1f5a0) [0x7d17622055a0]
=============
Duplicate entry HerschelBulkley in runtime table viscosityModel
[stack trace]
=============
#1	platforms/linux64GccDPInt32Opt/lib/libincompressibleTransportModelsLMFOAM.so(+0x37aa5) [0x7d1761f8baa5]
#2	/lib64/ld-linux-x86-64.so.2(+0x571f) [0x7d17621eb71f]
#3	/lib64/ld-linux-x86-64.so.2(+0x5824) [0x7d17621eb824]
#4	/lib64/ld-linux-x86-64.so.2(+0x1f5a0) [0x7d17622055a0]
=============
Duplicate entry Casson in runtime table viscosityModel
[stack trace]
=============
#1	platforms/linux64GccDPInt32Opt/lib/libincompressibleTransportModelsLMFOAM.so(+0x37b75) [0x7d1761f8bb75]
#2	/lib64/ld-linux-x86-64.so.2(+0x571f) [0x7d17621eb71f]
#3	/lib64/ld-linux-x86-64.so.2(+0x5824) [0x7d17621eb824]
#4	/lib64/ld-linux-x86-64.so.2(+0x1f5a0) [0x7d17622055a0]
=============
Duplicate entry strainRateFunction in runtime table viscosityModel
[stack trace]
=============
#1	platforms/linux64GccDPInt32Opt/lib/libincompressibleTransportModelsLMFOAM.so(+0x37c45) [0x7d1761f8bc45]
#2	/lib64/ld-linux-x86-64.so.2(+0x571f) [0x7d17621eb71f]
#3	/lib64/ld-linux-x86-64.so.2(+0x5824) [0x7d17621eb824]
#4	/lib64/ld-linux-x86-64.so.2(+0x1f5a0) [0x7d17622055a0]
=============
Duplicate entry ArrheniusBirdCarreau in runtime table viscosityModel
[stack trace]
=============
#1	platforms/linux64GccDPInt32Opt/lib/libincompressibleTransportModelsLMFOAM.so(+0x37aa5) [0x7da03ad98aa5]
#2	/lib64/ld-linux-x86-64.so.2(+0x571f) [0x7da03aff871f]
#3	/lib64/ld-linux-x86-64.so.2(+0x5824) [0x7da03aff8824]
#4	/lib64/ld-linux-x86-64.so.2(+0x1f5a0) [0x7da03b0125a0]
=============
Duplicate entry Casson in runtime table viscosityModel
[stack trace]
=============
#1	platforms/linux64GccDPInt32Opt/lib/libincompressibleTransportModelsLMFOAM.so(+0x37b75) [0x7da03ad98b75]
#2	/lib64/ld-linux-x86-64.so.2(+0x571f) [0x7da03aff871f]
#3	/lib64/ld-linux-x86-64.so.2(+0x5824) [0x7da03aff8824]
#4	/lib64/ld-linux-x86-64.so.2(+0x1f5a0) [0x7da03b0125a0]
=============
Duplicate entry strainRateFunction in runtime table viscosityModel
[stack trace]
=============
#1	platforms/linux64GccDPInt32Opt/lib/libincompressibleTransportModelsLMFOAM.so(+0x37c45) [0x7da03ad98c45]
#2	/lib64/ld-linux-x86-64.so.2(+0x571f) [0x7da03aff871f]
#3	/lib64/ld-linux-x86-64.so.2(+0x5824) [0x7da03aff8824]
#4	/lib64/ld-linux-x86-64.so.2(+0x1f5a0) [0x7da03b0125a0]
=============
Duplicate entry ArrheniusBirdCarreau in runtime table viscosityModel
[stack trace]
=============
#1	platforms/linux64GccDPInt32Opt/lib/libincompressibleTransportModelsLMFOAM.so(+0x37905) [0x773f3927e905]
#2	/lib64/ld-linux-x86-64.so.2(+0x571f) [0x773f394de71f]
#3	/lib64/ld-linux-x86-64.so.2(+0x5824) [0x773f394de824]
#4	/lib64/ld-linux-x86-64.so.2(+0x1f5a0) [0x773f394f85a0]
=============
Duplicate entry BirdCarreau in runtime table viscosityModel
[stack trace]
=============
#1	platforms/linux64GccDPInt32Opt/lib/libincompressibleTransportModelsLMFOAM.so(+0x379d5) [0x773f3927e9d5]
#2	/lib64/ld-linux-x86-64.so.2(+0x571f) [0x773f394de71f]
#3	/lib64/ld-linux-x86-64.so.2(+0x5824) [0x773f394de824]
#4	/lib64/ld-linux-x86-64.so.2(+0x1f5a0) [0x773f394f85a0]
=============
Duplicate entry HerschelBulkley in runtime table viscosityModel
[stack trace]
=============
#1	platforms/linux64GccDPInt32Opt/lib/libincompressibleTransportModelsLMFOAM.so(+0x37aa5) [0x773f3927eaa5]
#2	/lib64/ld-linux-x86-64.so.2(+0x571f) [0x773f394de71f]
#3	/lib64/ld-linux-x86-64.so.2(+0x5824) [0x773f394de824]
#4	/lib64/ld-linux-x86-64.so.2(+0x1f5a0) [0x773f394f85a0]
=============
Duplicate entry Casson in runtime table viscosityModel
[stack trace]
=============
#1	platforms/linux64GccDPInt32Opt/lib/libincompressibleTransportModelsLMFOAM.so(+0x37b75) [0x773f3927eb75]
#2	/lib64/ld-linux-x86-64.so.2(+0x571f) [0x773f394de71f]
#3	/lib64/ld-linux-x86-64.so.2(+0x5824) [0x773f394de824]
#4	/lib64/ld-linux-x86-64.so.2(+0x1f5a0) [0x773f394f85a0]
=============
Duplicate entry strainRateFunction in runtime table viscosityModel
[stack trace]
=============
#1	platforms/linux64GccDPInt32Opt/lib/libincompressibleTransportModelsLMFOAM.so(+0x37c45) [0x773f3927ec45]
#2	/lib64/ld-linux-x86-64.so.2(+0x571f) [0x773f394de71f]
#3	/lib64/ld-linux-x86-64.so.2(+0x5824) [0x773f394de824]
#4	/lib64/ld-linux-x86-64.so.2(+0x1f5a0) [0x773f394f85a0]
=============
Duplicate entry ArrheniusBirdCarreau in runtime table viscosityModel

#3	/lib64/ld-linux-x86-64.so.2(+0x5824) [0x7c82d0133824]
#4	/lib64/ld-linux-x86-64.so.2(+0x1f5a0) [0x7c82d014d5a0]
=============
Duplicate entry Casson in runtime table viscosityModel
[stack trace]
=============
#1	platforms/linux64GccDPInt32Opt/lib/libincompressibleTransportModelsLMFOAM.so(+0x37b75) [0x7c82cfed3b75]
#2	/lib64/ld-linux-x86-64.so.2(+0x571f) [0x7c82d013371f]
#3	/lib64/ld-linux-x86-64.so.2(+0x5824) [0x7c82d0133824]
#4	/lib64/ld-linux-x86-64.so.2(+0x1f5a0) [0x7c82d014d5a0]
=============
Duplicate entry strainRateFunction in runtime table viscosityModel
[stack trace]
=============
#1	platforms/linux64GccDPInt32Opt/lib/libincompressibleTransportModelsLMFOAM.so(+0x37aa5) [0x743e3b156aa5]
#2	/lib64/ld-linux-x86-64.so.2(+0x571f) [0x743e3b3b671f]
#3	/lib64/ld-linux-x86-64.so.2(+0x5824) [0x743e3b3b6824]
#4	/lib64/ld-linux-x86-64.so.2(+0x1f5a0) [0x743e3b3d05a0]
=============
Duplicate entry Casson in runtime table viscosityModel
[stack trace]
=============
#1	platforms/linux64GccDPInt32Opt/lib/libincompressibleTransportModelsLMFOAM.so(+0x37b75) [0x743e3b156b75]
#2	/lib64/ld-linux-x86-64.so.2(+0x571f) [0x743e3b3b671f]
#3	/lib64/ld-linux-x86-64.so.2(+0x5824) [0x743e3b3b6824]
#4	/lib64/ld-linux-x86-64.so.2(+0x1f5a0) [0x743e3b3d05a0]
=============
Duplicate entry strainRateFunction in runtime table viscosityModel
[stack trace]
=============
#1	platforms/linux64GccDPInt32Opt/lib/libincompressibleTransportModelsLMFOAM.so(+0x37c45) [0x770193e46c45]
#2	/lib64/ld-linux-x86-64.so.2(+0x571f) [0x7701940a671f]
#3	/lib64/ld-linux-x86-64.so.2(+0x5824) [0x7701940a6824]
#4	/lib64/ld-linux-x86-64.so.2(+0x1f5a0) [0x7701940c05a0]
=============
Duplicate entry ArrheniusBirdCarreau in runtime table viscosityModel
[stack trace]
=============
#1	platforms/linux64GccDPInt32Opt/lib/libincompressibleTransportModelsLMFOAM.so(+0x37aa5) [0x72f64d79baa5]
#2	/lib64/ld-linux-x86-64.so.2(+0x571f) [0x72f64d9fb71f]
#3	/lib64/ld-linux-x86-64.so.2(+0x5824) [0x72f64d9fb824]
#4	/lib64/ld-linux-x86-64.so.2(+0x1f5a0) [0x72f64da155a0]
=============
Duplicate entry Casson in runtime table viscosityModel
[stack trace]
=============
#1	platforms/linux64GccDPInt32Opt/lib/libincompressibleTransportModelsLMFOAM.so(+0x37c45) [0x7f5a96712c45]
#2	/lib64/ld-linux-x86-64.so.2(+0x571f) [0x7f5a9697271f]
#3	/lib64/ld-linux-x86-64.so.2(+0x5824) [0x7f5a96972824]
#4	/lib64/ld-linux-x86-64.so.2(+0x1f5a0) [0x7f5a9698c5a0]
=============
Duplicate entry ArrheniusBirdCarreau in runtime table viscosityModel
[stack trace]
=============
#1	platforms/linux64GccDPInt32Opt/lib/libincompressibleTransportModelsLMFOAM.so(+0x37c45) [0x7792406bbc45]
#2	/lib64/ld-linux-x86-64.so.2(+0x571f) [0x77924091b71f]
#3	/lib64/ld-linux-x86-64.so.2(+0x5824) [0x77924091b824]
#4	/lib64/ld-linux-x86-64.so.2(+0x1f5a0) [0x7792409355a0]
=============
Duplicate entry ArrheniusBirdCarreau in runtime table viscosityModel
[stack trace]
=============
#1	platforms/linux64GccDPInt32Opt/lib/libincompressibleTransportModelsLMFOAM.so(+0x37b75) [0x70d7b0493b75]
#2	/lib64/ld-linux-x86-64.so.2(+0x571f) [0x70d7b06f371f]
#3	/lib64/ld-linux-x86-64.so.2(+0x5824) [0x70d7b06f3824]
#4	/lib64/ld-linux-x86-64.so.2(+0x1f5a0) [0x70d7b070d5a0]
=============
Duplicate entry strainRateFunction in runtime table viscosityModel
Duplicate entry strainRateFunction in runtime table viscosityModel
[stack trace]
=============
#1	platforms/linux64GccDPInt32Opt/lib/libincompressibleTransportModelsLMFOAM.so(+0x37c45) [0x707bb73fac45]
#2	/lib64/ld-linux-x86-64.so.2(+0x571f) [0x707bb765a71f]
#3	/lib64/ld-linux-x86-64.so.2(+0x5824) [0x707bb765a824]
#4	/lib64/ld-linux-x86-64.so.2(+0x1f5a0) [0x707bb76745a0]
=============
Duplicate entry ArrheniusBirdCarreau in runtime table viscosityModel
[stack trace]
=============
#1	platforms/linux64GccDPInt32Opt/lib/libincompressibleTransportModelsLMFOAM.so(+0x37aa5) [0x78f541d3faa5]
#2	/lib64/ld-linux-x86-64.so.2(+0x571f) [0x78f541f9f71f]
#3	/lib64/ld-linux-x86-64.so.2(+0x5824) [0x78f541f9f824]
#4	/lib64/ld-linux-x86-64.so.2(+0x1f5a0) [0x78f541fb95a0]
=============
Duplicate entry Casson in runtime table viscosityModel
[stack trace]
=============
#1	platforms/linux64GccDPInt32Opt/lib/libincompressibleTransportModelsLMFOAM.so(+0x37b75) [0x78f541d3fb75]
#2	/lib64/ld-linux-x86-64.so.2(+0x571f) [0x78f541f9f71f]
#3	/lib64/ld-linux-x86-64.so.2(+0x5824) [0x78f541f9f824]
#4	/lib64/ld-linux-x86-64.so.2(+0x1f5a0) [0x78f541fb95a0]
=============
Duplicate entry strainRateFunction in runtime table viscosityModel
[stack trace]
=============
#1	platforms/linux64GccDPInt32Opt/lib/libincompressibleTransportModelsLMFOAM.so(+0x37c45) [0x78f541d3fc45]
#2	/lib64/ld-linux-x86-64.so.2(+0x571f) [0x78f541f9f71f]
#3	/lib64/ld-linux-x86-64.so.2(+0x5824) [0x78f541f9f824]
#4	/lib64/ld-linux-x86-64.so.2(+0x1f5a0) [0x78f541fb95a0]
=============
Duplicate entry ArrheniusBirdCarreau in runtime table viscosityModel
[stack trace]
=============
#1	platforms/linux64GccDPInt32Opt/lib/libincompressibleTransportModelsLMFOAM.so(+0x37b75) [0x7c24b0996b75]
#2	/lib64/ld-linux-x86-64.so.2(+0x571f) [0x7c24b0bf671f]
#3	/lib64/ld-linux-x86-64.so.2(+0x5824) [0x7c24b0bf6824]
#4	/lib64/ld-linux-x86-64.so.2(+0x1f5a0) [0x7c24b0c105a0]
=============
Duplicate entry strainRateFunction in runtime table viscosityModel
[stack trace]
=============
#1	platforms/linux64GccDPInt32Opt/lib/libincompressibleTransportModelsLMFOAM.so(+0x37c45) [0x7c24b0996c45]
#2	/lib64/ld-linux-x86-64.so.2(+0x571f) [0x7c24b0bf671f]
#3	/lib64/ld-linux-x86-64.so.2(+0x5824) [0x7c24b0bf6824]
#4	/lib64/ld-linux-x86-64.so.2(+0x1f5a0) [0x7c24b0c105a0]
=============
Duplicate entry ArrheniusBirdCarreau in runtime table viscosityModel
[stack trace]
=============
#1	platforms/linux64GccDPInt32Opt/lib/libincompressibleTransportModelsLMFOAM.so(+0x37b75) [0x7ba907607b75]
#2	/lib64/ld-linux-x86-64.so.2(+0x571f) [0x7ba90786771f]
#3	/lib64/ld-linux-x86-64.so.2(+0x5824) [0x7ba907867824]
#4	/lib64/ld-linux-x86-64.so.2(+0x1f5a0) [0x7ba9078815a0]
=============
Duplicate entry strainRateFunction in runtime table viscosityModel
[stack trace]
=============
#1	platforms/linux64GccDPInt32Opt/lib/libincompressibleTransportModelsLMFOAM.so(+0x37c45) [0x7ba907607c45]
#2	/lib64/ld-linux-x86-64.so.2(+0x571f) [0x7ba90786771f]
#3	/lib64/ld-linux-x86-64.so.2(+0x5824) [0x7ba907867824]
#4	/lib64/ld-linux-x86-64.so.2(+0x1f5a0) [0x7ba9078815a0]
=============
Duplicate entry ArrheniusBirdCarreau in runtime table viscosityModel
[stack trace]
=============
#1	platforms/linux64GccDPInt32Opt/lib/libincompressibleTransportModelsLMFOAM.so(+0x37b75) [0x7318310afb75]
#2	/lib64/ld-linux-x86-64.so.2(+0x571f) [0x73183130f71f]
#3	/lib64/ld-linux-x86-64.so.2(+0x5824) [0x73183130f824]
#4	/lib64/ld-linux-x86-64.so.2(+0x1f5a0) [0x7318313295a0]
=============
Duplicate entry strainRateFunction in runtime table viscosityModel
[stack trace]
=============
#1	platforms/linux64GccDPInt32Opt/lib/libincompressibleTransportModelsLMFOAM.so(+0x37c45) [0x7318310afc45]
#2	/lib64/ld-linux-x86-64.so.2(+0x571f) [0x73183130f71f]
#3	/lib64/ld-linux-x86-64.so.2(+0x5824) [0x73183130f824]
#4	/lib64/ld-linux-x86-64.so.2(+0x1f5a0) [0x7318313295a0]
=============
Duplicate entry ArrheniusBirdCarreau in runtime table viscosityModel
[stack trace]
=============
#1	platforms/linux64GccDPInt32Opt/lib/libincompressibleTransportModelsLMFOAM.so(+0x379d5) [0x732ee1ddb9d5]
#2	/lib64/ld-linux-x86-64.so.2(+0x571f) [0x732ee203b71f]
#3	/lib64/ld-linux-x86-64.so.2(+0x5824) [0x732ee203b824]
#4	/lib64/ld-linux-x86-64.so.2(+0x1f5a0) [0x732ee20555a0]
=============
Duplicate entry HerschelBulkley in runtime table viscosityModel
[stack trace]
=============
#1	platforms/linux64GccDPInt32Opt/lib/libincompressibleTransportModelsLMFOAM.so(+0x37aa5) [0x732ee1ddbaa5]
#2	/lib64/ld-linux-x86-64.so.2(+0x571f) [0x732ee203b71f]
#3	/lib64/ld-linux-x86-64.so.2(+0x5824) [0x732ee203b824]
#4	/lib64/ld-linux-x86-64.so.2(+0x1f5a0) [0x732ee20555a0]
=============
Duplicate entry Casson in runtime table viscosityModel
[stack trace]
=============
#1	platforms/linux64GccDPInt32Opt/lib/libincompressibleTransportModelsLMFOAM.so(+0x37b75) [0x732ee1ddbb75]
#2	/lib64/ld-linux-x86-64.so.2(+0x571f) [0x732ee203b71f]
#3	/lib64/ld-linux-x86-64.so.2(+0x5824) [0x732ee203b824]
#4	/lib64/ld-linux-x86-64.so.2(+0x1f5a0) [0x732ee20555a0]
=============
Duplicate entry strainRateFunction in runtime table viscosityModel
[stack trace]
=============
#1	platforms/linux64GccDPInt32Opt/lib/libincompressibleTransportModelsLMFOAM.so(+0x37c45) [0x732ee1ddbc45]
#2	/lib64/ld-linux-x86-64.so.2(+0x571f) [0x732ee203b71f]
#3	/lib64/ld-linux-x86-64.so.2(+0x5824) [0x732ee203b824]
#4	/lib64/ld-linux-x86-64.so.2(+0x1f5a0) [0x732ee20555a0]
=============
Duplicate entry ArrheniusBirdCarreau in runtime table viscosityModel
[stack trace]
=============
#1	platforms/linux64GccDPInt32Opt/lib/libincompressibleTransportModelsLMFOAM.so(+0x37aa5) [0x7d992a770aa5]
#2	/lib64/ld-linux-x86-64.so.2(+0x571f) [0x7d992a9d071f]
#3	/lib64/ld-linux-x86-64.so.2(+0x5824) [0x7d992a9d0824]
#4	/lib64/ld-linux-x86-64.so.2(+0x1f5a0) [0x7d992a9ea5a0]
=============
Duplicate entry Casson in runtime table viscosityModel
[stack trace]
=============
#1	platforms/linux64GccDPInt32Opt/lib/libincompressibleTransportModelsLMFOAM.so(+0x37b75) [0x7d992a770b75]
#2	/lib64/ld-linux-x86-64.so.2(+0x571f) [0x7d992a9d071f]
#3	/lib64/ld-linux-x86-64.so.2(+0x5824) [0x7d992a9d0824]
#4	/lib64/ld-linux-x86-64.so.2(+0x1f5a0) [0x7d992a9ea5a0]
=============
Duplicate entry strainRateFunction in runtime table viscosityModel
[stack trace]
=============
#1	platforms/linux64GccDPInt32Opt/lib/libincompressibleTransportModelsLMFOAM.so(+0x37c45) [0x7d992a770c45]
#2	/lib64/ld-linux-x86-64.so.2(+0x571f) [0x7d992a9d071f]
#3	/lib64/ld-linux-x86-64.so.2(+0x5824) [0x7d992a9d0824]
#4	/lib64/ld-linux-x86-64.so.2(+0x1f5a0) [0x7d992a9ea5a0]
=============
Duplicate entry ArrheniusBirdCarreau in runtime table viscosityModel
[stack trace]
=============
#1	platforms/linux64GccDPInt32Opt/lib/libincompressibleTransportModelsLMFOAM.so(+0x379d5) [0x7a10650319d5]
#2	/lib64/ld-linux-x86-64.so.2(+0x571f) [0x7a106529171f]
#3	/lib64/ld-linux-x86-64.so.2(+0x5824) [0x7a1065291824]
#4	/lib64/ld-linux-x86-64.so.2(+0x1f5a0) [0x7a10652ab5a0]
=============
Duplicate entry HerschelBulkley in runtime table viscosityModel
[stack trace]
=============
#1	platforms/linux64GccDPInt32Opt/lib/libincompressibleTransportModelsLMFOAM.so(+0x37aa5) [0x7a1065031aa5]
#2	/lib64/ld-linux-x86-64.so.2(+0x571f) [0x7a106529171f]
#3	/lib64/ld-linux-x86-64.so.2(+0x5824) [0x7a1065291824]
#4	/lib64/ld-linux-x86-64.so.2(+0x1f5a0) [0x7a10652ab5a0]
=============
Duplicate entry Casson in runtime table viscosityModel
[stack trace]
=============
#1	platforms/linux64GccDPInt32Opt/lib/libincompressibleTransportModelsLMFOAM.so(+0x37b75) [0x7a1065031b75]
#2	/lib64/ld-linux-x86-64.so.2(+0x571f) [0x7a106529171f]
#3	/lib64/ld-linux-x86-64.so.2(+0x5824) [0x7a1065291824]
#4	/lib64/ld-linux-x86-64.so.2(+0x1f5a0) [0x7a10652ab5a0]
=============
Duplicate entry strainRateFunction in runtime table viscosityModel
[stack trace]
=============
#1	platforms/linux64GccDPInt32Opt/lib/libincompressibleTransportModelsLMFOAM.so(+0x37c45) [0x7a1065031c45]
#2	/lib64/ld-linux-x86-64.so.2(+0x571f) [0x7a106529171f]
#3	/lib64/ld-linux-x86-64.so.2(+0x5824) [0x7a1065291824]
#4	/lib64/ld-linux-x86-64.so.2(+0x1f5a0) [0x7a10652ab5a0]
=============
Duplicate entry ArrheniusBirdCarreau in runtime table viscosityModel
[stack trace]
=============
#1	platforms/linux64GccDPInt32Opt/lib/libincompressibleTransportModelsLMFOAM.so(+0x379d5) [0x7e5f6adae9d5]
#2	/lib64/ld-linux-x86-64.so.2(+0x571f) [0x7e5f6b00e71f]
#3	/lib64/ld-linux-x86-64.so.2(+0x5824) [0x7e5f6b00e824]
#4	/lib64/ld-linux-x86-64.so.2(+0x1f5a0) [0x7e5f6b0285a0]
=============
Duplicate entry HerschelBulkley in runtime table viscosityModel
[stack trace]
=============
#1	platforms/linux64GccDPInt32Opt/lib/libincompressibleTransportModelsLMFOAM.so(+0x37aa5) [0x7e5f6adaeaa5]
#2	/lib64/ld-linux-x86-64.so.2(+0x571f) [0x7e5f6b00e71f]
#3	/lib64/ld-linux-x86-64.so.2(+0x5824) [0x7e5f6b00e824]
#4	/lib64/ld-linux-x86-64.so.2(+0x1f5a0) [0x7e5f6b0285a0]
=============
Duplicate entry Casson in runtime table viscosityModel
[stack trace]
=============
#1	platforms/linux64GccDPInt32Opt/lib/libincompressibleTransportModelsLMFOAM.so(+0x37b75) [0x7e5f6adaeb75]
#2	/lib64/ld-linux-x86-64.so.2(+0x571f) [0x7e5f6b00e71f]
#3	/lib64/ld-linux-x86-64.so.2(+0x5824) [0x7e5f6b00e824]
#4	/lib64/ld-linux-x86-64.so.2(+0x1f5a0) [0x7e5f6b0285a0]
=============
Duplicate entry strainRateFunction in runtime table viscosityModel
[stack trace]
=============
#1	platforms/linux64GccDPInt32Opt/lib/libincompressibleTransportModelsLMFOAM.so(+0x37c45) [0x7e5f6adaec45]
#2	/lib64/ld-linux-x86-64.so.2(+0x571f) [0x7e5f6b00e71f]
#3	/lib64/ld-linux-x86-64.so.2(+0x5824) [0x7e5f6b00e824]
#4	/lib64/ld-linux-x86-64.so.2(+0x1f5a0) [0x7e5f6b0285a0]
=============
Duplicate entry ArrheniusBirdCarreau in runtime table viscosityModel
[stack trace]
=============
#1	platforms/linux64GccDPInt32Opt/lib/libincompressibleTransportModelsLMFOAM.so(+0x37aa5) [0x72a66538baa5]
#2	/lib64/ld-linux-x86-64.so.2(+0x571f) [0x72a6655eb71f]
#3	/lib64/ld-linux-x86-64.so.2(+0x5824) [0x72a6655eb824]
#4	/lib64/ld-linux-x86-64.so.2(+0x1f5a0) [0x72a6656055a0]
=============
Duplicate entry Casson in runtime table viscosityModel
[stack trace]
=============
#1	platforms/linux64GccDPInt32Opt/lib/libincompressibleTransportModelsLMFOAM.so(+0x37b75) [0x72a66538bb75]
#2	/lib64/ld-linux-x86-64.so.2(+0x571f) [0x72a6655eb71f]
#3	/lib64/ld-linux-x86-64.so.2(+0x5824) [0x72a6655eb824]
#4	/lib64/ld-linux-x86-64.so.2(+0x1f5a0) [0x72a6656055a0]
=============
Duplicate entry strainRateFunction in runtime table viscosityModel
[stack trace]
=============
#1	platforms/linux64GccDPInt32Opt/lib/libincompressibleTransportModelsLMFOAM.so(+0x37c45) [0x72a66538bc45]
#2	/lib64/ld-linux-x86-64.so.2(+0x571f) [0x72a6655eb71f]
#3	/lib64/ld-linux-x86-64.so.2(+0x5824) [0x72a6655eb824]
#4	/lib64/ld-linux-x86-64.so.2(+0x1f5a0) [0x72a6656055a0]
=============
Duplicate entry ArrheniusBirdCarreau in runtime table viscosityModel

#3	/lib64/ld-linux-x86-64.so.2(+0x5824) [0x72c2db0ae824]
#4	/lib64/ld-linux-x86-64.so.2(+0x1f5a0) [0x72c2db0c85a0]
=============
Duplicate entry HerschelBulkley in runtime table viscosityModel
[stack trace]
=============
#1	platforms/linux64GccDPInt32Opt/lib/libincompressibleTransportModelsLMFOAM.so(+0x37aa5) [0x72c2dae4eaa5]
#2	/lib64/ld-linux-x86-64.so.2(+0x571f) [0x72c2db0ae71f]
#3	/lib64/ld-linux-x86-64.so.2(+0x5824) [0x72c2db0ae824]
#4	/lib64/ld-linux-x86-64.so.2(+0x1f5a0) [0x72c2db0c85a0]
=============
Duplicate entry Casson in runtime table viscosityModel
[stack trace]
=============
#1	platforms/linux64GccDPInt32Opt/lib/libincompressibleTransportModelsLMFOAM.so(+0x37b75) [0x72c2dae4eb75]
#2	/lib64/ld-linux-x86-64.so.2(+0x571f) [0x72c2db0ae71f]
#3	/lib64/ld-linux-x86-64.so.2(+0x5824) [0x72c2db0ae824]
#4	/lib64/ld-linux-x86-64.so.2(+0x1f5a0) [0x72c2db0c85a0]
=============
Duplicate entry strainRateFunction in runtime table viscosityModel
[stack trace]
=============
#1	platforms/linux64GccDPInt32Opt/lib/libincompressibleTransportModelsLMFOAM.so(+0x37c45) [0x72c2dae4ec45]
#2	/lib64/ld-linux-x86-64.so.2(+0x571f) [0x72c2db0ae71f]
#3	/lib64/ld-linux-x86-64.so.2(+0x5824) [0x72c2db0ae824]
#4	/lib64/ld-linux-x86-64.so.2(+0x1f5a0) [0x72c2db0c85a0]
=============
Duplicate entry ArrheniusBirdCarreau in runtime table viscosityModel
[stack trace]
=============
#1	platforms/linux64GccDPInt32Opt/lib/libincompressibleTransportModelsLMFOAM.so(+0x379d5) [0x77b0e7bc79d5]
#2	/lib64/ld-linux-x86-64.so.2(+0x571f) [0x77b0e7e2771f]
#3	/lib64/ld-linux-x86-64.so.2(+0x5824) [0x77b0e7e27824]
#4	/lib64/ld-linux-x86-64.so.2(+0x1f5a0) [0x77b0e7e415a0]
=============
Duplicate entry HerschelBulkley in runtime table viscosityModel
[stack trace]
=============
#1	platforms/linux64GccDPInt32Opt/lib/libincompressibleTransportModelsLMFOAM.so(+0x37aa5) [0x77b0e7bc7aa5]
#2	/lib64/ld-linux-x86-64.so.2(+0x571f) [0x77b0e7e2771f]
#3	/lib64/ld-linux-x86-64.so.2(+0x5824) [0x77b0e7e27824]
#4	/lib64/ld-linux-x86-64.so.2(+0x1f5a0) [0x77b0e7e415a0]
=============
Duplicate entry Casson in runtime table viscosityModel
[stack trace]
=============
#1	platforms/linux64GccDPInt32Opt/lib/libincompressibleTransportModelsLMFOAM.so(+0x37b75) [0x77b0e7bc7b75]
#2	/lib64/ld-linux-x86-64.so.2(+0x571f) [0x77b0e7e2771f]
#3	/lib64/ld-linux-x86-64.so.2(+0x5824) [0x77b0e7e27824]
#4	/lib64/ld-linux-x86-64.so.2(+0x1f5a0) [0x77b0e7e415a0]
=============
Duplicate entry strainRateFunction in runtime table viscosityModel
[stack trace]
=============
#1	platforms/linux64GccDPInt32Opt/lib/libincompressibleTransportModelsLMFOAM.so(+0x37c45) [0x77b0e7bc7c45]
#2	/lib64/ld-linux-x86-64.so.2(+0x571f) [0x77b0e7e2771f]
#3	/lib64/ld-linux-x86-64.so.2(+0x5824) [0x77b0e7e27824]
#4	/lib64/ld-linux-x86-64.so.2(+0x1f5a0) [0x77b0e7e415a0]
=============
Duplicate entry ArrheniusBirdCarreau in runtime table viscosityModel
[stack trace]
=============
#1	platforms/linux64GccDPInt32Opt/lib/libincompressibleTransportModelsLMFOAM.so(+0x37aa5) [0x7dbd49734aa5]
#2	/lib64/ld-linux-x86-64.so.2(+0x571f) [0x7dbd4999471f]
#3	/lib64/ld-linux-x86-64.so.2(+0x5824) [0x7dbd49994824]
#4	/lib64/ld-linux-x86-64.so.2(+0x1f5a0) [0x7dbd499ae5a0]
=============
Duplicate entry Casson in runtime table viscosityModel
[stack trace]
=============
#1	platforms/linux64GccDPInt32Opt/lib/libincompressibleTransportModelsLMFOAM.so(+0x37b75) [0x7dbd49734b75]
#2	/lib64/ld-linux-x86-64.so.2(+0x571f) [0x7dbd4999471f]
#3	/lib64/ld-linux-x86-64.so.2(+0x5824) [0x7dbd49994824]
#4	/lib64/ld-linux-x86-64.so.2(+0x1f5a0) [0x7dbd499ae5a0]
=============
Duplicate entry strainRateFunction in runtime table viscosityModel
[stack trace]
=============
#1	platforms/linux64GccDPInt32Opt/lib/libincompressibleTransportModelsLMFOAM.so(+0x37c45) [0x7dbd49734c45]
#2	/lib64/ld-linux-x86-64.so.2(+0x571f) [0x7dbd4999471f]
#3	/lib64/ld-linux-x86-64.so.2(+0x5824) [0x7dbd49994824]
#4	/lib64/ld-linux-x86-64.so.2(+0x1f5a0) [0x7dbd499ae5a0]
=============
Duplicate entry ArrheniusBirdCarreau in runtime table viscosityModel
	/lib64/ld-linux-x86-64.so.2(+0x1f5a0) [0x7496471225a0]
=============
Duplicate entry Casson in runtime table viscosityModel
[stack trace]
=============
#1	platforms/linux64GccDPInt32Opt/lib/libincompressibleTransportModelsLMFOAM.so(+0x37b75) [0x749646ea8b75]
#2	/lib64/ld-linux-x86-64.so.2(+0x571f) [0x74964710871f]
#3	/lib64/ld-linux-x86-64.so.2(+0x5824) [0x749647108824]
#4	/lib64/ld-linux-x86-64.so.2(+0x1f5a0) [0x7496471225a0]
=============
Duplicate entry strainRateFunction in runtime table viscosityModel
[stack trace]
=============
#1	platforms/linux64GccDPInt32Opt/lib/libincompressibleTransportModelsLMFOAM.so(+0x37c45) [0x749646ea8c45]
#2	/lib64/ld-linux-x86-64.so.2(+0x571f) [0x74964710871f]
#3	/lib64/ld-linux-x86-64.so.2(+0x5824) [0x749647108824]
#4	/lib64/ld-linux-x86-64.so.2(+0x1f5a0) [0x7496471225a0]
=============
Duplicate entry ArrheniusBirdCarreau in runtime table viscosityModel
[stack trace]
=============
#1	platforms/linux64GccDPInt32Opt/lib/libincompressibleTransportModelsLMFOAM.so(+0x37b75) [0x70cd1cf84b75]
#2	/lib64/ld-linux-x86-64.so.2(+0x571f) [0x70cd1d1e471f]
#3	/lib64/ld-linux-x86-64.so.2(+0x5824) [0x70cd1d1e4824]
#4	/lib64/ld-linux-x86-64.so.2(+0x1f5a0) [0x70cd1d1fe5a0]
=============
Duplicate entry strainRateFunction in runtime table viscosityModel
[stack trace]
=============
#1	platforms/linux64GccDPInt32Opt/lib/libincompressibleTransportModelsLMFOAM.so(+0x37c45) [0x70cd1cf84c45]
#2	/lib64/ld-linux-x86-64.so.2(+0x571f) [0x70cd1d1e471f]
#3	/lib64/ld-linux-x86-64.so.2(+0x5824) [0x70cd1d1e4824]
#4	/lib64/ld-linux-x86-64.so.2(+0x1f5a0) [0x70cd1d1fe5a0]
=============
Duplicate entry ArrheniusBirdCarreau in runtime table viscosityModel
[stack trace]
=============
#1	platforms/linux64GccDPInt32Opt/lib/libincompressibleTransportModelsLMFOAM.so(+0x37aa5) [0x7e864b669aa5]
#2	/lib64/ld-linux-x86-64.so.2(+0x571f) [0x7e864b8c971f]
#3	/lib64/ld-linux-x86-64.so.2(+0x5824) [0x7e864b8c9824]
#4	/lib64/ld-linux-x86-64.so.2(+0x1f5a0) [0x7e864b8e35a0]
=============
Duplicate entry Casson in runtime table viscosityModel
[stack trace]
=============
#1	platforms/linux64GccDPInt32Opt/lib/libincompressibleTransportModelsLMFOAM.so(+0x37b75) [0x7e864b669b75]
#2	/lib64/ld-linux-x86-64.so.2(+0x571f) [0x7e864b8c971f]
#3	/lib64/ld-linux-x86-64.so.2(+0x5824) [0x7e864b8c9824]
#4	/lib64/ld-linux-x86-64.so.2(+0x1f5a0) [0x7e864b8e35a0]
=============
Duplicate entry strainRateFunction in runtime table viscosityModel
[stack trace]
=============
#1	platforms/linux64GccDPInt32Opt/lib/libincompressibleTransportModelsLMFOAM.so(+0x37c45) [0x7e864b669c45]
#2	/lib64/ld-linux-x86-64.so.2(+0x571f) [0x7e864b8c971f]
#3	/lib64/ld-linux-x86-64.so.2(+0x5824) [0x7e864b8c9824]
#4	/lib64/ld-linux-x86-64.so.2(+0x1f5a0) [0x7e864b8e35a0]
=============
Duplicate entry ArrheniusBirdCarreau in runtime table viscosityModel
[stack trace]
=============
#1	platforms/linux64GccDPInt32Opt/lib/libincompressibleTransportModelsLMFOAM.so(+0x37c45) [0x7e02ecabac45]
#2	/lib64/ld-linux-x86-64.so.2(+0x571f) [0x7e02ecd1a71f]
#3	/lib64/ld-linux-x86-64.so.2(+0x5824) [0x7e02ecd1a824]
#4	/lib64/ld-linux-x86-64.so.2(+0x1f5a0) [0x7e02ecd345a0]
=============
Duplicate entry ArrheniusBirdCarreau in runtime table viscosityModel
platforms/linux64GccDPInt32Opt/lib/libincompressibleTransportModelsLMFOAM.so(+0x379d5) [0x76c14cf129d5]
#2	/lib64/ld-linux-x86-64.so.2(+0x571f) [0x76c14d17271f]
#3	/lib64/ld-linux-x86-64.so.2(+0x5824) [0x76c14d172824]
#4	/lib64/ld-linux-x86-64.so.2(+0x1f5a0) [0x76c14d18c5a0]
=============
Duplicate entry HerschelBulkley in runtime table viscosityModel
[stack trace]
=============
#1	platforms/linux64GccDPInt32Opt/lib/libincompressibleTransportModelsLMFOAM.so(+0x37aa5) [0x76c14cf12aa5]
#2	/lib64/ld-linux-x86-64.so.2(+0x571f) [0x76c14d17271f]
#3	/lib64/ld-linux-x86-64.so.2(+0x5824) [0x76c14d172824]
#4	/lib64/ld-linux-x86-64.so.2(+0x1f5a0) [0x76c14d18c5a0]
=============
Duplicate entry Casson in runtime table viscosityModel
[stack trace]
=============
#1	platforms/linux64GccDPInt32Opt/lib/libincompressibleTransportModelsLMFOAM.so(+0x37b75) [0x76c14cf12b75]
#2	/lib64/ld-linux-x86-64.so.2(+0x571f) [0x76c14d17271f]
#3	/lib64/ld-linux-x86-64.so.2(+0x5824) [0x76c14d172824]
#4	/lib64/ld-linux-x86-64.so.2(+0x1f5a0) [0x76c14d18c5a0]
=============
Duplicate entry strainRateFunction in runtime table viscosityModel
[stack trace]
=============
#1	platforms/linux64GccDPInt32Opt/lib/libincompressibleTransportModelsLMFOAM.so(+0x37c45) [0x76c14cf12c45]
#2	/lib64/ld-linux-x86-64.so.2(+0x571f) [0x76c14d17271f]
#3	/lib64/ld-linux-x86-64.so.2(+0x5824) [0x76c14d172824]
#4	/lib64/ld-linux-x86-64.so.2(+0x1f5a0) [0x76c14d18c5a0]
=============
Duplicate entry ArrheniusBirdCarreau in runtime table viscosityModel
=============
#1	platforms/linux64GccDPInt32Opt/lib/libincompressibleTransportModelsLMFOAM.so(+0x37aa5) [0x70f04cd8caa5]
#2	/lib64/ld-linux-x86-64.so.2(+0x571f) [0x70f04cfec71f]
#3	/lib64/ld-linux-x86-64.so.2(+0x5824) [0x70f04cfec824]
#4	/lib64/ld-linux-x86-64.so.2(+0x1f5a0) [0x70f04d0065a0]
=============
Duplicate entry Casson in runtime table viscosityModel
[stack trace]
=============
#1	platforms/linux64GccDPInt32Opt/lib/libincompressibleTransportModelsLMFOAM.so(+0x37b75) [0x70f04cd8cb75]
#2	/lib64/ld-linux-x86-64.so.2(+0x571f) [0x70f04cfec71f]
#3	/lib64/ld-linux-x86-64.so.2(+0x5824) [0x70f04cfec824]
#4	/lib64/ld-linux-x86-64.so.2(+0x1f5a0) [0x70f04d0065a0]
=============
Duplicate entry strainRateFunction in runtime table viscosityModel
[stack trace]
=============
#1	platforms/linux64GccDPInt32Opt/lib/libincompressibleTransportModelsLMFOAM.so(+0x37c45) [0x70f04cd8cc45]
#2	/lib64/ld-linux-x86-64.so.2(+0x571f) [0x70f04cfec71f]
#3	/lib64/ld-linux-x86-64.so.2(+0x5824) [0x70f04cfec824]
#4	/lib64/ld-linux-x86-64.so.2(+0x1f5a0) [0x70f04d0065a0]
=============
Duplicate entry ArrheniusBirdCarreau in runtime table viscosityModel
[stack trace]
=============
#1	platforms/linux64GccDPInt32Opt/lib/libincompressibleTransportModelsLMFOAM.so(+0x37c45) [0x7c82cfed3c45]
#2	/lib64/ld-linux-x86-64.so.2(+0x571f) [0x7c82d013371f]
#3	/lib64/ld-linux-x86-64.so.2(+0x5824) [0x7c82d0133824]
#4	/lib64/ld-linux-x86-64.so.2(+0x1f5a0) [0x7c82d014d5a0]
=============
Duplicate entry ArrheniusBirdCarreau in runtime table viscosityModel
[stack trace]
=============
#1	platforms/linux64GccDPInt32Opt/lib/libincompressibleTransportModelsLMFOAM.so(+0x37c45) [0x743e3b156c45]
#2	/lib64/ld-linux-x86-64.so.2(+0x571f) [0x743e3b3b671f]
#3	/lib64/ld-linux-x86-64.so.2(+0x5824) [0x743e3b3b6824]
#4	/lib64/ld-linux-x86-64.so.2(+0x1f5a0) [0x743e3b3d05a0]
=============
Duplicate entry ArrheniusBirdCarreau in runtime table viscosityModel
[stack trace]
=============
#1	platforms/linux64GccDPInt32Opt/lib/libincompressibleTransportModelsLMFOAM.so(+0x37b75) [0x72f64d79bb75]
#2	/lib64/ld-linux-x86-64.so.2(+0x571f) [0x72f64d9fb71f]
#3	/lib64/ld-linux-x86-64.so.2(+0x5824) [0x72f64d9fb824]
#4	/lib64/ld-linux-x86-64.so.2(+0x1f5a0) [0x72f64da155a0]
=============
Duplicate entry strainRateFunction in runtime table viscosityModel
[stack trace]
=============
#1	platforms/linux64GccDPInt32Opt/lib/libincompressibleTransportModelsLMFOAM.so(+0x37c45) [0x72f64d79bc45]
#2	/lib64/ld-linux-x86-64.so.2(+0x571f) [0x72f64d9fb71f]
#3	/lib64/ld-linux-x86-64.so.2(+0x5824) [0x72f64d9fb824]
#4	/lib64/ld-linux-x86-64.so.2(+0x1f5a0) [0x72f64da155a0]
=============
Duplicate entry ArrheniusBirdCarreau in runtime table viscosityModel
[stack trace]
=============
#1	platforms/linux64GccDPInt32Opt/lib/libincompressibleTransportModelsLMFOAM.so(+0x37c45) [0x70d7b0493c45]
#2	/lib64/ld-linux-x86-64.so.2(+0x571f) [0x70d7b06f371f]
#3	/lib64/ld-linux-x86-64.so.2(+0x5824) [0x70d7b06f3824]
#4	/lib64/ld-linux-x86-64.so.2(+0x1f5a0) [0x70d7b070d5a0]
=============
Duplicate entry ArrheniusBirdCarreau in runtime table viscosityModel
[stack trace]
=============
#1	platforms/linux64GccDPInt32Opt/lib/libincompressibleTransportModelsLMFOAM.so(+0x37cb6) [0x757c9e71ccb6]
#2	/lib64/ld-linux-x86-64.so.2(+0x571f) [0x757c9e97c71f]
#3	/lib64/ld-linux-x86-64.so.2(+0x5824) [0x757c9e97c824]
#4	/lib64/ld-linux-x86-64.so.2(+0x1f5a0) [0x757c9e9965a0]
=============
[stack trace]
=============
#1	platforms/linux64GccDPInt32Opt/lib/libincompressibleTransportModelsLMFOAM.so(+0x37cb6) [0x7d1761f8bcb6]
#2	/lib64/ld-linux-x86-64.so.2(+0x571f) [0x7d17621eb71f]
#3	/lib64/ld-linux-x86-64.so.2(+0x5824) [0x7d17621eb824]
#4	/lib64/ld-linux-x86-64.so.2(+0x1f5a0) [0x7d17622055a0]
=============
Duplicate entry ArrheniusCasson in runtime table [stack trace]
=============
#1	platforms/linux64GccDPInt32Opt/lib/libincompressibleTransportModelsLMFOAM.so(+0x37cb6) [0x7da03ad98cb6]
#2	/lib64/ld-linux-x86-64.so.2(+0x571f) [0x7da03aff871f]
#3	/lib64/ld-linux-x86-64.so.2(+0x5824) [0x7da03aff8824]
#4	/lib64/ld-linux-x86-64.so.2(+0x1f5a0) [0x7da03b0125a0]
=============
Duplicate entry ArrheniusCasson in runtime table viscosityModel
[stack trace]
=============Duplicate entry ArrheniusCasson in runtime table viscosityModel
viscosityModel

#1	platforms/linux64GccDPInt32Opt/lib/libincompressibleTransportModelsLMFOAM.so(+0x37cb6) [0x710465f4dcb6]
#2	/lib64/ld-linux-x86-64.so.2(+0x571f) [0x7104661ad71f]
#3	/lib64/ld-linux-x86-64.so.2(+0x5824) [0x7104661ad824]
#4	/lib64/ld-linux-x86-64.so.2(+0x1f5a0) [0x7104661c75a0]
=============
Duplicate entry ArrheniusCasson in runtime table viscosityModel
[stack trace]
=============
#1	platforms/linux64GccDPInt32Opt/lib/libincompressibleTransportModelsLMFOAM.so(+0x37cb6) [0x7e02ecabacb6]
#2[stack trace]
=============
#1	platforms/linux64GccDPInt32Opt/lib/libincompressibleTransportModelsLMFOAM.so(+0x37d7a) [0x7d1761f8bd7a]
#2	/lib64/ld-linux-x86-64.so.2(+0x571f) [0x7d17621eb71f]
#3	/lib64/ld-linux-x86-64.so.2(+0x5824) [0x7d17621eb824]
#4	/lib64/ld-linux-x86-64.so.2(+0x1f5a0) [0x7d17622055a0]
=============
[stack trace]
=============
#1	platforms/linux64GccDPInt32Opt/lib/libincompressibleTransportModelsLMFOAM.so(+0x37cb6) [0x7d992a770cb6]
#2	/lib64/ld-linux-x86-64.so.2(+0x571f) [0x7d992a9d071f]
#3	/lib64/ld-linux-x86-64.so.2(+0x5824) [0x7d992a9d0824]
#4	/lib64/ld-linux-x86-64.so.2(+0x1f5a0) [0x7d992a9ea5a0]
=============
Duplicate entry ArrheniusCrossPowerLaw in runtime table viscosityModel
[stack trace]
=============
#1	platforms/linux64GccDPInt32Opt/lib/libincompressibleTransportModelsLMFOAM.so(+0x37d7a) [0x7da03ad98d7a]
#2	/lib64/ld-linux-x86-64.so.2(+0x571f) [0x7da03aff871f]
#3	/lib64/ld-linux-x86-64.so.2(+0x5824) [0x7da03aff8824]
#	/lib64/ld-linux-x86-64.so.2(+0x571f) [0x7e02ecd1a71f]
#3	/lib64/ld-linux-x86-64.so.2(+0x5824) [0x7e02ecd1a824]
#4	/lib64/ld-linux-x86-64.so.2(+0x1f5a0) [0x7e02ecd345a0]
4	/lib64/ld-linux-x86-64.so.2(+0x1f5a0) [0x7da03b0125a0]
=============
Duplicate entry ArrheniusCrossPowerLaw in runtime table viscosityModel
=============
Duplicate entry ArrheniusCasson in runtime table viscosityModel
Duplicate entry ArrheniusCasson in runtime table viscosityModel
[stack trace]
=============
#1	platforms/linux64GccDPInt32Opt/lib/libincompressibleTransportModelsLMFOAM.so(+0x37cb6) [0x72a66538bcb6]
#2	/lib64/ld-linux-x86-64.so.2(+0x571f) [0x72a6655eb71f]
#3	/lib64/ld-linux-x86-64.so.2(+0x5824) [0x72a6655eb824]
#4	/lib64/ld-linux-x86-64.so.2(+0x1f5a0) [0x72a6656055a0]
=============
Duplicate entry ArrheniusCasson in runtime table viscosityModel
[stack trace]
=============
#1	platforms/linux64GccDPInt32Opt/lib/libincompressibleTransportModelsLMFOAM.so(+0x37cb6) [0x749646ea8cb6]
#2	/lib64/ld-linux-x86-64.so.2(+0x571f) [0x74964710871f]
#3	/lib64/ld-linux-x86-64.so.2(+0x5824) [0x749647108824]
#4	/lib64/ld-linux-x86-64.so.2(+0x1f5a0) [0x7496471225a0]
=============
[stack trace]
=============
#1	platforms/linux64GccDPInt32Opt/lib/libincompressibleTransportModelsLMFOAM.so(+0x37cb6) [0x7dbd49734cb6]
#2[stack trace]
=============
#	/lib64/ld-linux-x86-64.so.2(+0x571f) [0x7dbd4999471f]
#3	/lib64/ld-linux-x86-64.so.2(+0x5824) [0x7dbd49994824]
Duplicate entry ArrheniusCasson in runtime table viscosityModel
#4	/lib64/ld-linux-x86-64.so.2(+0x1f5a0) [0x7dbd499ae5a0]
=============
[stack trace]
=============
#1	platforms/linux64GccDPInt32Opt/lib/libincompressibleTransportModelsLMFOAM.so(+0x37e29) [0x7d1761f8be29]
#2	/lib64/ld-linux-x86-64.so.2(+0x571f) [0x7d17621eb71f]
#3	/lib64/ld-linux-x86-64.so.2(+0x5824) [0x7d17621eb824]
#4	/lib64/ld-linux-x86-64.so.2(+0x1f5a0) [0x7d17622055a0]1	platforms/linux64GccDPInt32Opt/lib/libincompressibleTransportModelsLMFOAM.so(+0x37d7a) [0x757c9e71cd7a]
#2	/lib64/ld-linux-x86-64.so.2(+0x571f) [0x757c9e97c71f][stack trace]
=============
#1	platforms/linux64GccDPInt32Opt/lib/libincompressibleTransportModelsLMFOAM.so(+0x37cb6) [0x7ba907607cb6]
=============
Duplicate entry ArrheniusHerschelBulkley in runtime table viscosityModel

#2	/lib64/ld-linux-x86-64.so.2(+0x571f) [0x7ba90786771f]
#3	/lib64/ld-linux-x86-64.so.2(+0x5824) [0x7ba907867824]
#3	/lib64/ld-linux-x86-64.so.2(+0x5824) [0x757c9e97c824]
Duplicate entry ArrheniusCasson in runtime table viscosityModel
[stack trace]
=============
[stack trace]
=============
#4	/lib64/ld-linux-x86-64.so.2(+0x1f5a0) [0x757c9e9965a0]
=============
Duplicate entry ArrheniusCrossPowerLaw
#4	/lib64/ld-linux-x86-64.so.2(+0x1f5a0) [0x7ba9078815a0]
=============
Duplicate entry ArrheniusCasson in runtime table viscosityModel
[stack trace]
=============
#1	platforms/linux64GccDPInt32Opt/lib/libincompressibleTransportModelsLMFOAM.so(+0x37d7a) [0x7d992a770d7a]
#2	/lib64/ld-linux-x86-64.so.2(+0x571f) [0x7d992a9d071f]
#3	/lib64/ld-linux-x86-64.so.2(+0x5824) [0x7d992a9d0824]
#4	/lib64/ld-linux-x86-64.so.2(+0x1f5a0) [0x7d992a9ea5a0]
=============
Duplicate entry ArrheniusCrossPowerLaw in runtime table [stack trace]
=============viscosityModel
 in runtime table viscosityModel
#1	platforms/linux64GccDPInt32Opt/lib/libincompressibleTransportModelsLMFOAM.so(+0x37cb6) [0x70cd1cf84cb6]
#2	/lib64/ld-linux-x86-64.so.2(+0x571f) [0x70cd1d1e471f]
#3	/lib64/ld-linux-x86-64.so.2(+0x5824) [0x70cd1d1e4824]
#4#1	platforms/linux64GccDPInt32Opt/lib/libincompressibleTransportModelsLMFOAM.so(+0x37d7a) [0x710465f4dd7a]
#2	/lib64/ld-linux-x86-64.so.2(+0x571f) [0x7104661ad71f]
#
#1	platforms/linux64GccDPInt32Opt/lib/libincompressibleTransportModelsLMFOAM.so(+0x37e29) [0x7da03ad98e29]
#2	/lib64/ld-linux-x86-64.so.2(+0x571f) [0x7da03aff871f]
#3	/lib64/ld-linux-x86-64.so.2(+0x5824) [0x7da03aff8824]
#4	/lib64/ld-linux-x86-64.so.2(+0x1f5a0) [0x7da03b0125a0]
=============
Duplicate entry 3	/lib64/ld-linux-x86-64.so.2(+0x5824) [0x7104661ad824]
#4	/lib64/ld-linux-x86-64.so.2(+0x1f5a0) [0x7104661c75a0]
=============
Duplicate entry ArrheniusCrossPowerLaw	/lib64/ld-linux-x86-64.so.2(+0x1f5a0) [0x70cd1d1fe5a0]
=============
Duplicate entry ArrheniusCasson in runtime table viscosityModel
 in runtime table viscosityModel
ArrheniusHerschelBulkley in runtime table viscosityModel
[stack trace]
=============
#1	[stack trace]
=============
#1	[stack trace]
=============
#1	platforms/linux64GccDPInt32Opt/lib/libincompressibleTransportModelsLMFOAM.so(+0x37cb6) [0x72c2dae4ecb6]
#2	/lib64/ld-linux-x86-64.so.2(+0x571f) [0x72c2db0ae71f]
[stack trace]
=============
[stack trace]
=============
#3	/lib64/ld-linux-x86-64.so.2(+0x5824) [0x72c2db0ae824]
#4	/lib64/ld-linux-x86-64.so.2(+0x1f5a0) [0x72c2db0c85a0]
=============
platforms/linux64GccDPInt32Opt/lib/libincompressibleTransportModelsLMFOAM.so(+0x37cb6) [0x7318310afcb6]
#2	/lib64/ld-linux-x86-64.so.2(+0x571f) [0x73183130f71f]
#3	/lib64/ld-linux-x86-64.so.2(+0x5824) [0x73183130f824]
#4platforms/linux64GccDPInt32Opt/lib/libincompressibleTransportModelsLMFOAM.so(+0x37d7a) [0x7e02ecabad7a]
#2	/lib64/ld-linux-x86-64.so.2(+0x571f) [0x7e02ecd1a71f]
#3	[stack trace]
=============
#1	platforms/linux64GccDPInt32Opt/lib/libincompressibleTransportModelsLMFOAM.so(+0x37d7a) [0x7dbd49734d7a]
#[stack trace]
=============
#1[stack trace]
=============
#1#1	platforms/linux64GccDPInt32Opt/lib/libincompressibleTransportModelsLMFOAM.so(+0x37cb6) [0x707bb73facb6]
#2	/lib64/ld-linux-x86-64.so.2(+0x571f) [0x707bb765a71f]
#3	/lib64/ld-linux-x86-64.so.2(+0x5824) [0x707bb765a824]
#4	/lib64/ld-linux-x86-64.so.2(+0x1f5a0) [0x707bb76745a0]
=============
Duplicate entry [stack trace]
=============
#1	[stack trace]
=============
#1	platforms/linux64GccDPInt32Opt/lib/libincompressibleTransportModelsLMFOAM.so(+0x37cb6) [0x7c24fc944cb6]
#2	[stack trace]
=============
#1	platforms/linux64GccDPInt32Opt/lib/libincompressibleTransportModelsLMFOAM.so(+0x37ed8) [0x7d1761f8bed8]
#2	/lib64/ld-linux-x86-64.so.2(+0x571f) [0x7d17621eb71f]
#3	/lib64/ld-linux-x86-64.so.2(+0x5824) [0x7d17621eb824]
#4	/lib64/ld-linux-x86-64.so.2(+0x1f5a0) [0x7d17622055a0]
=============
Duplicate entry ArrheniusNewtonian in runtime table viscosityModel
/lib64/ld-linux-x86-64.so.2(+0x5824) [0x7e02ecd1a824]
#4	/lib64/ld-linux-x86-64.so.2(+0x1f5a0) [0x7e02ecd345a0]
=============
Duplicate entry ArrheniusCrossPowerLaw in runtime table viscosityModel
Duplicate entry ArrheniusCasson in runtime table viscosityModel
[stack trace]
=============
#1	platforms/linux64GccDPInt32Opt/lib/libincompressibleTransportModelsLMFOAM.so(+0x37cb6) [0x7a1065031cb6]
#2	/lib64/ld-linux-x86-64.so.2(+0x571f) [0x7a106529171f]	/lib64/ld-linux-x86-64.so.2(+0x1f5a0) [0x7318313295a0]
=============
Duplicate entry ArrheniusCasson in runtime table viscosityModel
[stack trace]
=============
#1	platforms/linux64GccDPInt32Opt/lib/libincompressibleTransportModelsLMFOAM.so(+0x37d7a) [0x749646ea8d7a]
#2	/lib64/ld-linux-x86-64.so.2(+0x571f) [0x74964710871f]
#3	/lib64/ld-linux-x86-64.so.2(+0x5824) [0x749647108824]
#4	/lib64/ld-linux-x86-64.so.2(+0x1f5a0) [0x7496471225a0]
=============
[stack trace]
=============
#1	platforms/linux64GccDPInt32Opt/lib/libincompressibleTransportModelsLMFOAM.so(+0x37d7a) [0x72a66538bd7a]
#2	/lib64/ld-linux-x86-64.so.2(+0x571f) [0x72a6655eb71f]
#3	/lib64/ld-linux-x86-64.so.2(+0x5824) [0x72a6655eb824]
#4	/lib64/ld-linux-x86-64.so.2(+0x1f5a0) [0x72a6656055a0]
=============
[stack trace]
=============
#1	platforms/linux64GccDPInt32Opt/lib/libincompressibleTransportModelsLMFOAM.so(+0x37d7a) [0x7ba907607d7a]
#2	/lib64/ld-linux-x86-64.so.2(+0x571f) [0x7ba90786771f]
#3	/lib64/ld-linux-x86-64.so.2(+0x5824) [0x7ba907867824]
#4	/lib64/ld-linux-x86-64.so.2(+0x1f5a0) [0x7ba9078815a0]
=============
#3	/lib64/ld-linux-x86-64.so.2(+0x5824) [0x7a1065291824]
#4	/lib64/ld-linux-x86-64.so.2(+0x1f5a0) [0x7a10652ab5a0]
=============Duplicate entry ArrheniusCrossPowerLaw in runtime table viscosityModel
2	/lib64/ld-linux-x86-64.so.2(+0x571f) [0x7dbd4999471f]
#3	/lib64/ld-linux-x86-64.so.2(+0x5824) [0x7dbd49994824]
#4	/lib64/ld-linux-x86-64.so.2(+0x1f5a0) [0x7dbd499ae5a0]
=============
Duplicate entry ArrheniusCrossPowerLaw in runtime table viscosityModel
	platforms/linux64GccDPInt32Opt/lib/libincompressibleTransportModelsLMFOAM.so(+0x37cb6) [0x773f3927ecb6]
#2	/lib64/ld-linux-x86-64.so.2(+0x571f) [0x773f394de71f]
#3	/lib64/ld-linux-x86-64.so.2(+0x5824) [0x773f394de824]
#4	/lib64/ld-linux-x86-64.so.2(+0x1f5a0) [0x773f394f85a0]
=============
Duplicate entry ArrheniusCasson	platforms/linux64GccDPInt32Opt/lib/libincompressibleTransportModelsLMFOAM.so(+0x37cb6) [0x7c82cfed3cb6]
#2	/lib64/ld-linux-x86-64.so.2(+0x571f) [0x7c82d013371f]
#3	/lib64/ld-linux-x86-64.so.2(+0x5824) [0x7c82d0133824]
#4	/lib64/ld-linux-x86-64.so.2(+0x1f5a0) [0x7c82d014d5a0]
=============
Duplicate entry ArrheniusCasson in runtime table viscosityModel
ArrheniusCasson in runtime table viscosityModel
platforms/linux64GccDPInt32Opt/lib/libincompressibleTransportModelsLMFOAM.so(+0x37cb6) [0x7f5a96712cb6]
#2	/lib64/ld-linux-x86-64.so.2(+0x571f) [0x7f5a9697271f]
#3	/lib64/ld-linux-x86-64.so.2(+0x5824) [0x7f5a96972824]
#4	/lib64/ld-linux-x86-64.so.2(+0x1f5a0) [0x7f5a9698c5a0]
=============
Duplicate entry ArrheniusCasson/lib64/ld-linux-x86-64.so.2(+0x571f) [0x7c24fcba471f]
#3	/lib64/ld-linux-x86-64.so.2(+0x5824) [0x7c24fcba4824]
#4	/lib64/ld-linux-x86-64.so.2(+0x1f5a0) [0x7c24fcbbe5a0]
=============
Duplicate entry ArrheniusCasson in runtime table viscosityModel
#1	platforms/linux64GccDPInt32Opt/lib/libincompressibleTransportModelsLMFOAM.so(+0x37cb6) [0x770193e46cb6]
#2	/lib64/ld-linux-x86-64.so.2(+0x571f) [0x7701940a671f]
#3	/lib64/ld-linux-x86-64.so.2(+0x5824) [0x7701940a6824]
#4	/lib64/ld-linux-x86-64.so.2(+0x1f5a0) [0x7701940c05a0]
=============
Duplicate entry ArrheniusCasson in runtime table viscosityModel
Duplicate entry ArrheniusCrossPowerLaw in runtime table viscosityModel
[stack trace]
=============
#1	platforms/linux64GccDPInt32Opt/lib/libincompressibleTransportModelsLMFOAM.so(+0x37e29) [0x7d992a770e29]
#2	/lib64/ld-linux-x86-64.so.2(+0x571f) [0x7d992a9d071f]
#3	/lib64/ld-linux-x86-64.so.2(+0x5824) [0x7d992a9d0824]
#4	/lib64/ld-linux-x86-64.so.2(+0x1f5a0) [0x7d992a9ea5a0]
=============
Duplicate entry ArrheniusHerschelBulkley in runtime table viscosityModel

Duplicate entry ArrheniusCasson in runtime table viscosityModel
[stack trace]
=============
#1	platforms/linux64GccDPInt32Opt/lib/libincompressibleTransportModelsLMFOAM.so(+0x37d7a) [0x70cd1cf84d7a]
#2	/lib64/ld-linux-x86-64.so.2(+0x571f) [0x70cd1d1e471f]
#3	/lib64/ld-linux-x86-64.so.2(+0x5824) [0x70cd1d1e4824]
#4	/lib64/ld-linux-x86-64.so.2(+0x1f5a0) [0x70cd1d1fe5a0]
=============
Duplicate entry ArrheniusCrossPowerLaw in runtime table viscosityModel
[stack trace]
=============
#1	platforms/linux64GccDPInt32Opt/lib/libincompressibleTransportModelsLMFOAM.so(+0x37cb6) [0x70f04cd8ccb6]
#2	/lib64/ld-linux-x86-64.so.2(+0x571f) [0x70f04cfec71f]
#3	/lib64/ld-linux-x86-64.so.2(+0x5824) [0x70f04cfec824]
#4	/lib64/ld-linux-x86-64.so.2(+0x1f5a0) [0x70f04d0065a0]
=============
 in runtime table viscosityModel
[stack trace]
=============
#1	 in runtime table viscosityModel
[stack trace]
=============
#1	platforms/linux64GccDPInt32Opt/lib/libincompressibleTransportModelsLMFOAM.so(+0x37cb6) [0x7c24b0996cb6]
#2	/lib64/ld-linux-x86-64.so.2(+0x571f) [0x7c24b0bf671f]
#3	/lib64/ld-linux-x86-64.so.2(+0x5824) [0x7c24b0bf6824]
#[stack trace]
=============
#1	platforms/linux64GccDPInt32Opt/lib/libincompressibleTransportModelsLMFOAM.so(+0x37cb6) [0x7e5f6adaecb6]
#2	/lib64/ld-linux-x86-64.so.2(+0x571f) [0x7e5f6b00e71f]
#3	/lib64/ld-linux-x86-64.so.2(+0x5824) [0x7e5f6b00e824]
#4
Duplicate entry ArrheniusCrossPowerLaw in runtime table viscosityModel
4	/lib64/ld-linux-x86-64.so.2(+0x1f5a0) [0x7c24b0c105a0]
=============
Duplicate entry ArrheniusCasson in runtime table 	/lib64/ld-linux-x86-64.so.2(+0x1f5a0) [0x7e5f6b0285a0]
=============
Duplicate entry ArrheniusCasson in runtime table viscosityModel[stack trace]
=============
#1	platforms/linux64GccDPInt32Opt/lib/libincompressibleTransportModelsLMFOAM.so(+0x37d7a) [0x7318310afd7a]
#2	Duplicate entry ArrheniusCasson in runtime table viscosityModel
platforms/linux64GccDPInt32Opt/lib/libincompressibleTransportModelsLMFOAM.so(+0x37cb6) [0x7792406bbcb6]
#2	/lib64/ld-linux-x86-64.so.2(+0x571f) [0x77924091b71f]
#3	/lib64/ld-linux-x86-64.so.2(+0x5824) [0x77924091b824]
#4	/lib64/ld-linux-x86-64.so.2(+0x1f5a0) [0x7792409355a0]
=============
[stack trace]
=============
#1	platforms/linux64GccDPInt32Opt/lib/libincompressibleTransportModelsLMFOAM.so(+0x37cb6) [0x78f541d3fcb6]
#2	/lib64/ld-linux-x86-64.so.2(+0x571f) [0x78f541f9f71f]
#3	/lib64/ld-linux-x86-64.so.2(+0x5824) [0x78f541f9f824]
[stack trace]
=============
#1	platforms/linux64GccDPInt32Opt/lib/libincompressibleTransportModelsLMFOAM.so(+0x37ed8) [0x7da03ad98ed8]
#2	/lib64/ld-linux-x86-64.so.2(+0x571f) [0x7da03aff871f]
#3	/lib64/ld-linux-x86-64.so.2(+0x5824) [0x7da03aff8824]
#4	/lib64/ld-linux-x86-64.so.2(+0x1f5a0) [0x7da03b0125a0]
=============
[stack trace]
=============
#1	platforms/linux64GccDPInt32Opt/lib/libincompressibleTransportModelsLMFOAM.so(+0x37d7a) [0x72c2dae4ed7a]
#2	/lib64/ld-linux-x86-64.so.2(+0x571f) [0x72c2db0ae71f]
#3	/lib64/ld-linux-x86-64.so.2(+0x5824) [0x72c2db0ae824]
#4	/lib64/ld-linux-x86-64.so.2(+0x1f5a0) [0x72c2db0c85a0]
=============
viscosityModel
[stack trace]
=============
#1	
[stack trace]
=============
#1	platforms/linux64GccDPInt32Opt/lib/libincompressibleTransportModelsLMFOAM.so(+0x37f87) [0x7d1761f8bf87]
#2	/lib64/ld-linux-x86-64.so.2(+0x571f) [0x7d17621eb71f]
#3	/lib64/ld-linux-x86-64.so.2(+0x5824) [0x7d17621eb824]
#4	/lib64/ld-linux-x86-64.so.2(+0x1f5a0) [0x7d17622055a0]
=============
[stack trace]
=============
/lib64/ld-linux-x86-64.so.2(+0x571f) [0x73183130f71f]
#3	/lib64/ld-linux-x86-64.so.2(+0x5824) [0x73183130f824]
#4	/lib64/ld-linux-x86-64.so.2(+0x1f5a0) [0x7318313295a0]
=============
Duplicate entry ArrheniusCrossPowerLaw in runtime table viscosityModel
[stack trace]
=============
#1	platforms/linux64GccDPInt32Opt/lib/libincompressibleTransportModelsLMFOAM.so(+0x37cb6) [0x70d7b0493cb6]
#2	/lib64/ld-linux-x86-64.so.2(+0x571f) [0x70d7b06f371f]
#3	[stack trace]
=============
#1	platforms/linux64GccDPInt32Opt/lib/libincompressibleTransportModelsLMFOAM.so(+0x37cb6) [0x743e3b156cb6]
#2	/lib64/ld-linux-x86-64.so.2(+0x571f) [0x743e3b3b671f]
#3[stack trace]
=============
#1	platforms/linux64GccDPInt32Opt/lib/libincompressibleTransportModelsLMFOAM.so(+0x37d7a) [0x707bb73fad7a]
#2	/lib64/ld-linux-x86-64.so.2(+0x571f) [0x707bb765a71f]
#3	/lib64/ld-linux-x86-64.so.2(+0x5824) [0x707bb765a824]
#4	/lib64/ld-linux-x86-64.so.2(+0x1f5a0) [0x707bb76745a0]
=============
Duplicate entry [stack trace]
=============
#1	platforms/linux64GccDPInt32Opt/lib/libincompressibleTransportModelsLMFOAM.so(+0x37cb6) [0x72f64d79bcb6]
#2	Duplicate entry ArrheniusCasson in runtime table viscosityModel
Duplicate entry ArrheniusNewtonian in runtime table viscosityModel
#4	/lib64/ld-linux-x86-64.so.2(+0x1f5a0) [0x78f541fb95a0]
=============
Duplicate entry ArrheniusCasson in runtime table viscosityModel
[stack trace]
=============
#1	platforms/linux64GccDPInt32Opt/lib/libincompressibleTransportModelsLMFOAM.so(+0x37cb6) [0x732ee1ddbcb6]
#2	/lib64/ld-linux-x86-64.so.2(+0x571f) [0x732ee203b71f]
#3	/lib64/ld-linux-x86-64.so.2(+0x5824) [0x732ee203b824]
#4	/lib64/ld-linux-x86-64.so.2(+0x1f5a0) [0x732ee20555a0]
=============
Duplicate entry ArrheniusCasson in runtime table viscosityModel
/lib64/ld-linux-x86-64.so.2(+0x571f) [0x72f64d9fb71f]
#3	/lib64/ld-linux-x86-64.so.2(+0x5824) [0x72f64d9fb824]
#4	/lib64/ld-linux-x86-64.so.2(+0x1f5a0) [0x72f64da155a0]
=============
[stack trace]
=============
#1	platforms/linux64GccDPInt32Opt/lib/libincompressibleTransportModelsLMFOAM.so(+0x37e29) [0x7ba907607e29]
#2	/lib64/ld-linux-x86-64.so.2(+0x571f) [0x7ba90786771f]
#3	/lib64/ld-linux-x86-64.so.2(+0x5824) [0x7ba907867824]
#4	/lib64/ld-linux-x86-64.so.2(+0x1f5a0) [0x7ba9078815a0]
=============
Duplicate entry ArrheniusHerschelBulkley in runtime table viscosityModel
Duplicate entry ArrheniusCrossPowerLaw in runtime table viscosityModel
platforms/linux64GccDPInt32Opt/lib/libincompressibleTransportModelsLMFOAM.so(+0x37cb6) [0x77b0e7bc7cb6]
#2	/lib64/ld-linux-x86-64.so.2(+0x571f) [0x77b0e7e2771f]
#3	/lib64/ld-linux-x86-64.so.2(+0x5824) [0x77b0e7e27824]
#4	/lib64/ld-linux-x86-64.so.2(+0x1f5a0) [0x77b0e7e415a0]
=============
Duplicate entry ArrheniusCasson in runtime table viscosityModel
[stack trace]
=============
#1	platforms/linux64GccDPInt32Opt/lib/libincompressibleTransportModelsLMFOAM.so(+0x37ed8) [0x7d992a770ed8]
#2	/lib64/ld-linux-x86-64.so.2(+0x571f) [0x7d992a9d071f]
#3	/lib64/ld-linux-x86-64.so.2(+0x5824) [0x7d992a9d0824]
#4	[stack trace]
=============
#1	platforms/linux64GccDPInt32Opt/lib/libincompressibleTransportModelsLMFOAM.so(+0x37e29) [0x757c9e71ce29]
#2	/lib64/ld-linux-x86-64.so.2(+0x571f) [0x757c9e97c71f]
#3	/lib64/ld-linux-x86-64.so.2(+0x5824) [0x757c9e97c824]
#4	/lib64/ld-linux-x86-64.so.2(+0x1f5a0) [0x757c9e9965a0][stack trace]
=============
#1	[stack trace]
=============
#1	platforms/linux64GccDPInt32Opt/lib/libincompressibleTransportModelsLMFOAM.so(+0x37d7a) [0x7a1065031d7a]
#2	/lib64/ld-linux-x86-64.so.2(+0x571f) [0x7a106529171f]
#3	/lib64/ld-linux-x86-64.so.2(+0x5824) [0x7a1065291824]
#4	[stack trace]
=============
#1	platforms/linux64GccDPInt32Opt/lib/libincompressibleTransportModelsLMFOAM.so(+0x37e29) [0x749646ea8e29]
#2	/lib64/ld-linux-x86-64.so.2(+0x571f) [0x74964710871f]
#3	/lib64/ld-linux-x86-64.so.2(+0x5824) [0x749647108824]
#4	/lib64/ld-linux-x86-64.so.2(+0x1f5a0) [0x7496471225a0]
=============[stack trace]
=============
#1	platforms/linux64GccDPInt32Opt/lib/libincompressibleTransportModelsLMFOAM.so(+0x37e29) [0x70cd1cf84e29]
#2	/lib64/ld-linux-x86-64.so.2(+0x571f) [0x70cd1d1e471f]
#3	/lib64/ld-linux-x86-64.so.2(+0x5824) [0x70cd1d1e4824]
#4	/lib64/ld-linux-x86-64.so.2(+0x1f5a0) [0x70cd1d1fe5a0]
=============
Duplicate entry ArrheniusHerschelBulkley in runtime table viscosityModel
[stack trace]
=============
#1	platforms/linux64GccDPInt32Opt/lib/libincompressibleTransportModelsLMFOAM.so(+0x37e29) [0x7dbd49734e29]
#2	/lib64/ld-linux-x86-64.so.2(+0x571f) [0x7dbd4999471f]
#3	/lib64/ld-linux-x86-64.so.2(+0x5824) [0x7dbd49994824]
#4	/lib64/ld-linux-x86-64.so.2(+0x1f5a0) [0x7dbd499ae5a0]
=============
Duplicate entry ArrheniusHerschelBulkley in runtime table #1	platforms/linux64GccDPInt32Opt/lib/libincompressibleTransportModelsLMFOAM.so(+0x37cb6) [0x7e864b669cb6]
#2	/lib64/ld-linux-x86-64.so.2(+0x571f) [0x7e864b8c971f]
#3	/lib64/ld-linux-x86-64.so.2(+0x5824) [0x7e864b8c9824]
#4	/lib64/ld-linux-x86-64.so.2(+0x1f5a0) [0x7e864b8e35a0]
=============
Duplicate entry ArrheniusCasson in runtime table viscosityModel
/lib64/ld-linux-x86-64.so.2(+0x5824) [0x70d7b06f3824]
#4	/lib64/ld-linux-x86-64.so.2(+0x1f5a0) [0x70d7b070d5a0]
=============
Duplicate entry ArrheniusCasson in runtime table viscosityModel
[stack trace]
=============
#1	platforms/linux64GccDPInt32Opt/lib/libincompressibleTransportModelsLMFOAM.so(+0x37d7a) [0x7c82cfed3d7a]
#2	/lib64/ld-linux-x86-64.so.2(+0x571f) [0x7c82d013371f]
#3	/lib64/ld-linux-x86-64.so.2(+0x5824) [0x7c82d0133824]
#4	/lib64/ld-linux-x86-64.so.2(+0x1f5a0) [0x7c82d014d5a0]
=============
Duplicate entry ArrheniusCrossPowerLaw in runtime table viscosityModel
[stack trace]
=============
#1	platforms/linux64GccDPInt32Opt/lib/libincompressibleTransportModelsLMFOAM.so(+0x37d7a) [0x773f3927ed7a]
#2	/lib64/ld-linux-x86-64.so.2(+0x571f) [0x773f394de71f]
#3	/lib64/ld-linux-x86-64.so.2(+0x5824) [0x773f394de824]
#4	/lib64/ld-linux-x86-64.so.2(+0x1f5a0) [0x773f394f85a0]
=============
Duplicate entry ArrheniusCrossPowerLaw in runtime table viscosityModel
	/lib64/ld-linux-x86-64.so.2(+0x5824) [0x743e3b3b6824]
#4	/lib64/ld-linux-x86-64.so.2(+0x1f5a0) [0x743e3b3d05a0]
=============
Duplicate entry ArrheniusCasson in runtime table viscosityModel
ArrheniusCrossPowerLaw in runtime table viscosityModel
[stack trace]
=============
#1	platforms/linux64GccDPInt32Opt/lib/libincompressibleTransportModelsLMFOAM.so(+0x37e29) [0x710465f4de29]
#2	/lib64/ld-linux-x86-64.so.2(+0x571f) [0x7104661ad71f]
#3	/lib64/ld-linux-x86-64.so.2(+0x5824) [0x7104661ad824]
#4	/lib64/ld-linux-x86-64.so.2(+0x1f5a0) [0x7104661c75a0]
=============
Duplicate entry ArrheniusHerschelBulkley in runtime table viscosityModel
[stack trace]
=============
#1	platforms/linux64GccDPInt32Opt/lib/libincompressibleTransportModelsLMFOAM.so(+0x37d7a) [0x7c24fc944d7a]
#2	/lib64/ld-linux-x86-64.so.2(+0x571f) [0x7c24fcba471f]
#3	/lib64/ld-linux-x86-64.so.2(+0x5824) [0x7c24fcba4824]
#4	/lib64/ld-linux-x86-64.so.2(+0x1f5a0) [0x7c24fcbbe5a0]
=============
Duplicate entry ArrheniusCrossPowerLaw in runtime table viscosityModel
/lib64/ld-linux-x86-64.so.2(+0x1f5a0) [0x7d992a9ea5a0]
=============
Duplicate entry ArrheniusNewtonian in runtime table viscosityModel

=============
Duplicate entry ArrheniusHerschelBulkley in runtime table viscosityModel
platforms/linux64GccDPInt32Opt/lib/libincompressibleTransportModelsLMFOAM.so(+0x37cb6) [0x76c14cf12cb6]
#2	/lib64/ld-linux-x86-64.so.2(+0x571f) [0x76c14d17271f]
#3	/lib64/ld-linux-x86-64.so.2(+0x5824) [0x76c14d172824]
#4	/lib64/ld-linux-x86-64.so.2(+0x1f5a0) [0x76c14d18c5a0]
=============
Duplicate entry ArrheniusCasson in runtime table viscosityModel
/lib64/ld-linux-x86-64.so.2(+0x1f5a0) [0x7a10652ab5a0]
=============
Duplicate entry ArrheniusCrossPowerLaw in runtime table viscosityModel

Duplicate entry ArrheniusHerschelBulkley in runtime table viscosityModel
viscosityModel
[stack trace]
=============
#1	platforms/linux64GccDPInt32Opt/lib/libincompressibleTransportModelsLMFOAM.so(+0x37e29) [0x7318310afe29]
#2	/lib64/ld-linux-x86-64.so.2(+0x571f) [0x73183130f71f]
#3	/lib64/ld-linux-x86-64.so.2(+0x5824) [0x73183130f824]
#4	[stack trace]
=============
#1	platforms/linux64GccDPInt32Opt/lib/libincompressibleTransportModelsLMFOAM.so(+0x37d7a) [0x7f5a96712d7a]
#2	/lib64/ld-linux-x86-64.so.2(+0x571f) [0x7f5a9697271f]
#3	/lib64/ld-linux-x86-64.so.2(+0x5824) [0x7f5a96972824]
#4	/lib64/ld-linux-x86-64.so.2(+0x1f5a0) [0x7f5a9698c5a0]
=============
Duplicate entry ArrheniusCrossPowerLaw in runtime table viscosityModel
[stack trace]
=============
#1	platforms/linux64GccDPInt32Opt/lib/libincompressibleTransportModelsLMFOAM.so(+0x37e29) [0x72a66538be29]
#2	/lib64/ld-linux-x86-64.so.2(+0x571f) [0x72a6655eb71f]
#3	/lib64/ld-linux-x86-64.so.2(+0x5824) [0x72a6655eb824]
#4	[stack trace]
=============
#1	platforms/linux64GccDPInt32Opt/lib/libincompressibleTransportModelsLMFOAM.so(+0x37e29) [0x7e02ecabae29]
#2	/lib64/ld-linux-x86-64.so.2(+0x571f) [0x7e02ecd1a71f]
#3	/lib64/ld-linux-x86-64.so.2(+0x5824) [0x7e02ecd1a824]
#4	/lib64/ld-linux-x86-64.so.2(+0x1f5a0) [0x7e02ecd345a0]
=============
Duplicate entry ArrheniusHerschelBulkley in runtime table viscosityModel
Duplicate entry ArrheniusCasson in runtime table viscosityModel
[stack trace]
=============
#1	platforms/linux64GccDPInt32Opt/lib/libincompressibleTransportModelsLMFOAM.so(+0x37d7a) [0x770193e46d7a]
#2	/lib64/ld-linux-x86-64.so.2(+0x571f) [0x7701940a671f]
#3	/lib64/ld-linux-x86-64.so.2(+0x5824) [0x7701940a6824]
#4	/lib64/ld-linux-x86-64.so.2(+0x1f5a0) [0x7701940c05a0]
=============
Duplicate entry ArrheniusCrossPowerLaw in runtime table viscosityModel
[stack trace]
=============
#1	platforms/linux64GccDPInt32Opt/lib/libincompressibleTransportModelsLMFOAM.so(+0x37e29) [0x707bb73fae29]
#2	/lib64/ld-linux-x86-64.so.2(+0x571f) [0x707bb765a71f]
#3	/lib64/ld-linux-x86-64.so.2(+0x5824) [0x707bb765a824]
#4	/lib64/ld-linux-x86-64.so.2(+0x1f5a0) [0x707bb76745a0]
=============
Duplicate entry ArrheniusHerschelBulkley in runtime table viscosityModel[stack trace]
=============
#1	platforms/linux64GccDPInt32Opt/lib/libincompressibleTransportModelsLMFOAM.so(+0x37d7a) [0x70f04cd8cd7a]
#2	/lib64/ld-linux-x86-64.so.2(+0x571f) [0x70f04cfec71f]
#3	/lib64/ld-linux-x86-64.so.2(+0x1f5a0) [0x7318313295a0]
=============
Duplicate entry ArrheniusHerschelBulkley in runtime table viscosityModel
[stack trace]
=============
#1	platforms/linux64GccDPInt32Opt/lib/libincompressibleTransportModelsLMFOAM.so(+0x37f87) [0x7da03ad98f87]
#2	/lib64/ld-linux-x86-64.so.2(+0x571f) [0x7da03aff871f]
#3	/lib64/ld-linux-x86-64.so.2(+0x5824) [0x7da03aff8824]
#4	/lib64/ld-linux-x86-64.so.2(+0x1f5a0) [0x7da03b0125a0]
=============
/lib64/ld-linux-x86-64.so.2(+0x1f5a0) [0x72a6656055a0]
=============
Duplicate entry ArrheniusHerschelBulkley in runtime table viscosityModel
[stack trace]
=============
#1	platforms/linux64GccDPInt32Opt/lib/libincompressibleTransportModelsLMFOAM.so(+0x37ed8) [0x7ba907607ed8]
#2	/lib64/ld-linux-x86-64.so.2(+0x571f) [0x7ba90786771f]
#3	/lib64/ld-linux-x86-64.so.2(+0x5824) [0x7ba907867824]
#4	/lib64/ld-linux-x86-64.so.2(+0x1f5a0) [0x7ba9078815a0]
=============
[stack trace]
=============
#1	platforms/linux64GccDPInt32Opt/lib/libincompressibleTransportModelsLMFOAM.so(+0x37e29) [0x72c2dae4ee29]
#2	/lib64/ld-linux-x86-64.so.2(+0x571f) [0x72c2db0ae71f]
#3	/lib64/ld-linux-x86-64.so.2(+0x5824) [0x72c2db0ae824]
#4	/lib64/ld-linux-x86-64.so.2(+0x1f5a0) [0x72c2db0c85a0]
=============
Duplicate entry ArrheniusHerschelBulkley in runtime table viscosityModel
[stack trace]
=============
#1	platforms/linux64GccDPInt32Opt/lib/libincompressibleTransportModelsLMFOAM.so(+0x37d7a) [0x7c24b0996d7a]Duplicate entry ArrheniusNewtonian in runtime table viscosityModel
[stack trace]
[stack trace]
=============
#1	platforms/linux64GccDPInt32Opt/lib/libincompressibleTransportModelsLMFOAM.so(+0x37f87) [0x7d992a770f87]
#2	/lib64/ld-linux-x86-64.so.2(+0x571f) [0x7d992a9d071f]
[stack trace]
=============
#1	platforms/linux64GccDPInt32Opt/lib/libincompressibleTransportModelsLMFOAM.so(+0x37ed8) [0x70cd1cf84ed8]
#2	/lib64/ld-linux-x86-64.so.2(+0x571f) [0x70cd1d1e471f]
#3
/lib64/ld-linux-x86-64.so.2(+0x5824) [0x70f04cfec824]
#4	/lib64/ld-linux-x86-64.so.2(+0x1f5a0) [0x70f04d0065a0]
=============
Duplicate entry ArrheniusCrossPowerLaw in runtime table viscosityModel
=============
#1	platforms/linux64GccDPInt32Opt/lib/libincompressibleTransportModelsLMFOAM.so(+0x37d7a) [0x7e5f6adaed7a]
#2	/lib64/ld-linux-x86-64.so.2(+0x571f) [0x7e5f6b00e71f]
#3	/lib64/ld-linux-x86-64.so.2(+0x5824) [0x7d992a9d0824]
#4	/lib64/ld-linux-x86-64.so.2(+0x1f5a0) [0x7d992a9ea5a0]
=============
[stack trace]
=============
#1	platforms/linux64GccDPInt32Opt/lib/libincompressibleTransportModelsLMFOAM.so(+0x37ed8) [0x7dbd49734ed8]
#2	/lib64/ld-linux-x86-64.so.2(+0x571f) [0x7dbd4999471f]
#3	/lib64/ld-linux-x86-64.so.2(+0x5824) [0x7dbd49994824]
#4	[stack trace]
=============
#1	platforms/linux64GccDPInt32Opt/lib/libincompressibleTransportModelsLMFOAM.so(+0x37e29) [0x7c82cfed3e29]
#2	/lib64/ld-linux-x86-64.so.2(+0x571f) [0x7c82d013371f]
#3	/lib64/ld-linux-x86-64.so.2(+0x5824) [0x7c82d0133824]
#[stack trace]
=============
#1	platforms/linux64GccDPInt32Opt/lib/libincompressibleTransportModelsLMFOAM.so(+0x37e29) [0x773f3927ee29]
#2	/lib64/ld-linux-x86-64.so.2(+0x571f) [0x773f394de71f]
#3	/lib64/ld-linux-x86-64.so.2(+0x5824) [0x773f394de824]
#	/lib64/ld-linux-x86-64.so.2(+0x5824) [0x70cd1d1e4824]
#4	/lib64/ld-linux-x86-64.so.2(+0x1f5a0) [0x70cd1d1fe5a0]
=============
Duplicate entry ArrheniusNewtonian in runtime table viscosityModel
[stack trace]
=============
#1	platforms/linux64GccDPInt32Opt/lib/libincompressibleTransportModelsLMFOAM.so(+0x37d7a) [0x7792406bbd7a]
#2	/lib64/ld-linux-x86-64.so.2(+0x571f) [0x77924091b71f]
#3	/lib64/ld-linux-x86-64.so.2(+0x5824) [0x77924091b824]
#4	/lib64/ld-linux-x86-64.so.2(+0x1f5a0) [0x7792409355a0]
=============
Duplicate entry 
#2	/lib64/ld-linux-x86-64.so.2(+0x571f) [0x7c24b0bf671f]
#3	/lib64/ld-linux-x86-64.so.2(+0x5824) [0x7c24b0bf6824]
#4	/lib64/ld-linux-x86-64.so.2(+0x1f5a0) [0x7c24b0c105a0]
=============
Duplicate entry ArrheniusCrossPowerLaw in runtime table viscosityModel
[stack trace]
=============
#1	platforms/linux64GccDPInt32Opt/lib/libincompressibleTransportModelsLMFOAM.so(+0x37e29) [0x7a1065031e29]
#2	/lib64/ld-linux-x86-64.so.2(+0x571f) [0x7a106529171f]
#3	/lib64/ld-linux-x86-64.so.2(+0x5824) [0x7a1065291824]
#4	/lib64/ld-linux-x86-64.so.2(+0x1f5a0) [0x7a10652ab5a0]
=============
Duplicate entry ArrheniusHerschelBulkley in runtime table viscosityModel
#3	/lib64/ld-linux-x86-64.so.2(+0x5824) [0x7e5f6b00e824]
#4	/lib64/ld-linux-x86-64.so.2(+0x1f5a0) [0x7e5f6b0285a0]
=============
Duplicate entry ArrheniusCrossPowerLaw in runtime table viscosityModel
[stack trace]
=============
#1	platforms/linux64GccDPInt32Opt/lib/libincompressibleTransportModelsLMFOAM.so(+0x37ed8) [0x749646ea8ed8]
#2	/lib64/ld-linux-x86-64.so.2(+0x571f) [0x74964710871f]
#3	/lib64/ld-linux-x86-64.so.2(+0x5824) [0x749647108824]
#4	/lib64/ld-linux-x86-64.so.2(+0x1f5a0) [0x7496471225a0]
=============
Duplicate entry ArrheniusNewtonian in runtime table viscosityModel
/lib64/ld-linux-x86-64.so.2(+0x1f5a0) [0x7dbd499ae5a0]
=============
Duplicate entry ArrheniusNewtonian in runtime table viscosityModel
4	/lib64/ld-linux-x86-64.so.2(+0x1f5a0) [0x7c82d014d5a0]
=============
Duplicate entry ArrheniusHerschelBulkley in runtime table viscosityModel
4	/lib64/ld-linux-x86-64.so.2(+0x1f5a0) [0x773f394f85a0]
=============
Duplicate entry ArrheniusHerschelBulkley in runtime table viscosityModel
[stack trace]
=============
#1	platforms/linux64GccDPInt32Opt/lib/libincompressibleTransportModelsLMFOAM.so(+0x37ed8) [0x7318310afed8]
#2	/lib64/ld-linux-x86-64.so.2(+0x571f) [0x73183130f71f]
#3	/lib64/ld-linux-x86-64.so.2(+0x5824) [0x73183130f824]
#4	/lib64/ld-linux-x86-64.so.2(+0x1f5a0) [0x7318313295a0]
=============
Duplicate entry ArrheniusNewtonian in runtime table viscosityModel
ArrheniusCrossPowerLaw in runtime table viscosityModel
[stack trace]
=============
#1	platforms/linux64GccDPInt32Opt/lib/libincompressibleTransportModelsLMFOAM.so(+0x37e29) [0x7c24fc944e29]
#2	/lib64/ld-linux-x86-64.so.2(+0x571f) [0x7c24fcba471f]
#3	/lib64/ld-linux-x86-64.so.2(+0x5824) [0x7c24fcba4824]
#4	/lib64/ld-linux-x86-64.so.2(+0x1f5a0) [0x7c24fcbbe5a0]
=============
Duplicate entry ArrheniusHerschelBulkley in runtime table viscosityModel
[stack trace]
=============
#[stack trace]
=============
#1	platforms/linux64GccDPInt32Opt/lib/libincompressibleTransportModelsLMFOAM.so(+0x37e29) [0x7f5a96712e29]
#2	/lib64/ld-linux-x86-64.so.2(+0x571f) [0x7f5a9697271f]
#3	/lib64/ld-linux-x86-64.so.2(+0x5824) [0x7f5a96972824][stack trace]
=============
#1	platforms/linux64GccDPInt32Opt/lib/libincompressibleTransportModelsLMFOAM.so(+0x37d7a) [0x78f541d3fd7a]
#2	/lib64/ld-linux-x86-64.so.2(+0x571f) [0x78f541f9f71f]
#3	/lib64/ld-linux-x86-64.so.2(+0x5824) [0x78f541f9f824]
#4	/lib64/ld-linux-x86-64.so.2(+0x1f5a0) [0x78f541fb95a0]
[stack trace]
=============
#1	platforms/linux64GccDPInt32Opt/lib/libincompressibleTransportModelsLMFOAM.so(+0x37ed8) [0x72c2dae4eed8]
#2	/lib64/ld-linux-x86-64.so.2(+0x571f) [0x72c2db0ae71f]
#3	/lib64/ld-linux-x86-64.so.2(+0x5824) [0x72c2db0ae824]
#4	/lib64/ld-linux-x86-64.so.2(+0x1f5a0) [0x72c2db0c85a0]
=============
[stack trace]
=============
#1=============
Duplicate entry ArrheniusCrossPowerLaw in runtime table viscosityModel[stack trace]
=============
#1[stack trace]
=============
#1	platforms/linux64GccDPInt32Opt/lib/libincompressibleTransportModelsLMFOAM.so(+0x37f87) [0x7ba907607f87]
#2	/lib64/ld-linux-x86-64.so.2(+0x571f) [0x7ba90786771f]
[stack trace]
=============
#1	platforms/linux64GccDPInt32Opt/lib/libincompressibleTransportModelsLMFOAM.so(+0x37d7a) [0x7e864b669d7a]Duplicate entry ArrheniusNewtonian in runtime table viscosityModel
[stack trace]
=============
#1	platforms/linux64GccDPInt32Opt/lib/libincompressibleTransportModelsLMFOAM.so(+0x37ed8) [0x707bb73faed8]
#2	/lib64/ld-linux-x86-64.so.2(+0x571f) [0x707bb765a71f]
#31	platforms/linux64GccDPInt32Opt/lib/libincompressibleTransportModelsLMFOAM.so(+0x37d7a) [0x732ee1ddbd7a]
#2	/lib64/ld-linux-x86-64.so.2(+0x571f) [0x732ee203b71f]
#3	/lib64/ld-linux-x86-64.so.2(+0x5824) [0x732ee203b824]
#4	/lib64/ld-linux-x86-64.so.2(+0x1f5a0) [0x7f5a9698c5a0]
=============
Duplicate entry ArrheniusHerschelBulkley in runtime table viscosityModel
[stack trace]
=============
#1	platforms/linux64GccDPInt32Opt/lib/libincompressibleTransportModelsLMFOAM.so(+0x37d7a) [0x72f64d79bd7a]
#2	/lib64/ld-linux-x86-64.so.2(+0x571f) [0x72f64d9fb71f]
#3[stack trace]
	/lib64/ld-linux-x86-64.so.2(+0x5824) [0x72f64d9fb824]
#4	/lib64/ld-linux-x86-64.so.2(+0x1f5a0) [0x72f64da155a0]
	/lib64/ld-linux-x86-64.so.2(+0x5824) [0x707bb765a824]
#4	/lib64/ld-linux-x86-64.so.2(+0x1f5a0) [0x707bb76745a0]
=============
Duplicate entry ArrheniusNewtonian in runtime table viscosityModel

#4	/lib64/ld-linux-x86-64.so.2(+0x1f5a0) [0x732ee20555a0]
=============
Duplicate entry ArrheniusCrossPowerLaw[stack trace]
=============
#1	platforms/linux64GccDPInt32Opt/lib/libincompressibleTransportModelsLMFOAM.so(+0x37f87) [0x70cd1cf84f87]
#2	/lib64/ld-linux-x86-64.so.2(+0x571f) [0x70cd1d1e471f]
#3	/lib64/ld-linux-x86-64.so.2(+0x5824) [0x70cd1d1e4824]
#4	/lib64/ld-linux-x86-64.so.2(+0x1f5a0) [0x70cd1d1fe5a0]
=============
	platforms/linux64GccDPInt32Opt/lib/libincompressibleTransportModelsLMFOAM.so(+0x37d7a) [0x743e3b156d7a]
#2	/lib64/ld-linux-x86-64.so.2(+0x571f) [0x743e3b3b671f]
#3	/lib64/ld-linux-x86-64.so.2(+0x5824) [0x743e3b3b6824]
#4	
	platforms/linux64GccDPInt32Opt/lib/libincompressibleTransportModelsLMFOAM.so(+0x37d7a) [0x77b0e7bc7d7a]
#2	/lib64/ld-linux-x86-64.so.2(+0x571f) [0x77b0e7e2771f]
#3	/lib64/ld-linux-x86-64.so.2(+0x5824) [0x77b0e7e27824]
#4	/lib64/ld-linux-x86-64.so.2(+0x1f5a0) [0x77b0e7e415a0]
=============
#3	/lib64/ld-linux-x86-64.so.2(+0x5824) [0x7ba907867824]
#4	/lib64/ld-linux-x86-64.so.2(+0x1f5a0) [0x7ba9078815a0]
=============
[stack trace]
=============
#1	platforms/linux64GccDPInt32Opt/lib/libincompressibleTransportModelsLMFOAM.so(+0x37d7a) [0x70d7b0493d7a]
#2	/lib64/ld-linux-x86-64.so.2(+0x571f) [0x70d7b06f371f]
#2	/lib64/ld-linux-x86-64.so.2(+0x571f) [0x7e864b8c971f]
#3	/lib64/ld-linux-x86-64.so.2(+0x5824) [0x7e864b8c9824]
#4	/lib64/ld-linux-x86-64.so.2(+0x1f5a0) [0x7e864b8e35a0]
/lib64/ld-linux-x86-64.so.2(+0x1f5a0) [0x743e3b3d05a0]
=============
Duplicate entry ArrheniusCrossPowerLaw in runtime table viscosityModel
[stack trace]
=============
#1	platforms/linux64GccDPInt32Opt/lib/libincompressibleTransportModelsLMFOAM.so(+0x37ed8) [0x757c9e71ced8]
#2	/lib64/ld-linux-x86-64.so.2(+0x571f) [0x757c9e97c71f]
#3	/lib64/ld-linux-x86-64.so.2(+0x5824) [0x757c9e97c824]Duplicate entry ArrheniusCrossPowerLaw in runtime table viscosityModel

#3	/lib64/ld-linux-x86-64.so.2(+0x5824) [0x70d7b06f3824]
#4=============
#1	platforms/linux64GccDPInt32Opt/lib/libincompressibleTransportModelsLMFOAM.so(+0x37ed8) [0x710465f4ded8]
#2	/lib64/ld-linux-x86-64.so.2(+0x571f) [0x7104661ad71f]
#3	/lib64/ld-linux-x86-64.so.2(+0x5824) [0x7104661ad824]=============
Duplicate entry ArrheniusCrossPowerLaw in runtime table viscosityModel
=============
Duplicate entry ArrheniusCrossPowerLaw in runtime table viscosityModel
 in runtime table viscosityModel
[stack trace]
=============
#1	platforms/linux64GccDPInt32Opt/lib/libincompressibleTransportModelsLMFOAM.so(+0x37ed8) [0x7e02ecabaed8]
#2	/lib64/ld-linux-x86-64.so.2(+0x571f) [0x7e02ecd1a71f]
#3	/lib64/ld-linux-x86-64.so.2(+0x5824) [0x7e02ecd1a824]
#4	/lib64/ld-linux-x86-64.so.2(+0x1f5a0) [0x7e02ecd345a0]
=============
Duplicate entry ArrheniusNewtonian in runtime table viscosityModel
[stack trace]
=============
#1	platforms/linux64GccDPInt32Opt/lib/libincompressibleTransportModelsLMFOAM.so(+0x37ed8) [0x72a66538bed8]
#2	/lib64/ld-linux-x86-64.so.2(+0x571f) [0x72a6655eb71f]
#3	/lib64/ld-linux-x86-64.so.2(+0x5824) [0x72a6655eb824]
#4	/lib64/ld-linux-x86-64.so.2(+0x1f5a0) [0x72a6656055a0]
=============
Duplicate entry ArrheniusNewtonian in runtime table viscosityModel[stack trace]
=============

#4	/lib64/ld-linux-x86-64.so.2(+0x1f5a0) [0x757c9e9965a0]
=============
Duplicate entry ArrheniusNewtonian in runtime table viscosityModel
[stack trace]
=============
#1	platforms/linux64GccDPInt32Opt/lib/libincompressibleTransportModelsLMFOAM.so(+0x37f87) [0x7dbd49734f87]
#2	/lib64/ld-linux-x86-64.so.2(+0x571f) [0x7dbd4999471f]
#3	[stack trace]
=============
#1	platforms/linux64GccDPInt32Opt/lib/libincompressibleTransportModelsLMFOAM.so(+0x37ed8) [0x7c82cfed3ed8]
#2	/lib64/ld-linux-x86-64.so.2(+0x571f) [0x7c82d013371f]
#3	/lib64/ld-linux-x86-64.so.2(+0x5824) [0x7c82d0133824]	/lib64/ld-linux-x86-64.so.2(+0x1f5a0) [0x70d7b070d5a0]
=============
Duplicate entry ArrheniusCrossPowerLaw in runtime table viscosityModel

[stack trace]
=============
#1	platforms/linux64GccDPInt32Opt/lib/libincompressibleTransportModelsLMFOAM.so(+0x37f87) [0x7318310aff87]
#2	/lib64/ld-linux-x86-64.so.2(+0x571f) [0x73183130f71f]
#3	/lib64/ld-linux-x86-64.so.2(+0x5824) [0x73183130f824]
#4	/lib64/ld-linux-x86-64.so.2(+0x1f5a0) [0x7318313295a0]
=============

#4	/lib64/ld-linux-x86-64.so.2(+0x1f5a0) [0x7104661c75a0]
=============
Duplicate entry ArrheniusNewtonian in runtime table viscosityModel
[stack trace]
=============
#1	platforms/linux64GccDPInt32Opt/lib/libincompressibleTransportModelsLMFOAM.so(+0x37e29) [0x70f04cd8ce29]
#2	/lib64/ld-linux-x86-64.so.2(+0x571f) [0x70f04cfec71f]
#3	/lib64/ld-linux-x86-64.so.2(+0x5824) [0x70f04cfec824]
#4	/lib64/ld-linux-x86-64.so.2(+0x1f5a0) [0x70f04d0065a0][stack trace]
=============
#1	platforms/linux64GccDPInt32Opt/lib/libincompressibleTransportModelsLMFOAM.so(+0x37d7a) [0x76c14cf12d7a]#1	platforms/linux64GccDPInt32Opt/lib/libincompressibleTransportModelsLMFOAM.so(+0x37ed8) [0x7a1065031ed8]
#2	/lib64/ld-linux-x86-64.so.2(+0x571f) [0x7a106529171f]
#3	/lib64/ld-linux-x86-64.so.2(+0x5824) [0x7a1065291824]
#4	/lib64/ld-linux-x86-64.so.2(+0x1f5a0) [0x7a10652ab5a0]
=============
Duplicate entry ArrheniusNewtonian in runtime table [stack trace]
=============
#1	platforms/linux64GccDPInt32Opt/lib/libincompressibleTransportModelsLMFOAM.so(+0x37f87) [0x749646ea8f87]
#2	/lib64/ld-linux-x86-64.so.2(+0x571f) [0x74964710871f]
#3	/lib64/ld-linux-x86-64.so.2(+0x5824) [0x749647108824]
#/lib64/ld-linux-x86-64.so.2(+0x5824) [0x7dbd49994824]
#4	/lib64/ld-linux-x86-64.so.2(+0x1f5a0) [0x7dbd499ae5a0]
=============

#4	/lib64/ld-linux-x86-64.so.2(+0x1f5a0) [0x7c82d014d5a0]
=============
Duplicate entry ArrheniusNewtonian in runtime table viscosityModel
[stack trace]
=============
#1	platforms/linux64GccDPInt32Opt/lib/libincompressibleTransportModelsLMFOAM.so(+0x37ed8) [0x7c24fc944ed8]
#2	/lib64/ld-linux-x86-64.so.2(+0x571f) [0x7c24fcba471f]
#3	/lib64/ld-linux-x86-64.so.2(+0x5824) [0x7c24fcba4824]
#4	[stack trace]
=============
#1	platforms/linux64GccDPInt32Opt/lib/libincompressibleTransportModelsLMFOAM.so(+0x37f87) [0x72c2dae4ef87]
#2	/lib64/ld-linux-x86-64.so.2(+0x571f) [0x72c2db0ae71f]
#3	/lib64/ld-linux-x86-64.so.2(+0x5824) [0x72c2db0ae824]
#4	/lib64/ld-linux-x86-64.so.2(+0x1f5a0) [0x72c2db0c85a0]
=============

=============
Duplicate entry ArrheniusHerschelBulkley in runtime table viscosityModel
[stack trace]
=============
#1	platforms/linux64GccDPInt32Opt/lib/libincompressibleTransportModelsLMFOAM.so(+0x37ed8) [0x773f3927eed8]
#2	/lib64/ld-linux-x86-64.so.2(+0x571f) [0x773f394de71f]
#3	/lib64/ld-linux-x86-64.so.2(+0x5824) [0x773f394de824]
#4	/lib64/ld-linux-x86-64.so.2(+0x1f5a0) [0x773f394f85a0]
=============
Duplicate entry ArrheniusNewtonian in runtime table viscosityModel
[stack trace]
=============
#1[stack trace]
=============
#1	
#2	/lib64/ld-linux-x86-64.so.2(+0x571f) [0x76c14d17271f]
#3	/lib64/ld-linux-x86-64.so.2(+0x5824) [0x76c14d172824]
#4	/lib64/ld-linux-x86-64.so.2(+0x1f5a0) [0x76c14d18c5a0]
=============
viscosityModel
[stack trace]
=============
#4	/lib64/ld-linux-x86-64.so.2(+0x1f5a0) [0x7496471225a0]
=============
/lib64/ld-linux-x86-64.so.2(+0x1f5a0) [0x7c24fcbbe5a0]
=============
Duplicate entry ArrheniusNewtonian in runtime table viscosityModel
[stack trace]
=============
#1	platforms/linux64GccDPInt32Opt/lib/libincompressibleTransportModelsLMFOAM.so(+0x37f87) [0x707bb73faf87]
#2	/lib64/ld-linux-x86-64.so.2(+0x571f) [0x707bb765a71f]
#3	/lib64/ld-linux-x86-64.so.2(+0x5824) [0x707bb765a824]
#4	/lib64/ld-linux-x86-64.so.2(+0x1f5a0) [0x707bb76745a0]
=============
[stack trace]
=============
#1	platforms/linux64GccDPInt32Opt/lib/libincompressibleTransportModelsLMFOAM.so(+0x37ed8) [0x7f5a96712ed8]
#2	/lib64/ld-linux-x86-64.so.2(+0x571f) [0x7f5a9697271f]
#3	/lib64/ld-linux-x86-64.so.2(+0x5824) [0x7f5a96972824]
#4	/lib64/ld-linux-x86-64.so.2(+0x1f5a0) [0x7f5a9698c5a0]
=============[stack trace]
=============
#1	platforms/linux64GccDPInt32Opt/lib/libincompressibleTransportModelsLMFOAM.so(+0x37e29) [0x7792406bbe29]
#2	/lib64/ld-linux-x86-64.so.2(+0x571f) [0x77924091b71f]
#3	/lib64/ld-linux-x86-64.so.2(+0x5824) [0x77924091b824]
	platforms/linux64GccDPInt32Opt/lib/libincompressibleTransportModelsLMFOAM.so(+0x37e29) [0x7c24b0996e29]
#2	/lib64/ld-linux-x86-64.so.2(+0x571f) [0x7c24b0bf671f]
#3	/lib64/ld-linux-x86-64.so.2(+0x5824) [0x7c24b0bf6824]
#4	platforms/linux64GccDPInt32Opt/lib/libincompressibleTransportModelsLMFOAM.so(+0x37e29) [0x7e5f6adaee29]
#2	/lib64/ld-linux-x86-64.so.2(+0x571f) [0x7e5f6b00e71f]
#3	/lib64/ld-linux-x86-64.so.2(+0x5824) [0x7e5f6b00e824]
#4	Duplicate entry ArrheniusCrossPowerLaw in runtime table viscosityModel
1	platforms/linux64GccDPInt32Opt/lib/libincompressibleTransportModelsLMFOAM.so(+0x37e29) [0x770193e46e29]
#2	/lib64/ld-linux-x86-64.so.2(+0x571f) [0x7701940a671f]
#3	
Duplicate entry ArrheniusNewtonian in runtime table viscosityModel
/lib64/ld-linux-x86-64.so.2(+0x5824) [0x7701940a6824]
#4	/lib64/ld-linux-x86-64.so.2(+0x1f5a0) [0x7701940c05a0]
=============
Duplicate entry ArrheniusHerschelBulkley in runtime table viscosityModel
#4	/lib64/ld-linux-x86-64.so.2(+0x1f5a0) [0x7792409355a0]
=============
Duplicate entry ArrheniusHerschelBulkley in runtime table viscosityModel
/lib64/ld-linux-x86-64.so.2(+0x1f5a0) [0x7c24b0c105a0]
=============
Duplicate entry ArrheniusHerschelBulkley in runtime table viscosityModel
/lib64/ld-linux-x86-64.so.2(+0x1f5a0) [0x7e5f6b0285a0]
=============
Duplicate entry ArrheniusHerschelBulkley in runtime table viscosityModel
[stack trace]
=============
[stack trace]
=============
#1	platforms/linux64GccDPInt32Opt/lib/libincompressibleTransportModelsLMFOAM.so(+0x37f87) [0x7c82cfed3f87]
#2	/lib64/ld-linux-x86-64.so.2(+0x571f) [0x7c82d013371f]
#3	/lib64/ld-linux-x86-64.so.2(+0x5824) [0x7c82d0133824]
#4	/lib64/ld-linux-x86-64.so.2(+0x1f5a0) [0x7c82d014d5a0]#1	platforms/linux64GccDPInt32Opt/lib/libincompressibleTransportModelsLMFOAM.so(+0x37e29) [0x78f541d3fe29]
#2	/lib64/ld-linux-x86-64.so.2(+0x571f) [0x78f541f9f71f]
#
=============
[stack trace]
=============
#1	platforms/linux64GccDPInt32Opt/lib/libincompressibleTransportModelsLMFOAM.so(+0x37f87) [0x7c24fc944f87]
[stack trace]
=============
#1	platforms/linux64GccDPInt32Opt/lib/libincompressibleTransportModelsLMFOAM.so(+0x37f87) [0x7a1065031f87]
#2	/lib64/ld-linux-x86-64.so.2(+0x571f) [0x7a106529171f]
#3	/lib64/ld-linux-x86-64.so.2(+0x5824) [0x78f541f9f824]
#4	/lib64/ld-linux-x86-64.so.2(+0x1f5a0) [0x78f541fb95a0]
=============
#2	/lib64/ld-linux-x86-64.so.2(+0x571f) [0x7c24fcba471f]
#3	/lib64/ld-linux-x86-64.so.2(+0x5824) [0x7c24fcba4824]
#4	/lib64/ld-linux-x86-64.so.2(+0x1f5a0) [0x7c24fcbbe5a0]
=============
[stack trace]
=============
#1	platforms/linux64GccDPInt32Opt/lib/libincompressibleTransportModelsLMFOAM.so(+0x37e29) [0x732ee1ddbe29]
#2	/lib64/ld-linux-x86-64.so.2(+0x571f) [0x732ee203b71f]
[stack trace]
=============
#1	platforms/linux64GccDPInt32Opt/lib/libincompressibleTransportModelsLMFOAM.so(+0x37f87) [0x72a66538bf87]
#[stack trace]
=============
#1	platforms/linux64GccDPInt32Opt/lib/libincompressibleTransportModelsLMFOAM.so(+0x37f87) [0x773f3927ef87]
#2	/lib64/ld-linux-x86-64.so.2(+0x571f) [0x773f394de71f]
#3	/lib64/ld-linux-x86-64.so.2(+0x5824) [0x773f394de824]
#4	[stack trace]
=============
#1Duplicate entry ArrheniusHerschelBulkley in runtime table viscosityModel
3	/lib64/ld-linux-x86-64.so.2(+0x5824) [0x7a1065291824]
#4	/lib64/ld-linux-x86-64.so.2(+0x1f5a0) [0x7a10652ab5a0]
=============
/lib64/ld-linux-x86-64.so.2(+0x1f5a0) [0x773f394f85a0]
=============
[stack trace]
=============
#1	platforms/linux64GccDPInt32Opt/lib/libincompressibleTransportModelsLMFOAM.so(+0x37e29) [0x7e864b669e29]
#2[stack trace]
=============
#1	platforms/linux64GccDPInt32Opt/lib/libincompressibleTransportModelsLMFOAM.so(+0x37ed8) [0x70f04cd8ced8]
[stack trace]
=============
#1	platforms/linux64GccDPInt32Opt/lib/libincompressibleTransportModelsLMFOAM.so(+0x37e29) [0x72f64d79be29]
#2	/lib64/ld-linux-x86-64.so.2(+0x571f) [0x72f64d9fb71f][stack trace]
=============
#1	platforms/linux64GccDPInt32Opt/lib/libincompressibleTransportModelsLMFOAM.so(+0x37f87) [0x7e02ecabaf87]
#2	/lib64/ld-linux-x86-64.so.2(+0x571f) [0x7e02ecd1a71f]#3	/lib64/ld-linux-x86-64.so.2(+0x5824) [0x732ee203b824]
#4	/lib64/ld-linux-x86-64.so.2(+0x1f5a0) [0x732ee20555a0]
=============
Duplicate entry ArrheniusHerschelBulkley in runtime table viscosityModel
[stack trace]
=============
#1	platforms/linux64GccDPInt32Opt/lib/libincompressibleTransportModelsLMFOAM.so(+0x37e29) [0x743e3b156e29]
#2	/lib64/ld-linux-x86-64.so.2(+0x571f) [0x743e3b3b671f]
#3	/lib64/ld-linux-x86-64.so.2(+0x5824) [0x743e3b3b6824]
#4	2	/lib64/ld-linux-x86-64.so.2(+0x571f) [0x72a6655eb71f]
#3	/lib64/ld-linux-x86-64.so.2(+0x5824) [0x72a6655eb824]
#4	/lib64/ld-linux-x86-64.so.2(+0x1f5a0) [0x72a6656055a0]
=============

#3	/lib64/ld-linux-x86-64.so.2(+0x5824) [0x72f64d9fb824]
#4	/lib64/ld-linux-x86-64.so.2(+0x1f5a0) [0x72f64da155a0]
=============
Duplicate entry ArrheniusHerschelBulkley in runtime table viscosityModel
#3	/lib64/ld-linux-x86-64.so.2(+0x5824) [0x7e02ecd1a824]
#4	/lib64/ld-linux-x86-64.so.2(+0x1f5a0) [0x7e02ecd345a0]
=============
[stack trace]
=============
#1	platforms/linux64GccDPInt32Opt/lib/libincompressibleTransportModelsLMFOAM.so(+0x37f87) [0x7f5a96712f87]
#2	/lib64/ld-linux-x86-64.so.2(+0x571f) [0x7f5a9697271f]
#3	/lib64/ld-linux-x86-64.so.2(+0x5824) [0x7f5a96972824]
#4	/lib64/ld-linux-x86-64.so.2(+0x1f5a0) [0x7f5a9698c5a0]
=============
[stack trace]
=============
#1	/lib64/ld-linux-x86-64.so.2(+0x1f5a0) [0x743e3b3d05a0]
=============
Duplicate entry ArrheniusHerschelBulkley in runtime table viscosityModel
	platforms/linux64GccDPInt32Opt/lib/libincompressibleTransportModelsLMFOAM.so(+0x37e29) [0x77b0e7bc7e29]
#2	/lib64/ld-linux-x86-64.so.2(+0x571f) [0x77b0e7e2771f]
#3	/lib64/ld-linux-x86-64.so.2(+0x5824) [0x77b0e7e27824]
#4	/lib64/ld-linux-x86-64.so.2(+0x1f5a0) [0x77b0e7e415a0]
=============
Duplicate entry ArrheniusHerschelBulkley in runtime table viscosityModel
	/lib64/ld-linux-x86-64.so.2(+0x571f) [0x7e864b8c971f]
#3	/lib64/ld-linux-x86-64.so.2(+0x5824) [0x7e864b8c9824]
#4	/lib64/ld-linux-x86-64.so.2(+0x1f5a0) [0x7e864b8e35a0]
=============
Duplicate entry ArrheniusHerschelBulkley in runtime table viscosityModel
#2	/lib64/ld-linux-x86-64.so.2(+0x571f) [0x70f04cfec71f]
#3	/lib64/ld-linux-x86-64.so.2(+0x5824) [0x70f04cfec824]
#4	/lib64/ld-linux-x86-64.so.2(+0x1f5a0) [0x70f04d0065a0]
=============
Duplicate entry ArrheniusNewtonian in runtime table viscosityModel
platforms/linux64GccDPInt32Opt/lib/libincompressibleTransportModelsLMFOAM.so(+0x37f87) [0x710465f4df87]
#2	/lib64/ld-linux-x86-64.so.2(+0x571f) [0x7104661ad71f]
#3	/lib64/ld-linux-x86-64.so.2(+0x5824) [0x7104661ad824]
#4	/lib64/ld-linux-x86-64.so.2(+0x1f5a0) [0x7104661c75a0]
[stack trace]
=============
#1
=============
	platforms/linux64GccDPInt32Opt/lib/libincompressibleTransportModelsLMFOAM.so(+0x37f87) [0x757c9e71cf87]
#2	/lib64/ld-linux-x86-64.so.2(+0x571f) [0x757c9e97c71f]
#3	/lib64/ld-linux-x86-64.so.2(+0x5824) [0x757c9e97c824]
[stack trace]
=============
#1	platforms/linux64GccDPInt32Opt/lib/libincompressibleTransportModelsLMFOAM.so(+0x37e29) [0x70d7b0493e29]
#2	[stack trace]
=============
#1	platforms/linux64GccDPInt32Opt/lib/libincompressibleTransportModelsLMFOAM.so(+0x37ed8) [0x7792406bbed8]
#2	/lib64/ld-linux-x86-64.so.2(+0x571f) [0x77924091b71f][stack trace]
=============
#1	platforms/linux64GccDPInt32Opt/lib/libincompressibleTransportModelsLMFOAM.so(+0x37ed8) [0x7c24b0996ed8]
#[stack trace]
=============
#1	#4	/lib64/ld-linux-x86-64.so.2(+0x1f5a0) [0x757c9e9965a0]
=============
[stack trace]
=============
#1	platforms/linux64GccDPInt32Opt/lib/libincompressibleTransportModelsLMFOAM.so(+0x37ed8) [0x7e5f6adaeed8]
#2	/lib64/ld-linux-x86-64.so.2(+0x571f) [0x7e5f6b00e71f]
#3	/lib64/ld-linux-x86-64.so.2(+0x5824) [0x7e5f6b00e824]
#4	/lib64/ld-linux-x86-64.so.2(+0x1f5a0) [0x7e5f6b0285a0]
=============
platforms/linux64GccDPInt32Opt/lib/libincompressibleTransportModelsLMFOAM.so(+0x37e29) [0x76c14cf12e29]
#2	/lib64/ld-linux-x86-64.so.2(+0x571f) [0x76c14d17271f]
#/lib64/ld-linux-x86-64.so.2(+0x571f) [0x70d7b06f371f]
#3	/lib64/ld-linux-x86-64.so.2(+0x5824) [0x70d7b06f3824]
#4	/lib64/ld-linux-x86-64.so.2(+0x1f5a0) [0x70d7b070d5a0]
=============
#3	/lib64/ld-linux-x86-64.so.2(+0x5824) [0x77924091b824]
#4	/lib64/ld-linux-x86-64.so.2(+0x1f5a0) [0x7792409355a0]
=============
Duplicate entry ArrheniusNewtonian2	/lib64/ld-linux-x86-64.so.2(+0x571f) [0x7c24b0bf671f]
#3	/lib64/ld-linux-x86-64.so.2(+0x5824) [0x7c24b0bf6824]
#4	/lib64/ld-linux-x86-64.so.2(+0x1f5a0) [0x7c24b0c105a0]
=============Duplicate entry ArrheniusNewtonian in runtime table viscosityModel
3	/lib64/ld-linux-x86-64.so.2(+0x5824) [0x76c14d172824]
#4	/lib64/ld-linux-x86-64.so.2(+0x1f5a0) [0x76c14d18c5a0]
=============

Duplicate entry ArrheniusHerschelBulkley in runtime table viscosityModel
 in runtime table viscosityModel

Duplicate entry ArrheniusNewtonian in runtime table viscosityModel
Duplicate entry ArrheniusHerschelBulkley in runtime table viscosityModel
[stack trace]
=============[stack trace]
=============
#1	platforms/linux64GccDPInt32Opt/lib/libincompressibleTransportModelsLMFOAM.so(+0x37f87) [0x70f04cd8cf87]
#
#1	platforms/linux64GccDPInt32Opt/lib/libincompressibleTransportModelsLMFOAM.so(+0x37ed8) [0x770193e46ed8]
#2	/lib64/ld-linux-x86-64.so.2(+0x571f) [0x7701940a671f]
#3	/lib64/ld-linux-x86-64.so.2(+0x5824) [0x7701940a6824]
#4[stack trace]
=============
#1	platforms/linux64GccDPInt32Opt/lib/libincompressibleTransportModelsLMFOAM.so(+0x37ed8) [0x732ee1ddbed8]
#2	/lib64/ld-linux-x86-64.so.2(+0x571f) [0x732ee203b71f]
#32	/lib64/ld-linux-x86-64.so.2(+0x571f) [0x70f04cfec71f]
#3	/lib64/ld-linux-x86-64.so.2(+0x5824) [0x70f04cfec824]
#4	/lib64/ld-linux-x86-64.so.2(+0x1f5a0) [0x70f04d0065a0]
=============
[stack trace]
=============
#1	platforms/linux64GccDPInt32Opt/lib/libincompressibleTransportModelsLMFOAM.so(+0x37ed8) [0x743e3b156ed8]
#2[stack trace]
=============
#1	/lib64/ld-linux-x86-64.so.2(+0x5824) [0x732ee203b824]
#4	/lib64/ld-linux-x86-64.so.2(+0x1f5a0) [0x732ee20555a0]
=============	/lib64/ld-linux-x86-64.so.2(+0x1f5a0) [0x7701940c05a0]
=============	platforms/linux64GccDPInt32Opt/lib/libincompressibleTransportModelsLMFOAM.so(+0x37ed8) [0x7e864b669ed8]
#2	/lib64/ld-linux-x86-64.so.2(+0x571f) [0x7e864b8c971f]
[stack trace]
=============
#1	platforms/linux64GccDPInt32Opt/lib/libincompressibleTransportModelsLMFOAM.so(+0x37ed8) [0x72f64d79bed8]
#
Duplicate entry ArrheniusNewtonian in runtime table viscosityModel
[stack trace]
=============
#1	platforms/linux64GccDPInt32Opt/lib/libincompressibleTransportModelsLMFOAM.so(+0x37ed8) [0x77b0e7bc7ed8]
#2	/lib64/ld-linux-x86-64.so.2(+0x571f) [0x743e3b3b671f]
#3	/lib64/ld-linux-x86-64.so.2(+0x5824) [0x743e3b3b6824]
#4	/lib64/ld-linux-x86-64.so.2(+0x1f5a0) [0x743e3b3d05a0]2	/lib64/ld-linux-x86-64.so.2(+0x571f) [0x72f64d9fb71f]
#3	/lib64/ld-linux-x86-64.so.2(+0x5824) [0x72f64d9fb824]
#4	/lib64/ld-linux-x86-64.so.2(+0x1f5a0) [0x72f64da155a0]
=============

Duplicate entry ArrheniusNewtonian in runtime table viscosityModel
#3	/lib64/ld-linux-x86-64.so.2(+0x5824) [0x7e864b8c9824]
#4	/lib64/ld-linux-x86-64.so.2(+0x1f5a0) [0x7e864b8e35a0]
=============
Duplicate entry ArrheniusNewtonian in runtime table viscosityModel
[stack trace]
=============
#1	platforms/linux64GccDPInt32Opt/lib/libincompressibleTransportModelsLMFOAM.so(+0x37ed8) [0x78f541d3fed8]

=============
Duplicate entry ArrheniusNewtonian in runtime table viscosityModel
	/lib64/ld-linux-x86-64.so.2(+0x571f) [0x77b0e7e2771f]
#3	/lib64/ld-linux-x86-64.so.2(+0x5824) [0x77b0e7e27824]
#4	/lib64/ld-linux-x86-64.so.2(+0x1f5a0) [0x77b0e7e415a0]
=============
Duplicate entry ArrheniusNewtonian#2	/lib64/ld-linux-x86-64.so.2(+0x571f) [0x78f541f9f71f]
#3	/lib64/ld-linux-x86-64.so.2(+0x5824) [0x78f541f9f824]
#4	/lib64/ld-linux-x86-64.so.2(+0x1f5a0) [0x78f541fb95a0]
=============
Duplicate entry ArrheniusNewtonian in runtime table viscosityModel
[stack trace]
=============
#1	platforms/linux64GccDPInt32Opt/lib/libincompressibleTransportModelsLMFOAM.so(+0x37f87) [0x7792406bbf87]
#2	/lib64/ld-linux-x86-64.so.2(+0x571f) [0x77924091b71f]
#3	/lib64/ld-linux-x86-64.so.2(+0x5824) [0x77924091b824]
#4	/lib64/ld-linux-x86-64.so.2(+0x1f5a0) [0x7792409355a0]
=============
 in runtime table viscosityModel
Duplicate entry ArrheniusNewtonian in runtime table viscosityModel
[stack trace]
=============
#1	platforms/linux64GccDPInt32Opt/lib/libincompressibleTransportModelsLMFOAM.so(+0x37f87) [0x7e5f6adaef87]
#2	[stack trace]
=============
#1	platforms/linux64GccDPInt32Opt/lib/libincompressibleTransportModelsLMFOAM.so(+0x37f87) [0x7c24b0996f87]
#2	/lib64/ld-linux-x86-64.so.2(+0x571f) [0x7c24b0bf671f]/lib64/ld-linux-x86-64.so.2(+0x571f) [0x7e5f6b00e71f]
#3	/lib64/ld-linux-x86-64.so.2(+0x5824) [0x7e5f6b00e824]
#4
#3	/lib64/ld-linux-x86-64.so.2(+0x5824) [0x7c24b0bf6824]
#4	/lib64/ld-linux-x86-64.so.2(+0x1f5a0) [0x7c24b0c105a0]
=============
[stack trace]
=============	/lib64/ld-linux-x86-64.so.2(+0x1f5a0) [0x7e5f6b0285a0]
=============

#1	platforms/linux64GccDPInt32Opt/lib/libincompressibleTransportModelsLMFOAM.so(+0x37ed8) [0x76c14cf12ed8]
#2	/lib64/ld-linux-x86-64.so.2(+0x571f) [0x76c14d17271f]
#3	/lib64/ld-linux-x86-64.so.2(+0x5824) [0x76c14d172824]
#4	/lib64/ld-linux-x86-64.so.2(+0x1f5a0) [0x76c14d18c5a0]
=============
Duplicate entry ArrheniusNewtonian in runtime table viscosityModel
[stack trace]
=============
#1	platforms/linux64GccDPInt32Opt/lib/libincompressibleTransportModelsLMFOAM.so(+0x37ed8) [0x70d7b0493ed8]
#2	/lib64/ld-linux-x86-64.so.2(+0x571f) [0x70d7b06f371f]
#3	/lib64/ld-linux-x86-64.so.2(+0x5824) [0x70d7b06f3824]
#4	/lib64/ld-linux-x86-64.so.2(+0x1f5a0) [0x70d7b070d5a0]
=============
Duplicate entry ArrheniusNewtonian in runtime table viscosityModel
[stack trace]
=============
#1	platforms/linux64GccDPInt32Opt/lib/libincompressibleTransportModelsLMFOAM.so(+0x37f87) [0x732ee1ddbf87][stack trace]
=============

#2	/lib64/ld-linux-x86-64.so.2(+0x571f) [0x732ee203b71f]
#[stack trace]
=============
3	/lib64/ld-linux-x86-64.so.2(+0x5824) [0x732ee203b824]
##1	platforms/linux64GccDPInt32Opt/lib/libincompressibleTransportModelsLMFOAM.so(+0x37f87) [0x743e3b156f87]
#1	platforms/linux64GccDPInt32Opt/lib/libincompressibleTransportModelsLMFOAM.so(+0x37f87) [0x7e864b669f87]
#2	/lib64/ld-linux-x86-64.so.2(+0x571f) [0x7e864b8c971f]#2	/lib64/ld-linux-x86-64.so.2(+0x571f) [0x743e3b3b671f]
#3	/lib64/ld-linux-x86-64.so.2(+0x5824) [0x743e3b3b6824]4	/lib64/ld-linux-x86-64.so.2(+0x1f5a0) [0x732ee20555a0]
=============
[stack trace]
=============
#1	platforms/linux64GccDPInt32Opt/lib/libincompressibleTransportModelsLMFOAM.so(+0x37f87) [0x77b0e7bc7f87]
#[stack trace]
=============
#1	platforms/linux64GccDPInt32Opt/lib/libincompressibleTransportModelsLMFOAM.so(+0x37f87) [0x72f64d79bf87]
#
#3	/lib64/ld-linux-x86-64.so.2(+0x5824) [0x7e864b8c9824]
2	/lib64/ld-linux-x86-64.so.2(+0x571f) [0x72f64d9fb71f]

#4	/lib64/ld-linux-x86-64.so.2(+0x1f5a0) [0x743e3b3d05a0]
=============2	/lib64/ld-linux-x86-64.so.2(+0x571f) [0x77b0e7e2771f]
#3[stack trace]
=============
#1	platforms/linux64GccDPInt32Opt/lib/libincompressibleTransportModelsLMFOAM.so(+0x37f87) [0x78f541d3ff87]#4	/lib64/ld-linux-x86-64.so.2(+0x1f5a0) [0x7e864b8e35a0]
=============
	/lib64/ld-linux-x86-64.so.2(+0x5824) [0x77b0e7e27824]
#4	/lib64/ld-linux-x86-64.so.2(+0x1f5a0) [0x77b0e7e415a0]
=============
#3	/lib64/ld-linux-x86-64.so.2(+0x5824) [0x72f64d9fb824]
#4	/lib64/ld-linux-x86-64.so.2(+0x1f5a0) [0x72f64da155a0]
=============

[stack trace]
=============
#
#2	/lib64/ld-linux-x86-64.so.2(+0x571f) [0x78f541f9f71f]
[stack trace]
=============
#1	1	platforms/linux64GccDPInt32Opt/lib/libincompressibleTransportModelsLMFOAM.so(+0x37f87) [0x770193e46f87]
#2	/lib64/ld-linux-x86-64.so.2(+0x571f) [0x7701940a671f]
##3	/lib64/ld-linux-x86-64.so.2(+0x5824) [0x78f541f9f824]
#4	/lib64/ld-linux-x86-64.so.2(+0x1f5a0) [0x78f541fb95a0]
=============
3	/lib64/ld-linux-x86-64.so.2(+0x5824) [0x7701940a6824]platforms/linux64GccDPInt32Opt/lib/libincompressibleTransportModelsLMFOAM.so(+0x37f87) [0x76c14cf12f87]
#2	/lib64/ld-linux-x86-64.so.2(+0x571f) [0x76c14d17271f]

#4	/lib64/ld-linux-x86-64.so.2(+0x1f5a0) [0x7701940c05a0]
=============
#3	/lib64/ld-linux-x86-64.so.2(+0x5824) [0x76c14d172824]
#4	/lib64/ld-linux-x86-64.so.2(+0x1f5a0) [0x76c14d18c5a0]
=============
[stack trace]
=============
#1	platforms/linux64GccDPInt32Opt/lib/libincompressibleTransportModelsLMFOAM.so(+0x37f87) [0x70d7b0493f87]
#2	/lib64/ld-linux-x86-64.so.2(+0x571f) [0x70d7b06f371f]
#3	/lib64/ld-linux-x86-64.so.2(+0x5824) [0x70d7b06f3824]
#4	/lib64/ld-linux-x86-64.so.2(+0x1f5a0) [0x70d7b070d5a0]
=============
/*---------------------------------------------------------------------------*\
| =========                 |                                                 |
| \\      /  F ield         | OpenFOAM: The Open Source CFD Toolbox           |
|  \\    /   O peration     | Version:  2506                                  |
|   \\  /    A nd           | Website:  www.openfoam.com                      |
|    \\/     M anipulation  |                                                 |
\*---------------------------------------------------------------------------*/
Build  : _615aae61-20250627 OPENFOAM=2506 version=2506
Arch   : "LSB;label=32;scalar=64"
Exec   : laserMeltFoam -parallel
Date   : May 04 2026
Time   : 20:17:42
Host   : HR54WV2
PID    : 907679
I/O    : uncollated
Case   : /home/yzk/cases/spot_melt_150W
nProcs : 32
Hosts  :
(
    (HR54WV2 32)
)
Pstream initialized with:
    node communication : off [type=host] (32 ranks, 1 nodes)
    topology controls  : none
    consensus exchange : 0 (tuning: 0)
    exchange algorithm : 0
    commsType          : nonBlocking
    polling iterations : 0
trapFpe: Floating point exception trapping enabled (FOAM_SIGFPE).
fileModificationChecking : Monitoring run-time modified files using timeStampMaster (fileModificationSkew 5, maxFileModificationPolls 20)
allowSystemOperations : Allowing user-supplied system call operations

// * * * * * * * * * * * * * * * * * * * * * * * * * * * * * * * * * * * * * //
Create time

Create mesh for time = 0

Selecting dynamicFvMesh staticFvMesh

PIMPLE: Operating solver in PISO mode

Reading field pd


Reading thermalProperties

Reading vapour pressure parameters 

Reading field alpha

Reading field T

Reading field alpha.liquid

After alphaL update:	  Min(alphaL) = 0  Max(alphaL) = 0
After gT update:	  Min(gT) = 0  Max(gT) = 0
Reading field U

Reading/calculating face flux field phi

Reading transportProperties

Selecting incompressible transport model Newtonian
Selecting incompressible transport model Newtonian
max/min(rho): 7280, 1.6337
max/min(cpS): 469.824, 469.824
max/min(cM): 469.824, 469.824
max/min(kM): 13.794, 13.794
max/min(kEff): 13.794, 0.0177
Creating field implicit source Sp

Creating field explicit source Sc

Calculating field g.h


Reading g

Reading hRef
Calculating field g.h

No MRF models present

No finite volume options present
Selecting turbulence model type laminar
radialPolarHeatSource = no
Scaled global mesh bounding box: (-8.48528e-06 -8.48528e-06 -8.48528e-06) (0.000208485 0.000808485 0.000208485)

Ray-tracing: ON
Using Ray-tracing laser model
Don't forget to orient the mesh correctly (laser must be in the positive y axis)!

DICPCG:  Solving for pcorr, Initial residual = 0, Final residual = 0, No Iterations 0
time step continuity errors : sum local = 0, global = 0, cumulative = 0
Courant Number mean: 0 max: 0
[matrixDumper] No system/matrixDumperDict — DISABLED.

Starting time loop

Courant Number mean: 0 max: 0
deltaT = 1.2e-12
Time = 1.2e-12

PIMPLE: iteration 1
Setting up velocity and flux fields for isoAdvector.
Selecting reconstructionScheme: isoAlpha
isoAdvection: After conservative bounding: min(alpha) = 0, max(alpha) = 1 + 0
Restoring velocity and flux fields after isoAdvector.
Material phase volume fraction = 0.604492  Min(alphaM) = 0  Max(alphaM) = 1
Laser: laser0
    mean position = (0.0001 2e-05 0.0001)
    power = 150
    position including any oscillation = (0.0001 2e-05 0.0001)
    Max ray power = 0
    Ray power relative tolerance = 1e-06
    Ray power absolute tolerance = 0
    Number of rays: 0
    Total Q deposited: 0
DICPCG:  Solving for pd, Initial residual = 1, Final residual = 9.5013e-09, No Iterations 123
[TIMING_pd] 210.283 ms
DICPCG:  Solving for pd, Initial residual = 4.67655e-09, Final residual = 4.67655e-09, No Iterations 0
[TIMING_pd] 4.96528 ms
DICPCG:  Solving for pd, Initial residual = 4.67655e-09, Final residual = 4.67655e-09, No Iterations 0
[TIMING_pd] 4.68578 ms
Temperature solver Iteration :1
DILUPBiCG:  Solving for T, Initial residual = 0.329325, Final residual = 7.25368e-13, No Iterations 2
[TIMING_T] 24.2559 ms
After gT update:	  Min(gT) = 0  Max(gT) = 0
T Absolute residual: 1.7053e-13
gT Absolute residual: 0
min/max(T) = 298, 298
time step continuity errors : sum local = 1.75457e-17, global = 2.10019e-20, cumulative = 2.10019e-20
ExecutionTime = 1.96 s  ClockTime = 6 s

ExecutionTime = 1.97 s  ClockTime = 6 s

Courant Number mean: 1.1189e-13 max: 9.97149e-12
deltaT = 1.44e-12
Time = 2.64e-12

PIMPLE: iteration 1
Setting up velocity and flux fields for isoAdvector.
Selecting reconstructionScheme: isoAlpha
isoAdvection: After conservative bounding: min(alpha) = 0, max(alpha) = 1 + 2.22045e-16
Restoring velocity and flux fields after isoAdvector.
Material phase volume fraction = 0.604492  Min(alphaM) = 0  Max(alphaM) = 1
Laser: laser0
    mean position = (0.0001 2e-05 0.0001)
    power = 150
    position including any oscillation = (0.0001 2e-05 0.0001)
    Max ray power = 0
    Ray power relative tolerance = 1e-06
    Ray power absolute tolerance = 0
    Number of rays: 0
    Total Q deposited: 0
DICPCG:  Solving for pd, Initial residual = 1.027e-05, Final residual = 9.5777e-09, No Iterations 30
[TIMING_pd] 49.5723 ms
DICPCG:  Solving for pd, Initial residual = 9.5793e-09, Final residual = 9.5793e-09, No Iterations 0
[TIMING_pd] 4.6508 ms
DICPCG:  Solving for pd, Initial residual = 9.5793e-09, Final residual = 9.5793e-09, No Iterations 0
[TIMING_pd] 5.33859 ms
Temperature solver Iteration :1
DILUPBiCG:  Solving for T, Initial residual = 0.592438, Final residual = 5.5111e-15, No Iterations 3
[TIMING_T] 33.504 ms
After gT update:	  Min(gT) = 0  Max(gT) = 0
T Absolute residual: 1.7053e-13
gT Absolute residual: 0
min/max(T) = 298, 298
time step continuity errors : sum local = 5.173e-17, global = 9.02392e-18, cumulative = 9.04492e-18
ExecutionTime = 2.73 s  ClockTime = 6 s

ExecutionTime = 2.73 s  ClockTime = 6 s

Courant Number mean: 2.43815e-13 max: 2.14143e-11
deltaT = 1.728e-12
Time = 4.368e-12

PIMPLE: iteration 1
Setting up velocity and flux fields for isoAdvector.
Selecting reconstructionScheme: isoAlpha
isoAdvection: After conservative bounding: min(alpha) = 0, max(alpha) = 1 + 2.22045e-16
Restoring velocity and flux fields after isoAdvector.
Material phase volume fraction = 0.604492  Min(alphaM) = 0  Max(alphaM) = 1
Laser: laser0
    mean position = (0.0001 2e-05 0.0001)
    power = 150
    position including any oscillation = (0.0001 2e-05 0.0001)
    Max ray power = 0
    Ray power relative tolerance = 1e-06
    Ray power absolute tolerance = 0
    Number of rays: 0
    Total Q deposited: 0
DICPCG:  Solving for pd, Initial residual = 6.6545e-06, Final residual = 9.9465e-09, No Iterations 19
[TIMING_pd] 30.7429 ms
DICPCG:  Solving for pd, Initial residual = 9.94636e-09, Final residual = 9.94636e-09, No Iterations 0
[TIMING_pd] 4.88377 ms
DICPCG:  Solving for pd, Initial residual = 9.94636e-09, Final residual = 9.94636e-09, No Iterations 0
[TIMING_pd] 5.0589 ms
Temperature solver Iteration :1
DILUPBiCG:  Solving for T, Initial residual = 0.402008, Final residual = 2.36753e-15, No Iterations 3
[TIMING_T] 26.6217 ms
After gT update:	  Min(gT) = 0  Max(gT) = 0
T Absolute residual: 2.84217e-13
gT Absolute residual: 0
min/max(T) = 298, 298
time step continuity errors : sum local = 7.72302e-17, global = 2.80601e-17, cumulative = 3.7105e-17
ExecutionTime = 3.45 s  ClockTime = 7 s

ExecutionTime = 3.45 s  ClockTime = 7 s

Courant Number mean: 4.40808e-13 max: 3.99328e-11
deltaT = 2.0736e-12
Time = 6.4416e-12

PIMPLE: iteration 1
Setting up velocity and flux fields for isoAdvector.
Selecting reconstructionScheme: isoAlpha
isoAdvection: After conservative bounding: min(alpha) = 0, max(alpha) = 1 + 2.22045e-16
Restoring velocity and flux fields after isoAdvector.
Material phase volume fraction = 0.604492  Min(alphaM) = 0  Max(alphaM) = 1
Laser: laser0
    mean position = (0.0001 2e-05 0.0001)
    power = 150
    position including any oscillation = (0.0001 2e-05 0.0001)
    Max ray power = 0
    Ray power relative tolerance = 1e-06
    Ray power absolute tolerance = 0
    Number of rays: 0
    Total Q deposited: 0
DICPCG:  Solving for pd, Initial residual = 5.38494e-06, Final residual = 9.35935e-09, No Iterations 20
[TIMING_pd] 33.0698 ms
DICPCG:  Solving for pd, Initial residual = 9.36026e-09, Final residual = 9.36026e-09, No Iterations 0
[TIMING_pd] 4.99716 ms
DICPCG:  Solving for pd, Initial residual = 9.36026e-09, Final residual = 9.36026e-09, No Iterations 0
[TIMING_pd] 5.19206 ms
Temperature solver Iteration :1
DILUPBiCG:  Solving for T, Initial residual = 0.0195231, Final residual = 4.97495e-17, No Iterations 3
[TIMING_T] 29.7053 ms
After gT update:	  Min(gT) = 0  Max(gT) = 0
T Absolute residual: 2.27374e-13
gT Absolute residual: 0
min/max(T) = 298, 298
time step continuity errors : sum local = 1.04304e-16, global = 4.05677e-17, cumulative = 7.76727e-17
ExecutionTime = 4.19 s  ClockTime = 8 s

ExecutionTime = 4.19 s  ClockTime = 8 s

Courant Number mean: 7.32785e-13 max: 6.75813e-11
deltaT = 2.48832e-12
Time = 8.92992e-12

PIMPLE: iteration 1
Setting up velocity and flux fields for isoAdvector.
Selecting reconstructionScheme: isoAlpha
isoAdvection: After conservative bounding: min(alpha) = 0, max(alpha) = 1 + 2.22045e-16
Restoring velocity and flux fields after isoAdvector.
Material phase volume fraction = 0.604492  Min(alphaM) = 0  Max(alphaM) = 1
Laser: laser0
    mean position = (0.0001 2e-05 0.0001)
    power = 150
    position including any oscillation = (0.0001 2e-05 0.0001)
    Max ray power = 0
    Ray power relative tolerance = 1e-06
    Ray power absolute tolerance = 0
    Number of rays: 0
    Total Q deposited: 0
DICPCG:  Solving for pd, Initial residual = 5.25595e-06, Final residual = 9.40262e-09, No Iterations 11
[TIMING_pd] 19.2389 ms
DICPCG:  Solving for pd, Initial residual = 9.4031e-09, Final residual = 9.4031e-09, No Iterations 0
[TIMING_pd] 4.67246 ms
DICPCG:  Solving for pd, Initial residual = 9.4031e-09, Final residual = 9.4031e-09, No Iterations 0
[TIMING_pd] 4.94597 ms
Temperature solver Iteration :1
DILUPBiCG:  Solving for T, Initial residual = 0.0234237, Final residual = 1.55432e-16, No Iterations 3
[TIMING_T] 23.1743 ms
After gT update:	  Min(gT) = 0  Max(gT) = 0
T Absolute residual: 2.27374e-13
gT Absolute residual: 0
min/max(T) = 298, 298
time step continuity errors : sum local = 1.4986e-16, global = 4.64377e-17, cumulative = 1.2411e-16
ExecutionTime = 4.91 s  ClockTime = 9 s

ExecutionTime = 4.91 s  ClockTime = 9 s

Courant Number mean: 1.15786e-12 max: 1.07985e-10
deltaT = 2.98598e-12
Time = 1.19159e-11

PIMPLE: iteration 1
Setting up velocity and flux fields for isoAdvector.
Selecting reconstructionScheme: isoAlpha
isoAdvection: After conservative bounding: min(alpha) = 0, max(alpha) = 1 + 4.44089e-16
Restoring velocity and flux fields after isoAdvector.
Material phase volume fraction = 0.604492  Min(alphaM) = 0  Max(alphaM) = 1
Laser: laser0
    mean position = (0.0001 2e-05 0.0001)
    power = 150
    position including any oscillation = (0.0001 2e-05 0.0001)
    Max ray power = 0
    Ray power relative tolerance = 1e-06
    Ray power absolute tolerance = 0
    Number of rays: 0
    Total Q deposited: 0
DICPCG:  Solving for pd, Initial residual = 6.1142e-06, Final residual = 9.72076e-09, No Iterations 28
[TIMING_pd] 38.7101 ms
DICPCG:  Solving for pd, Initial residual = 9.72304e-09, Final residual = 9.72304e-09, No Iterations 0
[TIMING_pd] 4.96864 ms
DICPCG:  Solving for pd, Initial residual = 9.72304e-09, Final residual = 9.72304e-09, No Iterations 0
[TIMING_pd] 4.75462 ms
Temperature solver Iteration :1
DILUPBiCG:  Solving for T, Initial residual = 0.0261203, Final residual = 1.54118e-15, No Iterations 3
[TIMING_T] 22.3088 ms
After gT update:	  Min(gT) = 0  Max(gT) = 0
T Absolute residual: 2.27374e-13
gT Absolute residual: 0
min/max(T) = 298, 298
time step continuity errors : sum local = 2.20341e-16, global = 4.79715e-17, cumulative = 1.72082e-16
ExecutionTime = 5.64 s  ClockTime = 9 s

ExecutionTime = 5.64 s  ClockTime = 9 s

Courant Number mean: 1.75852e-12 max: 1.65235e-10
deltaT = 3.58318e-12
Time = 1.54991e-11

PIMPLE: iteration 1
Setting up velocity and flux fields for isoAdvector.
Selecting reconstructionScheme: isoAlpha
isoAdvection: After conservative bounding: min(alpha) = 0, max(alpha) = 1 + 4.44089e-16
Restoring velocity and flux fields after isoAdvector.
Material phase volume fraction = 0.604492  Min(alphaM) = 0  Max(alphaM) = 1
Laser: laser0
    mean position = (0.0001 2e-05 0.0001)
    power = 150
    position including any oscillation = (0.0001 2e-05 0.0001)
    Max ray power = 0
    Ray power relative tolerance = 1e-06
    Ray power absolute tolerance = 0
    Number of rays: 0
    Total Q deposited: 0
DICPCG:  Solving for pd, Initial residual = 8.10892e-06, Final residual = 9.35562e-09, No Iterations 19
[TIMING_pd] 30.1702 ms
DICPCG:  Solving for pd, Initial residual = 9.35832e-09, Final residual = 9.35832e-09, No Iterations 0
[TIMING_pd] 4.68235 ms
DICPCG:  Solving for pd, Initial residual = 9.35832e-09, Final residual = 9.35832e-09, No Iterations 0
[TIMING_pd] 5.01727 ms
Temperature solver Iteration :1
DILUPBiCG:  Solving for T, Initial residual = 0.0456085, Final residual = 9.37696e-16, No Iterations 3
[TIMING_T] 27.1475 ms
After gT update:	  Min(gT) = 0  Max(gT) = 0
T Absolute residual: 2.27374e-13
gT Absolute residual: 0
min/max(T) = 298, 298
time step continuity errors : sum local = 2.98834e-16, global = 9.01837e-17, cumulative = 2.62266e-16
ExecutionTime = 6.38 s  ClockTime = 10 s

ExecutionTime = 6.38 s  ClockTime = 10 s

Courant Number mean: 2.57303e-12 max: 2.42764e-10
deltaT = 4.29982e-12
Time = 1.97989e-11

PIMPLE: iteration 1
Setting up velocity and flux fields for isoAdvector.
Selecting reconstructionScheme: isoAlpha
isoAdvection: After conservative bounding: min(alpha) = 0, max(alpha) = 1 + 4.44089e-16
Restoring velocity and flux fields after isoAdvector.
Material phase volume fraction = 0.604492  Min(alphaM) = 0  Max(alphaM) = 1
Laser: laser0
    mean position = (0.0001 2e-05 0.0001)
    power = 150
    position including any oscillation = (0.0001 2e-05 0.0001)
    Max ray power = 0
    Ray power relative tolerance = 1e-06
    Ray power absolute tolerance = 0
    Number of rays: 0
    Total Q deposited: 0
DICPCG:  Solving for pd, Initial residual = 1.11608e-05, Final residual = 9.30452e-09, No Iterations 32
[TIMING_pd] 42.3542 ms
DICPCG:  Solving for pd, Initial residual = 9.30924e-09, Final residual = 9.30924e-09, No Iterations 0
[TIMING_pd] 4.91205 ms
DICPCG:  Solving for pd, Initial residual = 9.30924e-09, Final residual = 9.30924e-09, No Iterations 0
[TIMING_pd] 4.68714 ms
Temperature solver Iteration :1
DILUPBiCG:  Solving for T, Initial residual = 0.0601285, Final residual = 2.25561e-15, No Iterations 3
[TIMING_T] 26.2517 ms
After gT update:	  Min(gT) = 0  Max(gT) = 0
T Absolute residual: 1.7053e-13
gT Absolute residual: 0
min/max(T) = 298, 298
time step continuity errors : sum local = 4.13602e-16, global = 4.40691e-17, cumulative = 3.06335e-16
ExecutionTime = 7.13 s  ClockTime = 11 s

ExecutionTime = 7.13 s  ClockTime = 11 s

Courant Number mean: 3.61487e-12 max: 3.41159e-10
deltaT = 5.15978e-12
Time = 2.49587e-11

PIMPLE: iteration 1
Setting up velocity and flux fields for isoAdvector.
Selecting reconstructionScheme: isoAlpha
isoAdvection: After conservative bounding: min(alpha) = 0, max(alpha) = 1 + 6.66134e-16
Restoring velocity and flux fields after isoAdvector.
Material phase volume fraction = 0.604492  Min(alphaM) = 0  Max(alphaM) = 1
Laser: laser0
    mean position = (0.0001 2e-05 0.0001)
    power = 150
    position including any oscillation = (0.0001 2e-05 0.0001)
    Max ray power = 0
    Ray power relative tolerance = 1e-06
    Ray power absolute tolerance = 0
    Number of rays: 0
    Total Q deposited: 0
DICPCG:  Solving for pd, Initial residual = 1.47429e-05, Final residual = 9.21707e-09, No Iterations 34
[TIMING_pd] 48.3589 ms
DICPCG:  Solving for pd, Initial residual = 9.22105e-09, Final residual = 9.22105e-09, No Iterations 0
[TIMING_pd] 5.39583 ms
DICPCG:  Solving for pd, Initial residual = 9.22105e-09, Final residual = 9.22105e-09, No Iterations 0
[TIMING_pd] 4.98608 ms
Temperature solver Iteration :1
DILUPBiCG:  Solving for T, Initial residual = 0.0949225, Final residual = 2.06506e-15, No Iterations 3
[TIMING_T] 33.4913 ms
After gT update:	  Min(gT) = 0  Max(gT) = 0
T Absolute residual: 2.27374e-13
gT Absolute residual: 0
min/max(T) = 298, 298
time step continuity errors : sum local = 5.61232e-16, global = 5.76487e-17, cumulative = 3.63983e-16
ExecutionTime = 7.9 s  ClockTime = 12 s

ExecutionTime = 7.9 s  ClockTime = 12 s

Courant Number mean: 4.85778e-12 max: 4.55137e-10
deltaT = 6.19174e-12
Time = 3.11504e-11

PIMPLE: iteration 1
Setting up velocity and flux fields for isoAdvector.
Selecting reconstructionScheme: isoAlpha
isoAdvection: After conservative bounding: min(alpha) = 0, max(alpha) = 1 + 6.66134e-16
Restoring velocity and flux fields after isoAdvector.
Material phase volume fraction = 0.604492  Min(alphaM) = 0  Max(alphaM) = 1
Laser: laser0
    mean position = (0.0001 2e-05 0.0001)
    power = 150
    position including any oscillation = (0.0001 2e-05 0.0001)
    Max ray power = 0
    Ray power relative tolerance = 1e-06
    Ray power absolute tolerance = 0
    Number of rays: 0
    Total Q deposited: 0
DICPCG:  Solving for pd, Initial residual = 1.80519e-05, Final residual = 8.90825e-09, No Iterations 36
[TIMING_pd] 56.4908 ms
DICPCG:  Solving for pd, Initial residual = 8.9106e-09, Final residual = 8.9106e-09, No Iterations 0
[TIMING_pd] 5.18615 ms
DICPCG:  Solving for pd, Initial residual = 8.9106e-09, Final residual = 8.9106e-09, No Iterations 0
[TIMING_pd] 5.44717 ms
Temperature solver Iteration :1
DILUPBiCG:  Solving for T, Initial residual = 0.152003, Final residual = 1.66864e-14, No Iterations 3
[TIMING_T] 30.2339 ms
After gT update:	  Min(gT) = 0  Max(gT) = 0
T Absolute residual: 2.84217e-13
gT Absolute residual: 0
min/max(T) = 298, 298
time step continuity errors : sum local = 7.30786e-16, global = 6.16883e-17, cumulative = 4.25672e-16
ExecutionTime = 8.71 s  ClockTime = 12 s

ExecutionTime = 8.71 s  ClockTime = 12 s

Courant Number mean: 6.23555e-12 max: 5.71029e-10
deltaT = 7.43008e-12
Time = 3.85805e-11

PIMPLE: iteration 1
Setting up velocity and flux fields for isoAdvector.
Selecting reconstructionScheme: isoAlpha
isoAdvection: After conservative bounding: min(alpha) = 0, max(alpha) = 1 + 1.11022e-15
Restoring velocity and flux fields after isoAdvector.
Material phase volume fraction = 0.604492  Min(alphaM) = 0  Max(alphaM) = 1
Laser: laser0
    mean position = (0.0001 2e-05 0.0001)
    power = 150
    position including any oscillation = (0.0001 2e-05 0.0001)
    Max ray power = 0
    Ray power relative tolerance = 1e-06
    Ray power absolute tolerance = 0
    Number of rays: 0
    Total Q deposited: 0
DICPCG:  Solving for pd, Initial residual = 2.05403e-05, Final residual = 9.35748e-09, No Iterations 37
[TIMING_pd] 53.2836 ms
DICPCG:  Solving for pd, Initial residual = 9.36076e-09, Final residual = 9.36076e-09, No Iterations 0
[TIMING_pd] 5.04778 ms
DICPCG:  Solving for pd, Initial residual = 9.36076e-09, Final residual = 9.36076e-09, No Iterations 0
[TIMING_pd] 5.10403 ms
Temperature solver Iteration :1
DILUPBiCG:  Solving for T, Initial residual = 0.100673, Final residual = 8.73153e-15, No Iterations 3
[TIMING_T] 22.3383 ms
After gT update:	  Min(gT) = 0  Max(gT) = 0
T Absolute residual: 2.27374e-13
gT Absolute residual: 0
min/max(T) = 298, 298
time step continuity errors : sum local = 1.0188e-15, global = 8.91038e-17, cumulative = 5.14776e-16
ExecutionTime = 9.49 s  ClockTime = 13 s

ExecutionTime = 9.49 s  ClockTime = 13 s

Courant Number mean: 7.66395e-12 max: 6.69341e-10
deltaT = 8.91609e-12
Time = 4.74966e-11

PIMPLE: iteration 1
Setting up velocity and flux fields for isoAdvector.
Selecting reconstructionScheme: isoAlpha
isoAdvection: After conservative bounding: min(alpha) = 0, max(alpha) = 1 + 1.11022e-15
Restoring velocity and flux fields after isoAdvector.
Material phase volume fraction = 0.604492  Min(alphaM) = 0  Max(alphaM) = 1
Laser: laser0
    mean position = (0.0001 2e-05 0.0001)
    power = 150
    position including any oscillation = (0.0001 2e-05 0.0001)
    Max ray power = 0
    Ray power relative tolerance = 1e-06
    Ray power absolute tolerance = 0
    Number of rays: 0
    Total Q deposited: 0
DICPCG:  Solving for pd, Initial residual = 2.20917e-05, Final residual = 9.4656e-09, No Iterations 38
[TIMING_pd] 55.6396 ms
DICPCG:  Solving for pd, Initial residual = 9.46962e-09, Final residual = 9.46962e-09, No Iterations 0
[TIMING_pd] 5.16243 ms
DICPCG:  Solving for pd, Initial residual = 9.46962e-09, Final residual = 9.46962e-09, No Iterations 0
[TIMING_pd] 5.017 ms
Temperature solver Iteration :1
DILUPBiCG:  Solving for T, Initial residual = 0.148788, Final residual = 8.91743e-14, No Iterations 3
[TIMING_T] 25.3519 ms
After gT update:	  Min(gT) = 0  Max(gT) = 0
T Absolute residual: 1.7053e-13
gT Absolute residual: 0
min/max(T) = 298, 298
time step continuity errors : sum local = 1.35117e-15, global = 1.32341e-16, cumulative = 6.47116e-16
ExecutionTime = 10.25 s  ClockTime = 14 s

ExecutionTime = 10.25 s  ClockTime = 14 s

Courant Number mean: 9.06952e-12 max: 7.36208e-10
deltaT = 1.06993e-11
Time = 5.81959e-11

PIMPLE: iteration 1
Setting up velocity and flux fields for isoAdvector.
Selecting reconstructionScheme: isoAlpha
isoAdvection: After conservative bounding: min(alpha) = 0, max(alpha) = 1 + 1.55431e-15
Restoring velocity and flux fields after isoAdvector.
Material phase volume fraction = 0.604492  Min(alphaM) = 0  Max(alphaM) = 1
Laser: laser0
    mean position = (0.0001 2e-05 0.0001)
    power = 150
    position including any oscillation = (0.0001 2e-05 0.0001)
    Max ray power = 0
    Ray power relative tolerance = 1e-06
    Ray power absolute tolerance = 0
    Number of rays: 0
    Total Q deposited: 0
DICPCG:  Solving for pd, Initial residual = 2.28236e-05, Final residual = 9.34929e-09, No Iterations 39
[TIMING_pd] 56.0981 ms
DICPCG:  Solving for pd, Initial residual = 9.35494e-09, Final residual = 9.35494e-09, No Iterations 0
[TIMING_pd] 5.10086 ms
DICPCG:  Solving for pd, Initial residual = 9.35494e-09, Final residual = 9.35494e-09, No Iterations 0
[TIMING_pd] 5.03078 ms
Temperature solver Iteration :1
DILUPBiCG:  Solving for T, Initial residual = 0.15733, Final residual = 1.51248e-13, No Iterations 3
[TIMING_T] 23.3163 ms
After gT update:	  Min(gT) = 0  Max(gT) = 0
T Absolute residual: 2.27374e-13
gT Absolute residual: 0
min/max(T) = 298, 298
time step continuity errors : sum local = 1.73609e-15, global = 1.97022e-16, cumulative = 8.44139e-16
ExecutionTime = 11.02 s  ClockTime = 15 s

ExecutionTime = 11.02 s  ClockTime = 15 s

Courant Number mean: 1.03998e-11 max: 7.73469e-10
deltaT = 1.28392e-11
Time = 7.10351e-11

PIMPLE: iteration 1
Setting up velocity and flux fields for isoAdvector.
Selecting reconstructionScheme: isoAlpha
isoAdvection: After conservative bounding: min(alpha) = 0, max(alpha) = 1 + 1.55431e-15
Restoring velocity and flux fields after isoAdvector.
Material phase volume fraction = 0.604492  Min(alphaM) = 0  Max(alphaM) = 1
Laser: laser0
    mean position = (0.0001 2e-05 0.0001)
    power = 150
    position including any oscillation = (0.0001 2e-05 0.0001)
    Max ray power = 0
    Ray power relative tolerance = 1e-06
    Ray power absolute tolerance = 0
    Number of rays: 0
    Total Q deposited: 0
DICPCG:  Solving for pd, Initial residual = 2.29216e-05, Final residual = 8.73119e-09, No Iterations 40
[TIMING_pd] 56.4247 ms
DICPCG:  Solving for pd, Initial residual = 8.73708e-09, Final residual = 8.73708e-09, No Iterations 0
[TIMING_pd] 5.00153 ms
DICPCG:  Solving for pd, Initial residual = 8.73708e-09, Final residual = 8.73708e-09, No Iterations 0
[TIMING_pd] 5.02063 ms
Temperature solver Iteration :1
DILUPBiCG:  Solving for T, Initial residual = 0.219643, Final residual = 4.23868e-13, No Iterations 3
[TIMING_T] 23.0843 ms
After gT update:	  Min(gT) = 0  Max(gT) = 0
T Absolute residual: 2.84217e-13
gT Absolute residual: 0
min/max(T) = 298, 298
time step continuity errors : sum local = 2.10213e-15, global = 2.95653e-16, cumulative = 1.13979e-15
ExecutionTime = 11.8 s  ClockTime = 15 s

ExecutionTime = 11.8 s  ClockTime = 15 s

Courant Number mean: 1.16296e-11 max: 7.95285e-10
deltaT = 1.5407e-11
Time = 8.64421e-11

PIMPLE: iteration 1
Setting up velocity and flux fields for isoAdvector.
Selecting reconstructionScheme: isoAlpha
isoAdvection: After conservative bounding: min(alpha) = 0, max(alpha) = 1 + 1.77636e-15
Restoring velocity and flux fields after isoAdvector.
Material phase volume fraction = 0.604492  Min(alphaM) = 0  Max(alphaM) = 1
Laser: laser0
    mean position = (0.0001 2e-05 0.0001)
    power = 150
    position including any oscillation = (0.0001 2e-05 0.0001)
    Max ray power = 0
    Ray power relative tolerance = 1e-06
    Ray power absolute tolerance = 0
    Number of rays: 0
    Total Q deposited: 0
DICPCG:  Solving for pd, Initial residual = 2.28017e-05, Final residual = 8.70091e-09, No Iterations 40
[TIMING_pd] 55.5002 ms
DICPCG:  Solving for pd, Initial residual = 8.70747e-09, Final residual = 8.70747e-09, No Iterations 0
[TIMING_pd] 4.86824 ms
DICPCG:  Solving for pd, Initial residual = 8.70747e-09, Final residual = 8.70747e-09, No Iterations 0
[TIMING_pd] 5.38392 ms
Temperature solver Iteration :1
DILUPBiCG:  Solving for T, Initial residual = 0.279681, Final residual = 2.81301e-13, No Iterations 3
[TIMING_T] 24.7573 ms
After gT update:	  Min(gT) = 0  Max(gT) = 0
T Absolute residual: 2.84217e-13
gT Absolute residual: 0
min/max(T) = 298, 298
time step continuity errors : sum local = 2.71901e-15, global = 4.94747e-16, cumulative = 1.63454e-15
ExecutionTime = 12.57 s  ClockTime = 16 s

ExecutionTime = 12.57 s  ClockTime = 16 s

Courant Number mean: 1.27644e-11 max: 8.17025e-10
deltaT = 1.84884e-11
Time = 1.0493e-10

PIMPLE: iteration 1
Setting up velocity and flux fields for isoAdvector.
Selecting reconstructionScheme: isoAlpha
isoAdvection: After conservative bounding: min(alpha) = 0, max(alpha) = 1 + 2.44249e-15
Restoring velocity and flux fields after isoAdvector.
Material phase volume fraction = 0.604492  Min(alphaM) = 0  Max(alphaM) = 1
Laser: laser0
    mean position = (0.0001 2e-05 0.0001)
    power = 150
    position including any oscillation = (0.0001 2e-05 0.0001)
    Max ray power = 0
    Ray power relative tolerance = 1e-06
    Ray power absolute tolerance = 0
    Number of rays: 0
    Total Q deposited: 0
DICPCG:  Solving for pd, Initial residual = 2.26423e-05, Final residual = 9.08149e-09, No Iterations 39
[TIMING_pd] 57.1857 ms
DICPCG:  Solving for pd, Initial residual = 9.08809e-09, Final residual = 9.08809e-09, No Iterations 0
[TIMING_pd] 5.17357 ms
DICPCG:  Solving for pd, Initial residual = 9.08809e-09, Final residual = 9.08809e-09, No Iterations 0
[TIMING_pd] 5.24294 ms
Temperature solver Iteration :1
DILUPBiCG:  Solving for T, Initial residual = 0.245145, Final residual = 5.05604e-13, No Iterations 3
[TIMING_T] 23.1849 ms
After gT update:	  Min(gT) = 0  Max(gT) = 0
T Absolute residual: 1.7053e-13
gT Absolute residual: 0
min/max(T) = 298, 298
time step continuity errors : sum local = 3.70485e-15, global = 9.3602e-16, cumulative = 2.57056e-15
ExecutionTime = 13.36 s  ClockTime = 17 s

ExecutionTime = 13.36 s  ClockTime = 17 s

Courant Number mean: 1.38404e-11 max: 8.48061e-10
deltaT = 2.21861e-11
Time = 1.27117e-10

PIMPLE: iteration 1
Setting up velocity and flux fields for isoAdvector.
Selecting reconstructionScheme: isoAlpha
isoAdvection: After conservative bounding: min(alpha) = 0, max(alpha) = 1 + 2.44249e-15
Restoring velocity and flux fields after isoAdvector.
Material phase volume fraction = 0.604492  Min(alphaM) = 0  Max(alphaM) = 1
Laser: laser0
    mean position = (0.0001 2e-05 0.0001)
    power = 150
    position including any oscillation = (0.0001 2e-05 0.0001)
    Max ray power = 0
    Ray power relative tolerance = 1e-06
    Ray power absolute tolerance = 0
    Number of rays: 0
    Total Q deposited: 0
DICPCG:  Solving for pd, Initial residual = 2.2435e-05, Final residual = 9.66132e-09, No Iterations 37
[TIMING_pd] 56.4689 ms
DICPCG:  Solving for pd, Initial residual = 9.66889e-09, Final residual = 9.66889e-09, No Iterations 0
[TIMING_pd] 4.82634 ms
DICPCG:  Solving for pd, Initial residual = 9.66889e-09, Final residual = 9.66889e-09, No Iterations 0
[TIMING_pd] 4.90393 ms
Temperature solver Iteration :1
DILUPBiCG:  Solving for T, Initial residual = 0.198331, Final residual = 6.00366e-16, No Iterations 4
[TIMING_T] 36.7578 ms
After gT update:	  Min(gT) = 0  Max(gT) = 0
T Absolute residual: 2.84217e-13
gT Absolute residual: 0
min/max(T) = 298, 298
time step continuity errors : sum local = 5.20076e-15, global = 1.77664e-15, cumulative = 4.3472e-15
ExecutionTime = 14.14 s  ClockTime = 18 s

ExecutionTime = 14.14 s  ClockTime = 18 s

Courant Number mean: 1.49326e-11 max: 8.90767e-10
deltaT = 2.66233e-11
Time = 1.5374e-10

PIMPLE: iteration 1
Setting up velocity and flux fields for isoAdvector.
Selecting reconstructionScheme: isoAlpha
isoAdvection: After conservative bounding: min(alpha) = 0, max(alpha) = 1 + 3.10862e-15
Restoring velocity and flux fields after isoAdvector.
Material phase volume fraction = 0.604492  Min(alphaM) = 0  Max(alphaM) = 1
Laser: laser0
    mean position = (0.0001 2e-05 0.0001)
    power = 150
    position including any oscillation = (0.0001 2e-05 0.0001)
    Max ray power = 0
    Ray power relative tolerance = 1e-06
    Ray power absolute tolerance = 0
    Number of rays: 0
    Total Q deposited: 0
DICPCG:  Solving for pd, Initial residual = 2.21923e-05, Final residual = 9.5083e-09, No Iterations 37
[TIMING_pd] 52.6275 ms
DICPCG:  Solving for pd, Initial residual = 9.51519e-09, Final residual = 9.51519e-09, No Iterations 0
[TIMING_pd] 4.89841 ms
DICPCG:  Solving for pd, Initial residual = 9.51519e-09, Final residual = 9.51519e-09, No Iterations 0
[TIMING_pd] 5.30334 ms
Temperature solver Iteration :1
DILUPBiCG:  Solving for T, Initial residual = 0.190173, Final residual = 8.81703e-16, No Iterations 4
[TIMING_T] 28.7855 ms
After gT update:	  Min(gT) = 0  Max(gT) = 0
T Absolute residual: 2.84217e-13
gT Absolute residual: 0
min/max(T) = 298, 298
time step continuity errors : sum local = 6.84168e-15, global = 2.50368e-15, cumulative = 6.85088e-15
ExecutionTime = 14.92 s  ClockTime = 19 s

ExecutionTime = 14.92 s  ClockTime = 19 s

Courant Number mean: 1.61313e-11 max: 9.40877e-10
deltaT = 3.1948e-11
Time = 1.85688e-10

PIMPLE: iteration 1
Setting up velocity and flux fields for isoAdvector.
Selecting reconstructionScheme: isoAlpha
isoAdvection: After conservative bounding: min(alpha) = 0, max(alpha) = 1 + 4.21885e-15
Restoring velocity and flux fields after isoAdvector.
Material phase volume fraction = 0.604492  Min(alphaM) = 0  Max(alphaM) = 1
Laser: laser0
    mean position = (0.0001 2e-05 0.0001)
    power = 150
    position including any oscillation = (0.0001 2e-05 0.0001)
    Max ray power = 0
    Ray power relative tolerance = 1e-06
    Ray power absolute tolerance = 0
    Number of rays: 0
    Total Q deposited: 0
DICPCG:  Solving for pd, Initial residual = 2.2046e-05, Final residual = 9.53409e-09, No Iterations 38
[TIMING_pd] 54.1864 ms
DICPCG:  Solving for pd, Initial residual = 9.54074e-09, Final residual = 9.54074e-09, No Iterations 0
[TIMING_pd] 5.55875 ms
DICPCG:  Solving for pd, Initial residual = 9.54074e-09, Final residual = 9.54074e-09, No Iterations 0
[TIMING_pd] 5.47021 ms
Temperature solver Iteration :1
DILUPBiCG:  Solving for T, Initial residual = 0.0498377, Final residual = 4.17099e-16, No Iterations 4
[TIMING_T] 29.5345 ms
After gT update:	  Min(gT) = 0  Max(gT) = 0
T Absolute residual: 2.84217e-13
gT Absolute residual: 0
min/max(T) = 298, 298
time step continuity errors : sum local = 9.28778e-15, global = 3.32847e-15, cumulative = 1.01794e-14
ExecutionTime = 15.72 s  ClockTime = 19 s

ExecutionTime = 15.72 s  ClockTime = 19 s

Courant Number mean: 1.75124e-11 max: 9.96529e-10
deltaT = 3.83376e-11
Time = 2.24025e-10

PIMPLE: iteration 1
Setting up velocity and flux fields for isoAdvector.
Selecting reconstructionScheme: isoAlpha
isoAdvection: After conservative bounding: min(alpha) = 0, max(alpha) = 1 + 4.21885e-15
Restoring velocity and flux fields after isoAdvector.
Material phase volume fraction = 0.604492  Min(alphaM) = 0  Max(alphaM) = 1
Laser: laser0
    mean position = (0.0001 2e-05 0.0001)
    power = 150
    position including any oscillation = (0.0001 2e-05 0.0001)
    Max ray power = 0
    Ray power relative tolerance = 1e-06
    Ray power absolute tolerance = 0
    Number of rays: 0
    Total Q deposited: 0
DICPCG:  Solving for pd, Initial residual = 2.2146e-05, Final residual = 9.5436e-09, No Iterations 39
[TIMING_pd] 53.6808 ms
DICPCG:  Solving for pd, Initial residual = 9.55021e-09, Final residual = 9.55021e-09, No Iterations 0
[TIMING_pd] 4.90475 ms
DICPCG:  Solving for pd, Initial residual = 9.55021e-09, Final residual = 9.55021e-09, No Iterations 0
[TIMING_pd] 4.84853 ms
Temperature solver Iteration :1
DILUPBiCG:  Solving for T, Initial residual = 0.0595469, Final residual = 3.23548e-16, No Iterations 4
[TIMING_T] 33.0633 ms
After gT update:	  Min(gT) = 0  Max(gT) = 0
T Absolute residual: 2.27374e-13
gT Absolute residual: 0
min/max(T) = 298, 298
time step continuity errors : sum local = 1.27243e-14, global = 4.55778e-15, cumulative = 1.47371e-14
ExecutionTime = 16.49 s  ClockTime = 20 s

ExecutionTime = 16.49 s  ClockTime = 20 s

Courant Number mean: 1.91231e-11 max: 1.06277e-09
deltaT = 4.6005e-11
Time = 2.7003e-10

PIMPLE: iteration 1
Setting up velocity and flux fields for isoAdvector.
Selecting reconstructionScheme: isoAlpha
isoAdvection: After conservative bounding: min(alpha) = 0, max(alpha) = 1 + 5.10703e-15
Restoring velocity and flux fields after isoAdvector.
Material phase volume fraction = 0.604492  Min(alphaM) = 0  Max(alphaM) = 1
Laser: laser0
    mean position = (0.0001 2e-05 0.0001)
    power = 150
    position including any oscillation = (0.0001 2e-05 0.0001)
    Max ray power = 0
    Ray power relative tolerance = 1e-06
    Ray power absolute tolerance = 0
    Number of rays: 0
    Total Q deposited: 0
DICPCG:  Solving for pd, Initial residual = 2.25073e-05, Final residual = 9.85618e-09, No Iterations 40
[TIMING_pd] 60.491 ms
DICPCG:  Solving for pd, Initial residual = 9.86188e-09, Final residual = 9.86188e-09, No Iterations 0
[TIMING_pd] 4.81253 ms
DICPCG:  Solving for pd, Initial residual = 9.86188e-09, Final residual = 9.86188e-09, No Iterations 0
[TIMING_pd] 4.98251 ms
Temperature solver Iteration :1
DILUPBiCG:  Solving for T, Initial residual = 0.111204, Final residual = 3.02651e-15, No Iterations 4
[TIMING_T] 28.1082 ms
After gT update:	  Min(gT) = 0  Max(gT) = 0
T Absolute residual: 2.27374e-13
gT Absolute residual: 0
min/max(T) = 298, 298
time step continuity errors : sum local = 1.81441e-14, global = 6.30914e-15, cumulative = 2.10463e-14
ExecutionTime = 17.26 s  ClockTime = 21 s

ExecutionTime = 17.26 s  ClockTime = 21 s

Courant Number mean: 2.09978e-11 max: 1.14508e-09
deltaT = 5.5206e-11
Time = 3.25236e-10

PIMPLE: iteration 1
Setting up velocity and flux fields for isoAdvector.
Selecting reconstructionScheme: isoAlpha
isoAdvection: After conservative bounding: min(alpha) = 0, max(alpha) = 1 + 7.10543e-15
Restoring velocity and flux fields after isoAdvector.
Material phase volume fraction = 0.604492  Min(alphaM) = 0  Max(alphaM) = 1
Laser: laser0
    mean position = (0.0001 2e-05 0.0001)
    power = 150
    position including any oscillation = (0.0001 2e-05 0.0001)
    Max ray power = 0
    Ray power relative tolerance = 1e-06
    Ray power absolute tolerance = 0
    Number of rays: 0
    Total Q deposited: 0
DICPCG:  Solving for pd, Initial residual = 2.30925e-05, Final residual = 9.95491e-09, No Iterations 42
[TIMING_pd] 63.2482 ms
DICPCG:  Solving for pd, Initial residual = 9.96072e-09, Final residual = 9.96072e-09, No Iterations 0
[TIMING_pd] 4.9632 ms
DICPCG:  Solving for pd, Initial residual = 9.96072e-09, Final residual = 9.96072e-09, No Iterations 0
[TIMING_pd] 4.96217 ms
Temperature solver Iteration :1
DILUPBiCG:  Solving for T, Initial residual = 0.17273, Final residual = 1.34514e-14, No Iterations 4
[TIMING_T] 31.6896 ms
After gT update:	  Min(gT) = 0  Max(gT) = 0
T Absolute residual: 2.84217e-13
gT Absolute residual: 0
min/max(T) = 298, 298
time step continuity errors : sum local = 2.54696e-14, global = 7.84674e-15, cumulative = 2.8893e-14
ExecutionTime = 18.04 s  ClockTime = 22 s

ExecutionTime = 18.04 s  ClockTime = 22 s

Courant Number mean: 2.31564e-11 max: 1.24373e-09
deltaT = 6.62471e-11
Time = 3.91483e-10

PIMPLE: iteration 1
Setting up velocity and flux fields for isoAdvector.
Selecting reconstructionScheme: isoAlpha
isoAdvection: After conservative bounding: min(alpha) = 0, max(alpha) = 1 + 7.54952e-15
Restoring velocity and flux fields after isoAdvector.
Material phase volume fraction = 0.604492  Min(alphaM) = 0  Max(alphaM) = 1
Laser: laser0
    mean position = (0.0001 2e-05 0.0001)
    power = 150
    position including any oscillation = (0.0001 2e-05 0.0001)
    Max ray power = 0
    Ray power relative tolerance = 1e-06
    Ray power absolute tolerance = 0
    Number of rays: 0
    Total Q deposited: 0
DICPCG:  Solving for pd, Initial residual = 2.36508e-05, Final residual = 9.9174e-09, No Iterations 43
[TIMING_pd] 71.2248 ms
DICPCG:  Solving for pd, Initial residual = 9.92299e-09, Final residual = 9.92299e-09, No Iterations 0
[TIMING_pd] 5.05343 ms
DICPCG:  Solving for pd, Initial residual = 9.92299e-09, Final residual = 9.92299e-09, No Iterations 0
[TIMING_pd] 5.05421 ms
Temperature solver Iteration :1
DILUPBiCG:  Solving for T, Initial residual = 0.213669, Final residual = 3.28344e-14, No Iterations 4
[TIMING_T] 35.2205 ms
After gT update:	  Min(gT) = 0  Max(gT) = 0
T Absolute residual: 2.27374e-13
gT Absolute residual: 0
min/max(T) = 298, 298
time step continuity errors : sum local = 3.54159e-14, global = 1.09904e-14, cumulative = 3.98834e-14
ExecutionTime = 18.83 s  ClockTime = 22 s

ExecutionTime = 18.83 s  ClockTime = 22 s

Courant Number mean: 2.5624e-11 max: 1.35647e-09
deltaT = 7.94964e-11
Time = 4.7098e-10

PIMPLE: iteration 1
Setting up velocity and flux fields for isoAdvector.
Selecting reconstructionScheme: isoAlpha
isoAdvection: After conservative bounding: min(alpha) = 0, max(alpha) = 1 + 1.02141e-14
Restoring velocity and flux fields after isoAdvector.
Material phase volume fraction = 0.604492  Min(alphaM) = 0  Max(alphaM) = 1
Laser: laser0
    mean position = (0.0001 2e-05 0.0001)
    power = 150
    position including any oscillation = (0.0001 2e-05 0.0001)
    Max ray power = 0
    Ray power relative tolerance = 1e-06
    Ray power absolute tolerance = 0
    Number of rays: 0
    Total Q deposited: 0
DICPCG:  Solving for pd, Initial residual = 2.43411e-05, Final residual = 9.97658e-09, No Iterations 44
[TIMING_pd] 64.2142 ms
DICPCG:  Solving for pd, Initial residual = 9.98199e-09, Final residual = 9.98199e-09, No Iterations 0
[TIMING_pd] 4.91748 ms
DICPCG:  Solving for pd, Initial residual = 9.98199e-09, Final residual = 9.98199e-09, No Iterations 0
[TIMING_pd] 5.1439 ms
Temperature solver Iteration :1
DILUPBiCG:  Solving for T, Initial residual = 0.35278, Final residual = 1.36746e-13, No Iterations 4
[TIMING_T] 38.8171 ms
After gT update:	  Min(gT) = 0  Max(gT) = 0
T Absolute residual: 2.27374e-13
gT Absolute residual: 0
min/max(T) = 298, 298
time step continuity errors : sum local = 4.9929e-14, global = 1.43259e-14, cumulative = 5.42094e-14
ExecutionTime = 19.62 s  ClockTime = 23 s

ExecutionTime = 19.62 s  ClockTime = 23 s

Courant Number mean: 2.84247e-11 max: 1.48163e-09
deltaT = 9.53953e-11
Time = 5.66375e-10

PIMPLE: iteration 1
Setting up velocity and flux fields for isoAdvector.
Selecting reconstructionScheme: isoAlpha
isoAdvection: After conservative bounding: min(alpha) = 0, max(alpha) = 1 + 9.54792e-15
Restoring velocity and flux fields after isoAdvector.
Material phase volume fraction = 0.604492  Min(alphaM) = 0  Max(alphaM) = 1
Laser: laser0
    mean position = (0.0001 2e-05 0.000100001)
    power = 150
    position including any oscillation = (0.0001 2e-05 0.000100001)
    Max ray power = 0
    Ray power relative tolerance = 1e-06
    Ray power absolute tolerance = 0
    Number of rays: 0
    Total Q deposited: 0
DICPCG:  Solving for pd, Initial residual = 2.5123e-05, Final residual = 9.14506e-09, No Iterations 46
[TIMING_pd] 68.6133 ms
DICPCG:  Solving for pd, Initial residual = 9.15089e-09, Final residual = 9.15089e-09, No Iterations 0
[TIMING_pd] 5.27023 ms
DICPCG:  Solving for pd, Initial residual = 9.15089e-09, Final residual = 9.15089e-09, No Iterations 0
[TIMING_pd] 5.06002 ms
Temperature solver Iteration :1
DILUPBiCG:  Solving for T, Initial residual = 0.348715, Final residual = 2.42848e-13, No Iterations 4
[TIMING_T] 36.9502 ms
After gT update:	  Min(gT) = 0  Max(gT) = 0
T Absolute residual: 2.27374e-13
gT Absolute residual: 0
min/max(T) = 298, 298
time step continuity errors : sum local = 6.43159e-14, global = 1.71926e-14, cumulative = 7.1402e-14
ExecutionTime = 20.4 s  ClockTime = 24 s

ExecutionTime = 20.4 s  ClockTime = 24 s

Courant Number mean: 3.1586e-11 max: 1.61902e-09
deltaT = 1.14474e-10
Time = 6.80849e-10

PIMPLE: iteration 1
Setting up velocity and flux fields for isoAdvector.
Selecting reconstructionScheme: isoAlpha
isoAdvection: After conservative bounding: min(alpha) = 0, max(alpha) = 1 + 1.31006e-14
Restoring velocity and flux fields after isoAdvector.
Material phase volume fraction = 0.604492  Min(alphaM) = 0  Max(alphaM) = 1
Laser: laser0
    mean position = (0.0001 2e-05 0.000100001)
    power = 150
    position including any oscillation = (0.0001 2e-05 0.000100001)
    Max ray power = 0
    Ray power relative tolerance = 1e-06
    Ray power absolute tolerance = 0
    Number of rays: 0
    Total Q deposited: 0
DICPCG:  Solving for pd, Initial residual = 2.5745e-05, Final residual = 9.04153e-09, No Iterations 47
[TIMING_pd] 71.6899 ms
DICPCG:  Solving for pd, Initial residual = 9.04677e-09, Final residual = 9.04677e-09, No Iterations 0
[TIMING_pd] 4.88144 ms
DICPCG:  Solving for pd, Initial residual = 9.04677e-09, Final residual = 9.04677e-09, No Iterations 0
[TIMING_pd] 5.08262 ms
Temperature solver Iteration :1
DILUPBiCG:  Solving for T, Initial residual = 0.42428, Final residual = 5.78528e-13, No Iterations 4
[TIMING_T] 29.4056 ms
After gT update:	  Min(gT) = 0  Max(gT) = 0
T Absolute residual: 2.27374e-13
gT Absolute residual: 0
min/max(T) = 298, 298
time step continuity errors : sum local = 8.94635e-14, global = 2.09549e-14, cumulative = 9.23569e-14
ExecutionTime = 21.2 s  ClockTime = 25 s

ExecutionTime = 21.2 s  ClockTime = 25 s

Courant Number mean: 3.5152e-11 max: 1.7691e-09
deltaT = 1.37368e-10
Time = 8.18218e-10

PIMPLE: iteration 1
Setting up velocity and flux fields for isoAdvector.
Selecting reconstructionScheme: isoAlpha
isoAdvection: After conservative bounding: min(alpha) = 0, max(alpha) = 1 + 1.57652e-14
Restoring velocity and flux fields after isoAdvector.
Material phase volume fraction = 0.604492  Min(alphaM) = 0  Max(alphaM) = 1
Laser: laser0
    mean position = (0.0001 2e-05 0.000100001)
    power = 150
    position including any oscillation = (0.0001 2e-05 0.000100001)
    Max ray power = 0
    Ray power relative tolerance = 1e-06
    Ray power absolute tolerance = 0
    Number of rays: 0
    Total Q deposited: 0
DICPCG:  Solving for pd, Initial residual = 2.59552e-05, Final residual = 9.7114e-09, No Iterations 47
[TIMING_pd] 63.2873 ms
DICPCG:  Solving for pd, Initial residual = 9.71626e-09, Final residual = 9.71626e-09, No Iterations 0
[TIMING_pd] 5.26584 ms
DICPCG:  Solving for pd, Initial residual = 9.71627e-09, Final residual = 9.71627e-09, No Iterations 0
[TIMING_pd] 4.81274 ms
Temperature solver Iteration :1
DILUPBiCG:  Solving for T, Initial residual = 0.059199, Final residual = 1.33844e-13, No Iterations 4
[TIMING_T] 28.8213 ms
After gT update:	  Min(gT) = 0  Max(gT) = 0
T Absolute residual: 2.27374e-13
gT Absolute residual: 0
min/max(T) = 298, 298
time step continuity errors : sum local = 1.35199e-13, global = 2.83355e-14, cumulative = 1.20692e-13
ExecutionTime = 21.97 s  ClockTime = 26 s

ExecutionTime = 21.97 s  ClockTime = 26 s

Courant Number mean: 3.91899e-11 max: 1.99876e-09
deltaT = 1.64843e-10
Time = 9.8306e-10

PIMPLE: iteration 1
Setting up velocity and flux fields for isoAdvector.
Selecting reconstructionScheme: isoAlpha
isoAdvection: After conservative bounding: min(alpha) = 0, max(alpha) = 1 + 1.90958e-14
Restoring velocity and flux fields after isoAdvector.
Material phase volume fraction = 0.604492  Min(alphaM) = 0  Max(alphaM) = 1
Laser: laser0
    mean position = (0.0001 2e-05 0.000100001)
    power = 150
    position including any oscillation = (0.0001 2e-05 0.000100001)
    Max ray power = 0
    Ray power relative tolerance = 1e-06
    Ray power absolute tolerance = 0
    Number of rays: 0
    Total Q deposited: 0
DICPCG:  Solving for pd, Initial residual = 2.64137e-05, Final residual = 9.38542e-09, No Iterations 48
[TIMING_pd] 65.3641 ms
DICPCG:  Solving for pd, Initial residual = 9.39104e-09, Final residual = 9.39104e-09, No Iterations 0
[TIMING_pd] 4.91681 ms
DICPCG:  Solving for pd, Initial residual = 9.39105e-09, Final residual = 9.39105e-09, No Iterations 0
[TIMING_pd] 5.07855 ms
Temperature solver Iteration :1
DILUPBiCG:  Solving for T, Initial residual = 0.0973012, Final residual = 7.02745e-17, No Iterations 5
[TIMING_T] 35.5676 ms
After gT update:	  Min(gT) = 0  Max(gT) = 0
T Absolute residual: 2.27374e-13
gT Absolute residual: 0
min/max(T) = 298, 298
time step continuity errors : sum local = 1.83803e-13, global = 3.45651e-14, cumulative = 1.55258e-13
ExecutionTime = 22.77 s  ClockTime = 26 s

ExecutionTime = 22.77 s  ClockTime = 26 s

Courant Number mean: 4.3713e-11 max: 2.28175e-09
deltaT = 1.97812e-10
Time = 1.18087e-09

PIMPLE: iteration 1
Setting up velocity and flux fields for isoAdvector.
Selecting reconstructionScheme: isoAlpha
isoAdvection: After conservative bounding: min(alpha) = 0, max(alpha) = 1 + 2.55351e-14
Restoring velocity and flux fields after isoAdvector.
Material phase volume fraction = 0.604492  Min(alphaM) = 0  Max(alphaM) = 1
Laser: laser0
    mean position = (0.0001 2e-05 0.000100001)
    power = 150
    position including any oscillation = (0.0001 2e-05 0.000100001)
    Max ray power = 0
    Ray power relative tolerance = 1e-06
    Ray power absolute tolerance = 0
    Number of rays: 0
    Total Q deposited: 0
DICPCG:  Solving for pd, Initial residual = 2.58496e-05, Final residual = 9.24569e-09, No Iterations 48
[TIMING_pd] 66.6159 ms
DICPCG:  Solving for pd, Initial residual = 9.25069e-09, Final residual = 9.25069e-09, No Iterations 0
[TIMING_pd] 5.19502 ms
DICPCG:  Solving for pd, Initial residual = 9.25069e-09, Final residual = 9.25069e-09, No Iterations 0
[TIMING_pd] 5.07593 ms
Temperature solver Iteration :1
DILUPBiCG:  Solving for T, Initial residual = 0.118713, Final residual = 2.1504e-13, No Iterations 4
[TIMING_T] 28.4262 ms
After gT update:	  Min(gT) = 0  Max(gT) = 0
T Absolute residual: 2.84217e-13
gT Absolute residual: 0
min/max(T) = 298, 298
time step continuity errors : sum local = 2.54178e-13, global = 5.04776e-14, cumulative = 2.05735e-13
ExecutionTime = 23.55 s  ClockTime = 27 s

ExecutionTime = 23.55 s  ClockTime = 27 s

Courant Number mean: 4.88465e-11 max: 2.59546e-09
deltaT = 2.37378e-10
Time = 1.41825e-09

PIMPLE: iteration 1
Setting up velocity and flux fields for isoAdvector.
Selecting reconstructionScheme: isoAlpha
isoAdvection: After conservative bounding: min(alpha) = 0, max(alpha) = 1 + 2.79776e-14
Restoring velocity and flux fields after isoAdvector.
Material phase volume fraction = 0.604492  Min(alphaM) = 0  Max(alphaM) = 1
Laser: laser0
    mean position = (0.0001 2e-05 0.000100001)
    power = 150
    position including any oscillation = (0.0001 2e-05 0.000100001)
    Max ray power = 0
    Ray power relative tolerance = 1e-06
    Ray power absolute tolerance = 0
    Number of rays: 0
    Total Q deposited: 0
DICPCG:  Solving for pd, Initial residual = 2.61909e-05, Final residual = 9.13056e-09, No Iterations 48
[TIMING_pd] 60.4817 ms
DICPCG:  Solving for pd, Initial residual = 9.1352e-09, Final residual = 9.1352e-09, No Iterations 0
[TIMING_pd] 5.07473 ms
DICPCG:  Solving for pd, Initial residual = 9.1352e-09, Final residual = 9.1352e-09, No Iterations 0
[TIMING_pd] 5.03986 ms
Temperature solver Iteration :1
DILUPBiCG:  Solving for T, Initial residual = 0.093002, Final residual = 7.60819e-17, No Iterations 5
[TIMING_T] 34.7865 ms
After gT update:	  Min(gT) = 0  Max(gT) = 0
T Absolute residual: 2.84217e-13
gT Absolute residual: 0
min/max(T) = 298, 298
time step continuity errors : sum local = 3.52415e-13, global = 7.20022e-14, cumulative = 2.77737e-13
ExecutionTime = 24.33 s  ClockTime = 28 s

ExecutionTime = 24.33 s  ClockTime = 28 s

Courant Number mean: 5.46278e-11 max: 2.95479e-09
deltaT = 2.84852e-10
Time = 1.7031e-09

PIMPLE: iteration 1
Setting up velocity and flux fields for isoAdvector.
Selecting reconstructionScheme: isoAlpha
isoAdvection: After conservative bounding: min(alpha) = 0, max(alpha) = 1 + 3.5083e-14
Restoring velocity and flux fields after isoAdvector.
Material phase volume fraction = 0.604492  Min(alphaM) = 0  Max(alphaM) = 1
Laser: laser0
    mean position = (0.0001 2e-05 0.000100002)
    power = 150
    position including any oscillation = (0.0001 2e-05 0.000100002)
    Max ray power = 0
    Ray power relative tolerance = 1e-06
    Ray power absolute tolerance = 0
    Number of rays: 0
    Total Q deposited: 0
DICPCG:  Solving for pd, Initial residual = 2.6771e-05, Final residual = 9.578e-09, No Iterations 49
[TIMING_pd] 75.7359 ms
DICPCG:  Solving for pd, Initial residual = 9.58464e-09, Final residual = 9.58464e-09, No Iterations 0
[TIMING_pd] 4.72726 ms
DICPCG:  Solving for pd, Initial residual = 9.58465e-09, Final residual = 9.58465e-09, No Iterations 0
[TIMING_pd] 5.12561 ms
Temperature solver Iteration :1
DILUPBiCG:  Solving for T, Initial residual = 0.120897, Final residual = 4.50911e-13, No Iterations 4
[TIMING_T] 35.3223 ms
After gT update:	  Min(gT) = 0  Max(gT) = 0
T Absolute residual: 2.84217e-13
gT Absolute residual: 0
min/max(T) = 298, 298
time step continuity errors : sum local = 5.188e-13, global = 9.16611e-14, cumulative = 3.69398e-13
ExecutionTime = 25.11 s  ClockTime = 29 s

ExecutionTime = 25.12 s  ClockTime = 29 s

Courant Number mean: 6.10873e-11 max: 3.36125e-09
deltaT = 3.41822e-10
Time = 2.04492e-09

PIMPLE: iteration 1
Setting up velocity and flux fields for isoAdvector.
Selecting reconstructionScheme: isoAlpha
isoAdvection: After conservative bounding: min(alpha) = 0, max(alpha) = 1 + 3.21965e-14
Restoring velocity and flux fields after isoAdvector.
Material phase volume fraction = 0.604492  Min(alphaM) = 0  Max(alphaM) = 1
Laser: laser0
    mean position = (0.0001 2e-05 0.000100002)
    power = 150
    position including any oscillation = (0.0001 2e-05 0.000100002)
    Max ray power = 0
    Ray power relative tolerance = 1e-06
    Ray power absolute tolerance = 0
    Number of rays: 0
    Total Q deposited: 0
DICPCG:  Solving for pd, Initial residual = 2.53193e-05, Final residual = 9.56948e-09, No Iterations 49
[TIMING_pd] 69.5298 ms
DICPCG:  Solving for pd, Initial residual = 9.57497e-09, Final residual = 9.57497e-09, No Iterations 0
[TIMING_pd] 4.73783 ms
DICPCG:  Solving for pd, Initial residual = 9.57497e-09, Final residual = 9.57497e-09, No Iterations 0
[TIMING_pd] 4.66061 ms
Temperature solver Iteration :1
DILUPBiCG:  Solving for T, Initial residual = 0.165421, Final residual = 1.04357e-15, No Iterations 5
[TIMING_T] 41.9644 ms
After gT update:	  Min(gT) = 0  Max(gT) = 0
T Absolute residual: 2.27374e-13
gT Absolute residual: 0
min/max(T) = 298, 298
time step continuity errors : sum local = 7.23155e-13, global = 1.23748e-13, cumulative = 4.93146e-13
ExecutionTime = 25.89 s  ClockTime = 30 s

ExecutionTime = 25.89 s  ClockTime = 30 s

Courant Number mean: 6.83707e-11 max: 3.80409e-09
deltaT = 4.10189e-10
Time = 2.45511e-09

PIMPLE: iteration 1
Setting up velocity and flux fields for isoAdvector.
Selecting reconstructionScheme: isoAlpha
isoAdvection: After conservative bounding: min(alpha) = 0, max(alpha) = 1 + 4.72955e-14
Restoring velocity and flux fields after isoAdvector.
Material phase volume fraction = 0.604492  Min(alphaM) = 0  Max(alphaM) = 1
Laser: laser0
    mean position = (0.0001 2e-05 0.000100002)
    power = 150
    position including any oscillation = (0.0001 2e-05 0.000100002)
    Max ray power = 0
    Ray power relative tolerance = 1e-06
    Ray power absolute tolerance = 0
    Number of rays: 0
    Total Q deposited: 0
DICPCG:  Solving for pd, Initial residual = 2.53108e-05, Final residual = 9.652e-09, No Iterations 49
[TIMING_pd] 75.4079 ms
DICPCG:  Solving for pd, Initial residual = 9.65744e-09, Final residual = 9.65744e-09, No Iterations 0
[TIMING_pd] 4.628 ms
DICPCG:  Solving for pd, Initial residual = 9.65745e-09, Final residual = 9.65745e-09, No Iterations 0
[TIMING_pd] 4.83071 ms
Temperature solver Iteration :1
DILUPBiCG:  Solving for T, Initial residual = 0.242021, Final residual = 2.65017e-14, No Iterations 5
[TIMING_T] 33.9027 ms
After gT update:	  Min(gT) = 0  Max(gT) = 0
T Absolute residual: 3.41061e-13
gT Absolute residual: 0
min/max(T) = 298, 298
time step continuity errors : sum local = 1.01859e-12, global = 1.79702e-13, cumulative = 6.72848e-13
ExecutionTime = 26.67 s  ClockTime = 30 s

ExecutionTime = 26.67 s  ClockTime = 30 s

Courant Number mean: 7.67871e-11 max: 4.31519e-09
deltaT = 4.92223e-10
Time = 2.94734e-09

PIMPLE: iteration 1
Setting up velocity and flux fields for isoAdvector.
Selecting reconstructionScheme: isoAlpha
isoAdvection: After conservative bounding: min(alpha) = 0, max(alpha) = 1 + 5.68434e-14
Restoring velocity and flux fields after isoAdvector.
Material phase volume fraction = 0.604492  Min(alphaM) = 0  Max(alphaM) = 1
Laser: laser0
    mean position = (0.0001 2e-05 0.000100003)
    power = 150
    position including any oscillation = (0.0001 2e-05 0.000100003)
    Max ray power = 0
    Ray power relative tolerance = 1e-06
    Ray power absolute tolerance = 0
    Number of rays: 0
    Total Q deposited: 0
DICPCG:  Solving for pd, Initial residual = 2.53233e-05, Final residual = 9.25875e-09, No Iterations 51
[TIMING_pd] 68.2258 ms
DICPCG:  Solving for pd, Initial residual = 9.27435e-09, Final residual = 9.27435e-09, No Iterations 0
[TIMING_pd] 4.91591 ms
DICPCG:  Solving for pd, Initial residual = 9.27438e-09, Final residual = 9.27438e-09, No Iterations 0
[TIMING_pd] 4.80954 ms
Temperature solver Iteration :1
DILUPBiCG:  Solving for T, Initial residual = 0.249345, Final residual = 3.15965e-14, No Iterations 5
[TIMING_T] 32.9408 ms
After gT update:	  Min(gT) = 0  Max(gT) = 0
T Absolute residual: 2.84217e-13
gT Absolute residual: 0
min/max(T) = 298, 298
time step continuity errors : sum local = 1.36393e-12, global = 1.83723e-13, cumulative = 8.5657e-13
ExecutionTime = 27.44 s  ClockTime = 31 s

ExecutionTime = 27.44 s  ClockTime = 31 s

Courant Number mean: 8.59042e-11 max: 4.86589e-09
deltaT = 5.90668e-10
Time = 3.538e-09

PIMPLE: iteration 1
Setting up velocity and flux fields for isoAdvector.
Selecting reconstructionScheme: isoAlpha
isoAdvection: After conservative bounding: min(alpha) = 0, max(alpha) = 1 + 7.57172e-14
Restoring velocity and flux fields after isoAdvector.
Material phase volume fraction = 0.604492  Min(alphaM) = 0  Max(alphaM) = 1
Laser: laser0
    mean position = (0.0001 2e-05 0.000100004)
    power = 150
    position including any oscillation = (0.0001 2e-05 0.000100004)
    Max ray power = 0
    Ray power relative tolerance = 1e-06
    Ray power absolute tolerance = 0
    Number of rays: 0
    Total Q deposited: 0
DICPCG:  Solving for pd, Initial residual = 2.44451e-05, Final residual = 9.76875e-09, No Iterations 50
[TIMING_pd] 72.9105 ms
DICPCG:  Solving for pd, Initial residual = 9.77992e-09, Final residual = 9.77992e-09, No Iterations 0
[TIMING_pd] 4.58393 ms
DICPCG:  Solving for pd, Initial residual = 9.77994e-09, Final residual = 9.77994e-09, No Iterations 0
[TIMING_pd] 5.21376 ms
Temperature solver Iteration :1
DILUPBiCG:  Solving for T, Initial residual = 0.0822608, Final residual = 4.03983e-15, No Iterations 5
[TIMING_T] 31.9353 ms
After gT update:	  Min(gT) = 0  Max(gT) = 0
T Absolute residual: 2.27374e-13
gT Absolute residual: 0
min/max(T) = 298, 298
time step continuity errors : sum local = 1.98406e-12, global = 3.40317e-13, cumulative = 1.19689e-12
ExecutionTime = 28.21 s  ClockTime = 32 s

ExecutionTime = 28.21 s  ClockTime = 32 s

Courant Number mean: 9.72501e-11 max: 5.57617e-09
deltaT = 7.08818e-10
Time = 4.24682e-09

PIMPLE: iteration 1
Setting up velocity and flux fields for isoAdvector.
Selecting reconstructionScheme: isoAlpha
isoAdvection: After conservative bounding: min(alpha) = 0, max(alpha) = 1 + 7.79377e-14
Restoring velocity and flux fields after isoAdvector.
Material phase volume fraction = 0.604492  Min(alphaM) = 0  Max(alphaM) = 1
Laser: laser0
    mean position = (0.0001 2e-05 0.000100004)
    power = 150
    position including any oscillation = (0.0001 2e-05 0.000100004)
    Max ray power = 0
    Ray power relative tolerance = 1e-06
    Ray power absolute tolerance = 0
    Number of rays: 0
    Total Q deposited: 0
DICPCG:  Solving for pd, Initial residual = 2.37158e-05, Final residual = 9.44165e-09, No Iterations 50
[TIMING_pd] 66.7972 ms
DICPCG:  Solving for pd, Initial residual = 9.44908e-09, Final residual = 9.44908e-09, No Iterations 0
[TIMING_pd] 5.17224 ms
DICPCG:  Solving for pd, Initial residual = 9.44909e-09, Final residual = 9.44909e-09, No Iterations 0
[TIMING_pd] 5.18769 ms
Temperature solver Iteration :1
DILUPBiCG:  Solving for T, Initial residual = 0.0933925, Final residual = 3.121e-14, No Iterations 5
[TIMING_T] 34.7395 ms
After gT update:	  Min(gT) = 0  Max(gT) = 0
T Absolute residual: 2.84217e-13
gT Absolute residual: 0
min/max(T) = 298, 298
time step continuity errors : sum local = 2.65893e-12, global = 5.58458e-13, cumulative = 1.75535e-12
ExecutionTime = 29 s  ClockTime = 33 s

ExecutionTime = 29 s  ClockTime = 33 s

Courant Number mean: 1.10873e-10 max: 6.48681e-09
deltaT = 8.50558e-10
Time = 5.09738e-09

PIMPLE: iteration 1
Setting up velocity and flux fields for isoAdvector.
Selecting reconstructionScheme: isoAlpha
isoAdvection: After conservative bounding: min(alpha) = 0, max(alpha) = 1 + 1.00142e-13
Restoring velocity and flux fields after isoAdvector.
Material phase volume fraction = 0.604492  Min(alphaM) = 0  Max(alphaM) = 1
Laser: laser0
    mean position = (0.0001 2e-05 0.000100005)
    power = 150
    position including any oscillation = (0.0001 2e-05 0.000100005)
    Max ray power = 0
    Ray power relative tolerance = 1e-06
    Ray power absolute tolerance = 0
    Number of rays: 0
    Total Q deposited: 0
DICPCG:  Solving for pd, Initial residual = 2.3973e-05, Final residual = 9.56143e-09, No Iterations 52
[TIMING_pd] 69.5982 ms
DICPCG:  Solving for pd, Initial residual = 9.58689e-09, Final residual = 9.58689e-09, No Iterations 0
[TIMING_pd] 4.86154 ms
DICPCG:  Solving for pd, Initial residual = 9.58698e-09, Final residual = 9.58698e-09, No Iterations 0
[TIMING_pd] 4.80365 ms
Temperature solver Iteration :1
DILUPBiCG:  Solving for T, Initial residual = 0.132807, Final residual = 3.37893e-13, No Iterations 5
[TIMING_T] 32.5369 ms
After gT update:	  Min(gT) = 0  Max(gT) = 0
T Absolute residual: 3.41061e-13
gT Absolute residual: 0
min/max(T) = 298, 298
time step continuity errors : sum local = 3.74416e-12, global = 5.03728e-13, cumulative = 2.25907e-12
ExecutionTime = 29.79 s  ClockTime = 33 s

ExecutionTime = 29.79 s  ClockTime = 33 s

Courant Number mean: 1.24311e-10 max: 7.72243e-09
deltaT = 1.02062e-09
Time = 6.118e-09

PIMPLE: iteration 1
Setting up velocity and flux fields for isoAdvector.
Selecting reconstructionScheme: isoAlpha
isoAdvection: After conservative bounding: min(alpha) = 0, max(alpha) = 1 + 1.17684e-13
Restoring velocity and flux fields after isoAdvector.
Material phase volume fraction = 0.604492  Min(alphaM) = 0  Max(alphaM) = 1
Laser: laser0
    mean position = (0.0001 2e-05 0.000100006)
    power = 150
    position including any oscillation = (0.0001 2e-05 0.000100006)
    Max ray power = 0
    Ray power relative tolerance = 1e-06
    Ray power absolute tolerance = 0
    Number of rays: 0
    Total Q deposited: 0
DICPCG:  Solving for pd, Initial residual = 2.39478e-05, Final residual = 9.73141e-09, No Iterations 55
[TIMING_pd] 75.8949 ms
DICPCG:  Solving for pd, Initial residual = 9.76944e-09, Final residual = 9.76944e-09, No Iterations 0
[TIMING_pd] 4.83569 ms
DICPCG:  Solving for pd, Initial residual = 9.76961e-09, Final residual = 9.76961e-09, No Iterations 0
[TIMING_pd] 4.77674 ms
Temperature solver Iteration :1
DILUPBiCG:  Solving for T, Initial residual = 0.145284, Final residual = 1.03725e-13, No Iterations 5
[TIMING_T] 32.6453 ms
After gT update:	  Min(gT) = 0  Max(gT) = 0
T Absolute residual: 2.84217e-13
gT Absolute residual: 0
min/max(T) = 298, 298
time step continuity errors : sum local = 5.23946e-12, global = 2.63645e-13, cumulative = 2.52272e-12
ExecutionTime = 30.57 s  ClockTime = 34 s

ExecutionTime = 30.57 s  ClockTime = 34 s

Courant Number mean: 1.38808e-10 max: 8.59124e-09
deltaT = 1.22474e-09
Time = 7.34274e-09

PIMPLE: iteration 1
Setting up velocity and flux fields for isoAdvector.
Selecting reconstructionScheme: isoAlpha
isoAdvection: After conservative bounding: min(alpha) = 0, max(alpha) = 1 + 1.44107e-13
Restoring velocity and flux fields after isoAdvector.
Material phase volume fraction = 0.604492  Min(alphaM) = 0  Max(alphaM) = 1
Laser: laser0
    mean position = (0.0001 2e-05 0.000100007)
    power = 150
    position including any oscillation = (0.0001 2e-05 0.000100007)
    Max ray power = 0
    Ray power relative tolerance = 1e-06
    Ray power absolute tolerance = 0
    Number of rays: 0
    Total Q deposited: 0
DICPCG:  Solving for pd, Initial residual = 2.27973e-05, Final residual = 8.97386e-09, No Iterations 60
[TIMING_pd] 81.7233 ms
DICPCG:  Solving for pd, Initial residual = 9.01697e-09, Final residual = 9.01697e-09, No Iterations 0
[TIMING_pd] 4.94383 ms
DICPCG:  Solving for pd, Initial residual = 9.01721e-09, Final residual = 9.01721e-09, No Iterations 0
[TIMING_pd] 5.40323 ms
Temperature solver Iteration :1
DILUPBiCG:  Solving for T, Initial residual = 0.154181, Final residual = 4.28977e-13, No Iterations 5
[TIMING_T] 31.9252 ms
After gT update:	  Min(gT) = 0  Max(gT) = 0
T Absolute residual: 2.84217e-13
gT Absolute residual: 0
min/max(T) = 298, 298
time step continuity errors : sum local = 6.61578e-12, global = -1.14074e-13, cumulative = 2.40864e-12
ExecutionTime = 31.38 s  ClockTime = 35 s

ExecutionTime = 31.38 s  ClockTime = 35 s

Courant Number mean: 1.55298e-10 max: 9.71624e-09
deltaT = 1.46972e-09
Time = 8.81246e-09

PIMPLE: iteration 1
Setting up velocity and flux fields for isoAdvector.
Selecting reconstructionScheme: isoAlpha
isoAdvection: After conservative bounding: min(alpha) = 0, max(alpha) = 1 + 1.38778e-13
Restoring velocity and flux fields after isoAdvector.
Material phase volume fraction = 0.604492  Min(alphaM) = 0  Max(alphaM) = 1
Laser: laser0
    mean position = (0.0001 2e-05 0.000100009)
    power = 150
    position including any oscillation = (0.0001 2e-05 0.000100009)
    Max ray power = 0
    Ray power relative tolerance = 1e-06
    Ray power absolute tolerance = 0
    Number of rays: 0
    Total Q deposited: 0
DICPCG:  Solving for pd, Initial residual = 2.10109e-05, Final residual = 9.88539e-09, No Iterations 54
[TIMING_pd] 71.596 ms
DICPCG:  Solving for pd, Initial residual = 9.93826e-09, Final residual = 9.93826e-09, No Iterations 0
[TIMING_pd] 5.05097 ms
DICPCG:  Solving for pd, Initial residual = 9.93861e-09, Final residual = 9.93861e-09, No Iterations 0
[TIMING_pd] 4.96384 ms
Temperature solver Iteration :1
DILUPBiCG:  Solving for T, Initial residual = 0.20284, Final residual = 1.80979e-15, No Iterations 6
[TIMING_T] 38.3209 ms
After gT update:	  Min(gT) = 0  Max(gT) = 0
T Absolute residual: 2.84217e-13
gT Absolute residual: 0
min/max(T) = 298, 298
time step continuity errors : sum local = 9.98913e-12, global = 1.1606e-13, cumulative = 2.52471e-12
ExecutionTime = 32.18 s  ClockTime = 36 s

ExecutionTime = 32.18 s  ClockTime = 36 s

Courant Number mean: 1.80314e-10 max: 1.13958e-08
deltaT = 1.76367e-09
Time = 1.05761e-08

PIMPLE: iteration 1
Setting up velocity and flux fields for isoAdvector.
Selecting reconstructionScheme: isoAlpha
isoAdvection: After conservative bounding: min(alpha) = 0, max(alpha) = 1 + 2.07612e-13
Restoring velocity and flux fields after isoAdvector.
Material phase volume fraction = 0.604492  Min(alphaM) = 0  Max(alphaM) = 1
Laser: laser0
    mean position = (0.0001 2e-05 0.000100011)
    power = 150
    position including any oscillation = (0.0001 2e-05 0.000100011)
    Max ray power = 0
    Ray power relative tolerance = 1e-06
    Ray power absolute tolerance = 0
    Number of rays: 0
    Total Q deposited: 0
DICPCG:  Solving for pd, Initial residual = 2.06063e-05, Final residual = 8.67251e-09, No Iterations 60
[TIMING_pd] 79.3507 ms
DICPCG:  Solving for pd, Initial residual = 8.72406e-09, Final residual = 8.72406e-09, No Iterations 0
[TIMING_pd] 4.99519 ms
DICPCG:  Solving for pd, Initial residual = 8.72447e-09, Final residual = 8.72447e-09, No Iterations 0
[TIMING_pd] 4.91394 ms
Temperature solver Iteration :1
DILUPBiCG:  Solving for T, Initial residual = 0.18726, Final residual = 8.37886e-13, No Iterations 6
[TIMING_T] 38.0644 ms
After gT update:	  Min(gT) = 0  Max(gT) = 0
T Absolute residual: 2.84217e-13
gT Absolute residual: 0
min/max(T) = 298, 298
time step continuity errors : sum local = 1.20168e-11, global = -9.37872e-14, cumulative = 2.43092e-12
ExecutionTime = 32.98 s  ClockTime = 37 s

ExecutionTime = 32.98 s  ClockTime = 37 s

Courant Number mean: 1.99065e-10 max: 1.29505e-08
deltaT = 2.1164e-09
Time = 1.26925e-08

PIMPLE: iteration 1
Setting up velocity and flux fields for isoAdvector.
Selecting reconstructionScheme: isoAlpha
isoAdvection: After conservative bounding: min(alpha) = 0, max(alpha) = 1 + 1.99618e-13
Restoring velocity and flux fields after isoAdvector.
Material phase volume fraction = 0.604492  Min(alphaM) = 0  Max(alphaM) = 1
Laser: laser0
    mean position = (0.0001 2e-05 0.000100013)
    power = 150
    position including any oscillation = (0.0001 2e-05 0.000100013)
    Max ray power = 0
    Ray power relative tolerance = 1e-06
    Ray power absolute tolerance = 0
    Number of rays: 0
    Total Q deposited: 0
DICPCG:  Solving for pd, Initial residual = 1.87108e-05, Final residual = 8.41183e-09, No Iterations 60
[TIMING_pd] 83.1045 ms
DICPCG:  Solving for pd, Initial residual = 8.43098e-09, Final residual = 8.43098e-09, No Iterations 0
[TIMING_pd] 4.88159 ms
DICPCG:  Solving for pd, Initial residual = 8.43114e-09, Final residual = 8.43114e-09, No Iterations 0
[TIMING_pd] 4.6437 ms
Temperature solver Iteration :1
DILUPBiCG:  Solving for T, Initial residual = 0.0805704, Final residual = 8.28085e-14, No Iterations 5
[TIMING_T] 33.9283 ms
After gT update:	  Min(gT) = 0  Max(gT) = 0
T Absolute residual: 2.84217e-13
gT Absolute residual: 0
min/max(T) = 298, 298
time step continuity errors : sum local = 1.59062e-11, global = -4.07082e-13, cumulative = 2.02384e-12
ExecutionTime = 33.78 s  ClockTime = 37 s

ExecutionTime = 33.78 s  ClockTime = 37 s

Courant Number mean: 2.2981e-10 max: 1.45021e-08
deltaT = 2.53936e-09
Time = 1.52319e-08

PIMPLE: iteration 1
Setting up velocity and flux fields for isoAdvector.
Selecting reconstructionScheme: isoAlpha
isoAdvection: After conservative bounding: min(alpha) = 0, max(alpha) = 1 + 2.98872e-13
Restoring velocity and flux fields after isoAdvector.
Material phase volume fraction = 0.604492  Min(alphaM) = 0  Max(alphaM) = 1
Laser: laser0
    mean position = (0.0001 2e-05 0.000100015)
    power = 150
    position including any oscillation = (0.0001 2e-05 0.000100015)
    Max ray power = 0
    Ray power relative tolerance = 1e-06
    Ray power absolute tolerance = 0
    Number of rays: 0
    Total Q deposited: 0
DICPCG:  Solving for pd, Initial residual = 1.8483e-05, Final residual = 9.77018e-09, No Iterations 60
[TIMING_pd] 82.4712 ms
DICPCG:  Solving for pd, Initial residual = 9.79579e-09, Final residual = 9.79579e-09, No Iterations 0
[TIMING_pd] 4.95111 ms
DICPCG:  Solving for pd, Initial residual = 9.79606e-09, Final residual = 9.79606e-09, No Iterations 0
[TIMING_pd] 4.9391 ms
Temperature solver Iteration :1
DILUPBiCG:  Solving for T, Initial residual = 0.0999875, Final residual = 2.66249e-13, No Iterations 6
[TIMING_T] 40.7949 ms
After gT update:	  Min(gT) = 0  Max(gT) = 0
T Absolute residual: 2.27374e-13
gT Absolute residual: 0
min/max(T) = 298, 298
time step continuity errors : sum local = 2.52158e-11, global = -9.40386e-13, cumulative = 1.08345e-12
ExecutionTime = 34.58 s  ClockTime = 38 s

ExecutionTime = 34.58 s  ClockTime = 38 s

Courant Number mean: 2.80684e-10 max: 2.21087e-08
deltaT = 3.04692e-09
Time = 1.82788e-08

PIMPLE: iteration 1
Setting up velocity and flux fields for isoAdvector.
Selecting reconstructionScheme: isoAlpha
isoAdvection: After conservative bounding: min(alpha) = 0, max(alpha) = 1 + 3.58602e-13
Restoring velocity and flux fields after isoAdvector.
Material phase volume fraction = 0.604492  Min(alphaM) = 0  Max(alphaM) = 1
Laser: laser0
    mean position = (0.0001 2e-05 0.000100018)
    power = 150
    position including any oscillation = (0.0001 2e-05 0.000100018)
    Max ray power = 0
    Ray power relative tolerance = 1e-06
    Ray power absolute tolerance = 0
    Number of rays: 0
    Total Q deposited: 0
DICPCG:  Solving for pd, Initial residual = 1.76771e-05, Final residual = 8.41726e-09, No Iterations 63
[TIMING_pd] 88.3616 ms
DICPCG:  Solving for pd, Initial residual = 8.51996e-09, Final residual = 8.51996e-09, No Iterations 0
[TIMING_pd] 5.3731 ms
DICPCG:  Solving for pd, Initial residual = 8.52142e-09, Final residual = 8.52142e-09, No Iterations 0
[TIMING_pd] 5.41115 ms
Temperature solver Iteration :1
DILUPBiCG:  Solving for T, Initial residual = 0.161381, Final residual = 4.87383e-13, No Iterations 6
[TIMING_T] 36.8746 ms
After gT update:	  Min(gT) = 0  Max(gT) = 0
T Absolute residual: 2.27374e-13
gT Absolute residual: 0
min/max(T) = 298, 298
time step continuity errors : sum local = 2.97429e-11, global = -1.41378e-12, cumulative = -3.30332e-13
ExecutionTime = 35.41 s  ClockTime = 39 s

ExecutionTime = 35.41 s  ClockTime = 39 s

Courant Number mean: 3.19441e-10 max: 2.36822e-08
deltaT = 3.65631e-09
Time = 2.19351e-08

PIMPLE: iteration 1
Setting up velocity and flux fields for isoAdvector.
Selecting reconstructionScheme: isoAlpha
isoAdvection: After conservative bounding: min(alpha) = 0, max(alpha) = 1 + 4.54969e-13
Restoring velocity and flux fields after isoAdvector.
Material phase volume fraction = 0.604492  Min(alphaM) = 0  Max(alphaM) = 1
Laser: laser0
    mean position = (0.0001 2e-05 0.000100022)
    power = 150
    position including any oscillation = (0.0001 2e-05 0.000100022)
    Max ray power = 0
    Ray power relative tolerance = 1e-06
    Ray power absolute tolerance = 0
    Number of rays: 0
    Total Q deposited: 0
DICPCG:  Solving for pd, Initial residual = 1.67582e-05, Final residual = 9.89569e-09, No Iterations 65
[TIMING_pd] 97.7698 ms
DICPCG:  Solving for pd, Initial residual = 1.00077e-08, Final residual = 6.81534e-09, No Iterations 1
[TIMING_pd] 7.2208 ms
DICPCG:  Solving for pd, Initial residual = 6.79326e-09, Final residual = 6.79326e-09, No Iterations 0
[TIMING_pd] 5.18567 ms
Temperature solver Iteration :1
DILUPBiCG:  Solving for T, Initial residual = 0.190382, Final residual = 1.16555e-15, No Iterations 7
[TIMING_T] 42.3559 ms
After gT update:	  Min(gT) = 0  Max(gT) = 0
T Absolute residual: 2.84217e-13
gT Absolute residual: 0
min/max(T) = 298, 298
time step continuity errors : sum local = 3.17157e-11, global = -9.61442e-13, cumulative = -1.29177e-12
ExecutionTime = 36.24 s  ClockTime = 40 s

ExecutionTime = 36.24 s  ClockTime = 40 s

Courant Number mean: 3.99865e-10 max: 5.27749e-08
deltaT = 4.38789e-09
Time = 2.6323e-08

PIMPLE: iteration 1
Setting up velocity and flux fields for isoAdvector.
Selecting reconstructionScheme: isoAlpha
isoAdvection: After conservative bounding: min(alpha) = 0, max(alpha) = 1 + 3.7903e-13
Restoring velocity and flux fields after isoAdvector.
Material phase volume fraction = 0.604492  Min(alphaM) = 0  Max(alphaM) = 1
Laser: laser0
    mean position = (0.0001 2e-05 0.000100026)
    power = 150
    position including any oscillation = (0.0001 2e-05 0.000100026)
    Max ray power = 0
    Ray power relative tolerance = 1e-06
    Ray power absolute tolerance = 0
    Number of rays: 0
    Total Q deposited: 0
DICPCG:  Solving for pd, Initial residual = 1.45847e-05, Final residual = 9.9733e-09, No Iterations 67
[TIMING_pd] 92.5465 ms
DICPCG:  Solving for pd, Initial residual = 1.01032e-08, Final residual = 7.28006e-09, No Iterations 1
[TIMING_pd] 6.79117 ms
DICPCG:  Solving for pd, Initial residual = 7.25445e-09, Final residual = 7.25445e-09, No Iterations 0
[TIMING_pd] 5.4201 ms
Temperature solver Iteration :1
DILUPBiCG:  Solving for T, Initial residual = 0.102446, Final residual = 1.72421e-13, No Iterations 7
[TIMING_T] 50.1855 ms
After gT update:	  Min(gT) = 0  Max(gT) = 0
T Absolute residual: 2.27374e-13
gT Absolute residual: 0
min/max(T) = 298, 298
time step continuity errors : sum local = 4.54157e-11, global = 1.9256e-12, cumulative = 6.33831e-13
ExecutionTime = 37.09 s  ClockTime = 41 s

ExecutionTime = 37.09 s  ClockTime = 41 s

Courant Number mean: 5.4016e-10 max: 7.40921e-08
deltaT = 5.26593e-09
Time = 3.1589e-08

PIMPLE: iteration 1
Setting up velocity and flux fields for isoAdvector.
Selecting reconstructionScheme: isoAlpha
isoAdvection: After conservative bounding: min(alpha) = 0, max(alpha) = 1 + 4.87832e-13
Restoring velocity and flux fields after isoAdvector.
Material phase volume fraction = 0.604492  Min(alphaM) = 0  Max(alphaM) = 1
Laser: laser0
    mean position = (0.0001 2e-05 0.000100032)
    power = 150
    position including any oscillation = (0.0001 2e-05 0.000100032)
    Max ray power = 0
    Ray power relative tolerance = 1e-06
    Ray power absolute tolerance = 0
    Number of rays: 0
    Total Q deposited: 0
DICPCG:  Solving for pd, Initial residual = 1.31996e-05, Final residual = 8.93204e-09, No Iterations 67
[TIMING_pd] 84.4092 ms
DICPCG:  Solving for pd, Initial residual = 9.04111e-09, Final residual = 9.04111e-09, No Iterations 0
[TIMING_pd] 4.7866 ms
DICPCG:  Solving for pd, Initial residual = 9.04379e-09, Final residual = 9.04379e-09, No Iterations 0
[TIMING_pd] 4.76874 ms
Temperature solver Iteration :1
DILUPBiCG:  Solving for T, Initial residual = 0.122157, Final residual = 2.29945e-14, No Iterations 7
[TIMING_T] 52.7397 ms
After gT update:	  Min(gT) = 0  Max(gT) = 0
T Absolute residual: 2.84217e-13
gT Absolute residual: 0
min/max(T) = 298, 298
time step continuity errors : sum local = 7.55894e-11, global = -2.55561e-13, cumulative = 3.7827e-13
ExecutionTime = 37.91 s  ClockTime = 42 s

ExecutionTime = 37.91 s  ClockTime = 42 s

Courant Number mean: 5.95497e-10 max: 1.10308e-07
deltaT = 6.31712e-09
Time = 3.79061e-08

PIMPLE: iteration 1
Setting up velocity and flux fields for isoAdvector.
Selecting reconstructionScheme: isoAlpha
isoAdvection: After conservative bounding: min(alpha) = 0, max(alpha) = 1 + 6.56364e-13
Restoring velocity and flux fields after isoAdvector.
Material phase volume fraction = 0.604492  Min(alphaM) = 0  Max(alphaM) = 1
Laser: laser0
    mean position = (0.0001 2e-05 0.000100038)
    power = 150
    position including any oscillation = (0.0001 2e-05 0.000100038)
    Max ray power = 0
    Ray power relative tolerance = 1e-06
    Ray power absolute tolerance = 0
    Number of rays: 0
    Total Q deposited: 0
DICPCG:  Solving for pd, Initial residual = 1.03262e-05, Final residual = 9.27426e-09, No Iterations 8
[TIMING_pd] 16.1623 ms
DICPCG:  Solving for pd, Initial residual = 9.35032e-09, Final residual = 9.35032e-09, No Iterations 0
[TIMING_pd] 5.39824 ms
DICPCG:  Solving for pd, Initial residual = 9.35229e-09, Final residual = 9.35229e-09, No Iterations 0
[TIMING_pd] 4.99679 ms
Temperature solver Iteration :1
DILUPBiCG:  Solving for T, Initial residual = 0.151379, Final residual = 2.20935e-13, No Iterations 7
[TIMING_T] 47.3836 ms
After gT update:	  Min(gT) = 0  Max(gT) = 0
T Absolute residual: 2.84217e-13
gT Absolute residual: 0
min/max(T) = 298, 298
time step continuity errors : sum local = 1.00844e-10, global = -3.45357e-12, cumulative = -3.0753e-12
ExecutionTime = 38.68 s  ClockTime = 42 s

ExecutionTime = 38.68 s  ClockTime = 42 s

Courant Number mean: 9.32165e-10 max: 1.5317e-06
deltaT = 7.5815e-09
Time = 4.54876e-08

PIMPLE: iteration 1
Setting up velocity and flux fields for isoAdvector.
Selecting reconstructionScheme: isoAlpha
isoAdvection: After conservative bounding: min(alpha) = 0, max(alpha) = 1 + 7.12319e-13
Restoring velocity and flux fields after isoAdvector.
Material phase volume fraction = 0.604492  Min(alphaM) = 0  Max(alphaM) = 1
Laser: laser0
    mean position = (0.0001 2e-05 0.000100045)
    power = 150
    position including any oscillation = (0.0001 2e-05 0.000100045)
    Max ray power = 0
    Ray power relative tolerance = 1e-06
    Ray power absolute tolerance = 0
    Number of rays: 0
    Total Q deposited: 0
DICPCG:  Solving for pd, Initial residual = 2.29141e-05, Final residual = 8.77156e-09, No Iterations 8
[TIMING_pd] 16.3196 ms
DICPCG:  Solving for pd, Initial residual = 8.84868e-09, Final residual = 8.84868e-09, No Iterations 0
[TIMING_pd] 5.24884 ms
DICPCG:  Solving for pd, Initial residual = 8.85136e-09, Final residual = 8.85136e-09, No Iterations 0
[TIMING_pd] 5.02347 ms
Temperature solver Iteration :1
DILUPBiCG:  Solving for T, Initial residual = 0.121269, Final residual = 7.09597e-13, No Iterations 6
[TIMING_T] 38.7421 ms
After gT update:	  Min(gT) = 0  Max(gT) = 0
T Absolute residual: 2.84217e-13
gT Absolute residual: 0
min/max(T) = 298, 298
time step continuity errors : sum local = 1.20182e-10, global = -6.32738e-12, cumulative = -9.40267e-12
ExecutionTime = 39.43 s  ClockTime = 43 s

ExecutionTime = 39.43 s  ClockTime = 43 s

Courant Number mean: 1.32732e-09 max: 2.91471e-06
deltaT = 9.09919e-09
Time = 5.45868e-08

PIMPLE: iteration 1
Setting up velocity and flux fields for isoAdvector.
Selecting reconstructionScheme: isoAlpha
isoAdvection: After conservative bounding: min(alpha) = 0, max(alpha) = 1 + 9.49463e-13
Restoring velocity and flux fields after isoAdvector.
Material phase volume fraction = 0.604492  Min(alphaM) = 0  Max(alphaM) = 1
Laser: laser0
    mean position = (0.0001 2e-05 0.000100055)
    power = 150
    position including any oscillation = (0.0001 2e-05 0.000100055)
    Max ray power = 0
    Ray power relative tolerance = 1e-06
    Ray power absolute tolerance = 0
    Number of rays: 0
    Total Q deposited: 0
DICPCG:  Solving for pd, Initial residual = 6.30218e-07, Final residual = 9.46104e-09, No Iterations 6
[TIMING_pd] 12.8915 ms
DICPCG:  Solving for pd, Initial residual = 9.55834e-09, Final residual = 9.55834e-09, No Iterations 0
[TIMING_pd] 4.93368 ms
DICPCG:  Solving for pd, Initial residual = 9.56219e-09, Final residual = 9.56219e-09, No Iterations 0
[TIMING_pd] 5.14029 ms
Temperature solver Iteration :1
DILUPBiCG:  Solving for T, Initial residual = 0.0535039, Final residual = 1.10741e-13, No Iterations 7
[TIMING_T] 46.6602 ms
After gT update:	  Min(gT) = 0  Max(gT) = 0
T Absolute residual: 2.84217e-13
gT Absolute residual: 0
min/max(T) = 298, 298
time step continuity errors : sum local = 1.66993e-10, global = -8.22327e-12, cumulative = -1.76259e-11
ExecutionTime = 40.19 s  ClockTime = 44 s

ExecutionTime = 40.19 s  ClockTime = 44 s

Courant Number mean: 1.87265e-09 max: 3.12902e-06
deltaT = 1.0917e-08
Time = 6.55038e-08

PIMPLE: iteration 1
Setting up velocity and flux fields for isoAdvector.
Selecting reconstructionScheme: isoAlpha
isoAdvection: After conservative bounding: min(alpha) = 0, max(alpha) = 1 + 1.3598e-12
Restoring velocity and flux fields after isoAdvector.
Material phase volume fraction = 0.604492  Min(alphaM) = 0  Max(alphaM) = 1
Laser: laser0
    mean position = (0.0001 2e-05 0.000100066)
    power = 150
    position including any oscillation = (0.0001 2e-05 0.000100066)
    Max ray power = 0
    Ray power relative tolerance = 1e-06
    Ray power absolute tolerance = 0
    Number of rays: 0
    Total Q deposited: 0
DICPCG:  Solving for pd, Initial residual = 3.35918e-06, Final residual = 9.07225e-09, No Iterations 5
[TIMING_pd] 11.7075 ms
DICPCG:  Solving for pd, Initial residual = 9.15913e-09, Final residual = 9.15913e-09, No Iterations 0
[TIMING_pd] 5.54385 ms
DICPCG:  Solving for pd, Initial residual = 9.1634e-09, Final residual = 9.1634e-09, No Iterations 0
[TIMING_pd] 4.96592 ms
Temperature solver Iteration :1
DILUPBiCG:  Solving for T, Initial residual = 0.0603845, Final residual = 9.75339e-16, No Iterations 8
[TIMING_T] 53.2397 ms
After gT update:	  Min(gT) = 0  Max(gT) = 0
T Absolute residual: 2.84217e-13
gT Absolute residual: 0
min/max(T) = 298, 298
time step continuity errors : sum local = 2.05429e-10, global = -8.51638e-12, cumulative = -2.61423e-11
ExecutionTime = 40.95 s  ClockTime = 45 s

ExecutionTime = 40.95 s  ClockTime = 45 s

Courant Number mean: 2.43009e-09 max: 3.13083e-06
deltaT = 1.31062e-08
Time = 7.861e-08

PIMPLE: iteration 1
Setting up velocity and flux fields for isoAdvector.
Selecting reconstructionScheme: isoAlpha
isoAdvection: After conservative bounding: min(alpha) = 0, max(alpha) = 1 + 1.62848e-12
Restoring velocity and flux fields after isoAdvector.
Material phase volume fraction = 0.604492  Min(alphaM) = 0  Max(alphaM) = 1
Laser: laser0
    mean position = (0.0001 2e-05 0.000100079)
    power = 150
    position including any oscillation = (0.0001 2e-05 0.000100079)
    Max ray power = 0
    Ray power relative tolerance = 1e-06
    Ray power absolute tolerance = 0
    Number of rays: 0
    Total Q deposited: 0
DICPCG:  Solving for pd, Initial residual = 3.57633e-07, Final residual = 9.26902e-09, No Iterations 4
[TIMING_pd] 10.6877 ms
DICPCG:  Solving for pd, Initial residual = 9.35402e-09, Final residual = 9.35402e-09, No Iterations 0
[TIMING_pd] 5.01711 ms
DICPCG:  Solving for pd, Initial residual = 9.35891e-09, Final residual = 9.35891e-09, No Iterations 0
[TIMING_pd] 4.97631 ms
Temperature solver Iteration :1
DILUPBiCG:  Solving for T, Initial residual = 0.0808203, Final residual = 5.29756e-15, No Iterations 8
[TIMING_T] 51.5124 ms
After gT update:	  Min(gT) = 0  Max(gT) = 0
T Absolute residual: 3.41061e-13
gT Absolute residual: 0
min/max(T) = 298, 298
time step continuity errors : sum local = 2.69643e-10, global = -5.75611e-12, cumulative = -3.18984e-11
ExecutionTime = 41.69 s  ClockTime = 45 s

ExecutionTime = 41.69 s  ClockTime = 45 s

Courant Number mean: 3.11975e-09 max: 2.76554e-06
deltaT = 1.57233e-08
Time = 9.43333e-08

PIMPLE: iteration 1
Setting up velocity and flux fields for isoAdvector.
Selecting reconstructionScheme: isoAlpha
isoAdvection: After conservative bounding: min(alpha) = 0, max(alpha) = 1 + 1.46105e-12
Restoring velocity and flux fields after isoAdvector.
Material phase volume fraction = 0.604492  Min(alphaM) = 0  Max(alphaM) = 1
Laser: laser0
    mean position = (0.0001 2e-05 0.000100094)
    power = 150
    position including any oscillation = (0.0001 2e-05 0.000100094)
    Max ray power = 0
    Ray power relative tolerance = 1e-06
    Ray power absolute tolerance = 0
    Number of rays: 0
    Total Q deposited: 0
DICPCG:  Solving for pd, Initial residual = 1.89665e-07, Final residual = 9.9794e-09, No Iterations 4
[TIMING_pd] 10.6084 ms
DICPCG:  Solving for pd, Initial residual = 1.0051e-08, Final residual = 9.08654e-09, No Iterations 1
[TIMING_pd] 6.74531 ms
DICPCG:  Solving for pd, Initial residual = 9.06995e-09, Final residual = 9.06995e-09, No Iterations 0
[TIMING_pd] 5.53686 ms
Temperature solver Iteration :1
DILUPBiCG:  Solving for T, Initial residual = 0.0934793, Final residual = 4.70073e-14, No Iterations 8
[TIMING_T] 49.8913 ms
After gT update:	  Min(gT) = 0  Max(gT) = 0
T Absolute residual: 3.41061e-13
gT Absolute residual: 0
min/max(T) = 298, 298
time step continuity errors : sum local = 3.35268e-10, global = 4.16398e-12, cumulative = -2.77345e-11
ExecutionTime = 42.44 s  ClockTime = 46 s

ExecutionTime = 42.44 s  ClockTime = 46 s

Courant Number mean: 3.84263e-09 max: 2.69129e-06
deltaT = 1.88679e-08
Time = 1.13201e-07

PIMPLE: iteration 1
Setting up velocity and flux fields for isoAdvector.
Selecting reconstructionScheme: isoAlpha
isoAdvection: After conservative bounding: min(alpha) = 0, max(alpha) = 1 + 1.75304e-12
Restoring velocity and flux fields after isoAdvector.
Material phase volume fraction = 0.604492  Min(alphaM) = 0  Max(alphaM) = 1
Laser: laser0
    mean position = (0.0001 2e-05 0.000100113)
    power = 150
    position including any oscillation = (0.0001 2e-05 0.000100113)
    Max ray power = 0
    Ray power relative tolerance = 1e-06
    Ray power absolute tolerance = 0
    Number of rays: 0
    Total Q deposited: 0
DICPCG:  Solving for pd, Initial residual = 7.13942e-08, Final residual = 9.44416e-09, No Iterations 3
[TIMING_pd] 10.6228 ms
DICPCG:  Solving for pd, Initial residual = 9.50361e-09, Final residual = 9.50361e-09, No Iterations 0
[TIMING_pd] 4.97608 ms
DICPCG:  Solving for pd, Initial residual = 9.50815e-09, Final residual = 9.50815e-09, No Iterations 0
[TIMING_pd] 4.93504 ms
Temperature solver Iteration :1
DILUPBiCG:  Solving for T, Initial residual = 0.0606814, Final residual = 4.93906e-14, No Iterations 8
[TIMING_T] 46.6851 ms
After gT update:	  Min(gT) = 0  Max(gT) = 0
T Absolute residual: 2.84217e-13
gT Absolute residual: 0
min/max(T) = 298, 298
time step continuity errors : sum local = 4.53995e-10, global = 2.55433e-11, cumulative = -2.19111e-12
ExecutionTime = 43.18 s  ClockTime = 47 s

ExecutionTime = 43.18 s  ClockTime = 47 s

Courant Number mean: 4.71501e-09 max: 2.31143e-06
deltaT = 2.00138e-08
Time = 1.33215e-07

PIMPLE: iteration 1
Setting up velocity and flux fields for isoAdvector.
Selecting reconstructionScheme: isoAlpha
isoAdvection: After conservative bounding: min(alpha) = 0, max(alpha) = 1 + 1.92113e-12
Restoring velocity and flux fields after isoAdvector.
Material phase volume fraction = 0.604492  Min(alphaM) = 0  Max(alphaM) = 1
Laser: laser0
    mean position = (0.0001 2e-05 0.000100133)
    power = 150
    position including any oscillation = (0.0001 2e-05 0.000100133)
    Max ray power = 0
    Ray power relative tolerance = 1e-06
    Ray power absolute tolerance = 0
    Number of rays: 0
    Total Q deposited: 0
DICPCG:  Solving for pd, Initial residual = 9.707e-08, Final residual = 8.31174e-09, No Iterations 3
[TIMING_pd] 9.64144 ms
DICPCG:  Solving for pd, Initial residual = 8.35557e-09, Final residual = 8.35557e-09, No Iterations 0
[TIMING_pd] 5.8792 ms
DICPCG:  Solving for pd, Initial residual = 8.35899e-09, Final residual = 8.35899e-09, No Iterations 0
[TIMING_pd] 4.86307 ms
Temperature solver Iteration :1
DILUPBiCG:  Solving for T, Initial residual = 0.0675431, Final residual = 3.95059e-13, No Iterations 8
[TIMING_T] 59.8868 ms
After gT update:	  Min(gT) = 0  Max(gT) = 0
T Absolute residual: 3.41061e-13
gT Absolute residual: 0
min/max(T) = 298, 298
time step continuity errors : sum local = 4.24819e-10, global = 5.47161e-11, cumulative = 5.2525e-11
ExecutionTime = 43.94 s  ClockTime = 48 s

ExecutionTime = 43.94 s  ClockTime = 48 s

Courant Number mean: 5.00839e-09 max: 2.35907e-06
deltaT = 2.00138e-08
Time = 1.53229e-07

PIMPLE: iteration 1
Setting up velocity and flux fields for isoAdvector.
Selecting reconstructionScheme: isoAlpha
isoAdvection: After conservative bounding: min(alpha) = 0, max(alpha) = 1 + 1.92069e-12
Restoring velocity and flux fields after isoAdvector.
Material phase volume fraction = 0.604492  Min(alphaM) = 0  Max(alphaM) = 1
Laser: laser0
    mean position = (0.0001 2e-05 0.000100153)
    power = 150
    position including any oscillation = (0.0001 2e-05 0.000100153)
    Max ray power = 0
    Ray power relative tolerance = 1e-06
    Ray power absolute tolerance = 0
    Number of rays: 0
    Total Q deposited: 0
DICPCG:  Solving for pd, Initial residual = 8.46165e-08, Final residual = 9.34963e-09, No Iterations 2
[TIMING_pd] 8.66146 ms
DICPCG:  Solving for pd, Initial residual = 9.39918e-09, Final residual = 9.39918e-09, No Iterations 0
[TIMING_pd] 5.25541 ms
DICPCG:  Solving for pd, Initial residual = 9.40311e-09, Final residual = 9.40311e-09, No Iterations 0
[TIMING_pd] 5.33568 ms
Temperature solver Iteration :1
DILUPBiCG:  Solving for T, Initial residual = 0.0560997, Final residual = 1.83811e-13, No Iterations 8
[TIMING_T] 64.713 ms
After gT update:	  Min(gT) = 0  Max(gT) = 0
T Absolute residual: 3.41061e-13
gT Absolute residual: 0
min/max(T) = 298, 298
time step continuity errors : sum local = 4.69923e-10, global = 8.4633e-11, cumulative = 1.37158e-10
ExecutionTime = 44.73 s  ClockTime = 48 s

ExecutionTime = 44.73 s  ClockTime = 48 s

Courant Number mean: 5.15069e-09 max: 2.21162e-06
deltaT = 2.00138e-08
Time = 1.73242e-07

PIMPLE: iteration 1
Setting up velocity and flux fields for isoAdvector.
Selecting reconstructionScheme: isoAlpha
isoAdvection: After conservative bounding: min(alpha) = 0, max(alpha) = 1 + 1.83609e-12
Restoring velocity and flux fields after isoAdvector.
Material phase volume fraction = 0.604492  Min(alphaM) = 0  Max(alphaM) = 1
Laser: laser0
    mean position = (0.0001 2e-05 0.000100173)
    power = 150
    position including any oscillation = (0.0001 2e-05 0.000100173)
    Max ray power = 0
    Ray power relative tolerance = 1e-06
    Ray power absolute tolerance = 0
    Number of rays: 0
    Total Q deposited: 0
DICPCG:  Solving for pd, Initial residual = 7.033e-08, Final residual = 8.78912e-09, No Iterations 4
[TIMING_pd] 11.0829 ms
DICPCG:  Solving for pd, Initial residual = 8.81481e-09, Final residual = 8.81481e-09, No Iterations 0
[TIMING_pd] 5.14257 ms
DICPCG:  Solving for pd, Initial residual = 8.81633e-09, Final residual = 8.81633e-09, No Iterations 0
[TIMING_pd] 5.12586 ms
Temperature solver Iteration :1
DILUPBiCG:  Solving for T, Initial residual = 0.0475119, Final residual = 1.33753e-13, No Iterations 8
[TIMING_T] 54.2958 ms
After gT update:	  Min(gT) = 0  Max(gT) = 0
T Absolute residual: 3.41061e-13
gT Absolute residual: 0
min/max(T) = 298, 298
time step continuity errors : sum local = 4.34055e-10, global = 1.18062e-10, cumulative = 2.5522e-10
ExecutionTime = 45.52 s  ClockTime = 49 s

ExecutionTime = 45.52 s  ClockTime = 49 s

Courant Number mean: 4.98598e-09 max: 2.50694e-06
deltaT = 2.00138e-08
Time = 1.93256e-07

PIMPLE: iteration 1
Setting up velocity and flux fields for isoAdvector.
Selecting reconstructionScheme: isoAlpha
isoAdvection: After conservative bounding: min(alpha) = 0, max(alpha) = 1 + 1.77769e-12
Restoring velocity and flux fields after isoAdvector.
Material phase volume fraction = 0.604492  Min(alphaM) = 0  Max(alphaM) = 1
Laser: laser0
    mean position = (0.0001 2e-05 0.000100193)
    power = 150
    position including any oscillation = (0.0001 2e-05 0.000100193)
    Max ray power = 0
    Ray power relative tolerance = 1e-06
    Ray power absolute tolerance = 0
    Number of rays: 0
    Total Q deposited: 0
DICPCG:  Solving for pd, Initial residual = 4.4422e-08, Final residual = 8.71046e-09, No Iterations 2
[TIMING_pd] 8.55049 ms
DICPCG:  Solving for pd, Initial residual = 8.77473e-09, Final residual = 8.77473e-09, No Iterations 0
[TIMING_pd] 5.03981 ms
DICPCG:  Solving for pd, Initial residual = 8.77994e-09, Final residual = 8.77994e-09, No Iterations 0
[TIMING_pd] 4.99468 ms
Temperature solver Iteration :1
DILUPBiCG:  Solving for T, Initial residual = 0.0402881, Final residual = 6.22557e-15, No Iterations 8
[TIMING_T] 47.6921 ms
After gT update:	  Min(gT) = 0  Max(gT) = 0
T Absolute residual: 3.41061e-13
gT Absolute residual: 0
min/max(T) = 298, 298
time step continuity errors : sum local = 4.23794e-10, global = 1.50514e-10, cumulative = 4.05734e-10
ExecutionTime = 46.28 s  ClockTime = 50 s

ExecutionTime = 46.28 s  ClockTime = 50 s

Courant Number mean: 4.96627e-09 max: 2.69041e-06
deltaT = 2.00138e-08
Time = 2.1327e-07

PIMPLE: iteration 1
Setting up velocity and flux fields for isoAdvector.
Selecting reconstructionScheme: isoAlpha
isoAdvection: After conservative bounding: min(alpha) = 0, max(alpha) = 1 + 1.77369e-12
Restoring velocity and flux fields after isoAdvector.
Material phase volume fraction = 0.604492  Min(alphaM) = 0  Max(alphaM) = 1
Laser: laser0
    mean position = (0.0001 2e-05 0.000100213)
    power = 150
    position including any oscillation = (0.0001 2e-05 0.000100213)
    Max ray power = 0
    Ray power relative tolerance = 1e-06
    Ray power absolute tolerance = 0
    Number of rays: 0
    Total Q deposited: 0
DICPCG:  Solving for pd, Initial residual = 4.36337e-08, Final residual = 9.33541e-09, No Iterations 2
[TIMING_pd] 8.57556 ms
DICPCG:  Solving for pd, Initial residual = 9.4057e-09, Final residual = 9.4057e-09, No Iterations 0
[TIMING_pd] 5.29524 ms
DICPCG:  Solving for pd, Initial residual = 9.41187e-09, Final residual = 9.41187e-09, No Iterations 0
[TIMING_pd] 4.8476 ms
Temperature solver Iteration :1
DILUPBiCG:  Solving for T, Initial residual = 0.0492518, Final residual = 3.95925e-13, No Iterations 7
[TIMING_T] 45.2733 ms
After gT update:	  Min(gT) = 0  Max(gT) = 0
T Absolute residual: 2.84217e-13
gT Absolute residual: 0
min/max(T) = 298, 298
time step continuity errors : sum local = 4.51642e-10, global = 1.80149e-10, cumulative = 5.85882e-10
ExecutionTime = 47.05 s  ClockTime = 51 s

ExecutionTime = 47.05 s  ClockTime = 51 s

Courant Number mean: 5.02988e-09 max: 4.28046e-06
deltaT = 2.00138e-08
Time = 2.33284e-07

PIMPLE: iteration 1
Setting up velocity and flux fields for isoAdvector.
Selecting reconstructionScheme: isoAlpha
isoAdvection: After conservative bounding: min(alpha) = 0, max(alpha) = 1 + 1.78857e-12
Restoring velocity and flux fields after isoAdvector.
Material phase volume fraction = 0.604492  Min(alphaM) = 0  Max(alphaM) = 1
Laser: laser0
    mean position = (0.0001 2e-05 0.000100233)
    power = 150
    position including any oscillation = (0.0001 2e-05 0.000100233)
    Max ray power = 0
    Ray power relative tolerance = 1e-06
    Ray power absolute tolerance = 0
    Number of rays: 0
    Total Q deposited: 0
DICPCG:  Solving for pd, Initial residual = 2.92026e-08, Final residual = 8.98131e-09, No Iterations 2
[TIMING_pd] 8.70005 ms
DICPCG:  Solving for pd, Initial residual = 9.04659e-09, Final residual = 9.04659e-09, No Iterations 0
[TIMING_pd] 4.90773 ms
DICPCG:  Solving for pd, Initial residual = 9.05235e-09, Final residual = 9.05235e-09, No Iterations 0
[TIMING_pd] 4.99751 ms
Temperature solver Iteration :1
DILUPBiCG:  Solving for T, Initial residual = 0.0394608, Final residual = 5.00959e-13, No Iterations 7
[TIMING_T] 47.4113 ms
After gT update:	  Min(gT) = 0  Max(gT) = 0
T Absolute residual: 2.84217e-13
gT Absolute residual: 0
min/max(T) = 298, 298
time step continuity errors : sum local = 4.3198e-10, global = 2.05159e-10, cumulative = 7.91042e-10
ExecutionTime = 47.79 s  ClockTime = 51 s

ExecutionTime = 47.79 s  ClockTime = 51 s

Courant Number mean: 5.07004e-09 max: 1.92732e-06
deltaT = 2.00138e-08
Time = 2.53298e-07

PIMPLE: iteration 1
Setting up velocity and flux fields for isoAdvector.
Selecting reconstructionScheme: isoAlpha
isoAdvection: After conservative bounding: min(alpha) = 0, max(alpha) = 1 + 1.79901e-12
Restoring velocity and flux fields after isoAdvector.
Material phase volume fraction = 0.604492  Min(alphaM) = 0  Max(alphaM) = 1
Laser: laser0
    mean position = (0.0001 2e-05 0.000100253)
    power = 150
    position including any oscillation = (0.0001 2e-05 0.000100253)
    Max ray power = 0
    Ray power relative tolerance = 1e-06
    Ray power absolute tolerance = 0
    Number of rays: 0
    Total Q deposited: 0
DICPCG:  Solving for pd, Initial residual = 3.48654e-08, Final residual = 9.33965e-09, No Iterations 2
[TIMING_pd] 9.8308 ms
DICPCG:  Solving for pd, Initial residual = 9.39178e-09, Final residual = 9.39178e-09, No Iterations 0
[TIMING_pd] 4.93463 ms
DICPCG:  Solving for pd, Initial residual = 9.39617e-09, Final residual = 9.39617e-09, No Iterations 0
[TIMING_pd] 4.85241 ms
Temperature solver Iteration :1
DILUPBiCG:  Solving for T, Initial residual = 0.0331274, Final residual = 5.49162e-13, No Iterations 8
[TIMING_T] 50.5799 ms
After gT update:	  Min(gT) = 0  Max(gT) = 0
T Absolute residual: 2.84217e-13
gT Absolute residual: 0
min/max(T) = 298, 298
time step continuity errors : sum local = 4.46397e-10, global = 2.24308e-10, cumulative = 1.01535e-09
ExecutionTime = 48.54 s  ClockTime = 52 s

ExecutionTime = 48.54 s  ClockTime = 52 s

Courant Number mean: 5.10941e-09 max: 1.81216e-06
deltaT = 2.00138e-08
Time = 2.73311e-07

PIMPLE: iteration 1
Setting up velocity and flux fields for isoAdvector.
Selecting reconstructionScheme: isoAlpha
isoAdvection: After conservative bounding: min(alpha) = 0, max(alpha) = 1 + 1.79723e-12
Restoring velocity and flux fields after isoAdvector.
Material phase volume fraction = 0.604492  Min(alphaM) = 0  Max(alphaM) = 1
Laser: laser0
    mean position = (0.0001 2e-05 0.000100273)
    power = 150
    position including any oscillation = (0.0001 2e-05 0.000100273)
    Max ray power = 0
    Ray power relative tolerance = 1e-06
    Ray power absolute tolerance = 0
    Number of rays: 0
    Total Q deposited: 0
DICPCG:  Solving for pd, Initial residual = 3.06522e-08, Final residual = 9.26025e-09, No Iterations 2
[TIMING_pd] 8.0753 ms
DICPCG:  Solving for pd, Initial residual = 9.29602e-09, Final residual = 9.29602e-09, No Iterations 0
[TIMING_pd] 4.7635 ms
DICPCG:  Solving for pd, Initial residual = 9.29893e-09, Final residual = 9.29893e-09, No Iterations 0
[TIMING_pd] 5.27066 ms
Temperature solver Iteration :1
DILUPBiCG:  Solving for T, Initial residual = 0.0288115, Final residual = 8.9568e-14, No Iterations 8
[TIMING_T] 53.4285 ms
After gT update:	  Min(gT) = 0  Max(gT) = 0
T Absolute residual: 2.84217e-13
gT Absolute residual: 0
min/max(T) = 298, 298
time step continuity errors : sum local = 4.40149e-10, global = 2.36726e-10, cumulative = 1.25208e-09
ExecutionTime = 49.29 s  ClockTime = 53 s

ExecutionTime = 49.29 s  ClockTime = 53 s

Courant Number mean: 5.09139e-09 max: 1.77095e-06
deltaT = 2.00138e-08
Time = 2.93325e-07

PIMPLE: iteration 1
Setting up velocity and flux fields for isoAdvector.
Selecting reconstructionScheme: isoAlpha
isoAdvection: After conservative bounding: min(alpha) = 0, max(alpha) = 1 + 1.79456e-12
Restoring velocity and flux fields after isoAdvector.
Material phase volume fraction = 0.604492  Min(alphaM) = 0  Max(alphaM) = 1
Laser: laser0
    mean position = (0.0001 2e-05 0.000100293)
    power = 150
    position including any oscillation = (0.0001 2e-05 0.000100293)
    Max ray power = 0
    Ray power relative tolerance = 1e-06
    Ray power absolute tolerance = 0
    Number of rays: 0
    Total Q deposited: 0
DICPCG:  Solving for pd, Initial residual = 2.97519e-08, Final residual = 8.86833e-09, No Iterations 2
[TIMING_pd] 8.01306 ms
DICPCG:  Solving for pd, Initial residual = 8.88829e-09, Final residual = 8.88829e-09, No Iterations 0
[TIMING_pd] 5.00387 ms
DICPCG:  Solving for pd, Initial residual = 8.88987e-09, Final residual = 8.88987e-09, No Iterations 0
[TIMING_pd] 4.90285 ms
Temperature solver Iteration :1
DILUPBiCG:  Solving for T, Initial residual = 0.0270322, Final residual = 2.83195e-13, No Iterations 7
[TIMING_T] 47.7719 ms
After gT update:	  Min(gT) = 0  Max(gT) = 0
T Absolute residual: 3.41061e-13
gT Absolute residual: 0
min/max(T) = 298, 298
time step continuity errors : sum local = 4.19433e-10, global = 2.42355e-10, cumulative = 1.49443e-09
ExecutionTime = 50.04 s  ClockTime = 54 s

ExecutionTime = 50.04 s  ClockTime = 54 s

Courant Number mean: 5.01674e-09 max: 1.66316e-06
deltaT = 2.00138e-08
Time = 3.13339e-07

PIMPLE: iteration 1
Setting up velocity and flux fields for isoAdvector.
Selecting reconstructionScheme: isoAlpha
isoAdvection: After conservative bounding: min(alpha) = 0, max(alpha) = 1 + 1.79035e-12
Restoring velocity and flux fields after isoAdvector.
Material phase volume fraction = 0.604492  Min(alphaM) = 0  Max(alphaM) = 1
Laser: laser0
    mean position = (0.0001 2e-05 0.000100313)
    power = 150
    position including any oscillation = (0.0001 2e-05 0.000100313)
    Max ray power = 0
    Ray power relative tolerance = 1e-06
    Ray power absolute tolerance = 0
    Number of rays: 0
    Total Q deposited: 0
DICPCG:  Solving for pd, Initial residual = 2.43427e-08, Final residual = 8.47682e-09, No Iterations 2
[TIMING_pd] 8.35259 ms
DICPCG:  Solving for pd, Initial residual = 8.4798e-09, Final residual = 8.4798e-09, No Iterations 0
[TIMING_pd] 4.87116 ms
DICPCG:  Solving for pd, Initial residual = 8.47996e-09, Final residual = 8.47996e-09, No Iterations 0
[TIMING_pd] 4.82628 ms
Temperature solver Iteration :1
DILUPBiCG:  Solving for T, Initial residual = 0.0340201, Final residual = 3.69568e-14, No Iterations 8
[TIMING_T] 50.4381 ms
After gT update:	  Min(gT) = 0  Max(gT) = 0
T Absolute residual: 3.41061e-13
gT Absolute residual: 0
min/max(T) = 298, 298
time step continuity errors : sum local = 3.9897e-10, global = 2.41461e-10, cumulative = 1.73589e-09
ExecutionTime = 50.79 s  ClockTime = 54 s

ExecutionTime = 50.79 s  ClockTime = 54 s

Courant Number mean: 4.89436e-09 max: 1.64589e-06
deltaT = 2.00138e-08
Time = 3.33353e-07

PIMPLE: iteration 1
Setting up velocity and flux fields for isoAdvector.
Selecting reconstructionScheme: isoAlpha
isoAdvection: After conservative bounding: min(alpha) = 0, max(alpha) = 1 + 1.7899e-12
Restoring velocity and flux fields after isoAdvector.
Material phase volume fraction = 0.604492  Min(alphaM) = 0  Max(alphaM) = 1
Laser: laser0
    mean position = (0.0001 2e-05 0.000100333)
    power = 150
    position including any oscillation = (0.0001 2e-05 0.000100333)
    Max ray power = 0
    Ray power relative tolerance = 1e-06
    Ray power absolute tolerance = 0
    Number of rays: 0
    Total Q deposited: 0
DICPCG:  Solving for pd, Initial residual = 2.04801e-08, Final residual = 9.24624e-09, No Iterations 1
[TIMING_pd] 6.78322 ms
DICPCG:  Solving for pd, Initial residual = 9.2555e-09, Final residual = 9.2555e-09, No Iterations 0
[TIMING_pd] 4.94991 ms
DICPCG:  Solving for pd, Initial residual = 9.25618e-09, Final residual = 9.25618e-09, No Iterations 0
[TIMING_pd] 5.19726 ms
Temperature solver Iteration :1
DILUPBiCG:  Solving for T, Initial residual = 0.0257955, Final residual = 3.03778e-14, No Iterations 8
[TIMING_T] 50.0919 ms
After gT update:	  Min(gT) = 0  Max(gT) = 0
T Absolute residual: 3.41061e-13
gT Absolute residual: 0
min/max(T) = 298, 298
time step continuity errors : sum local = 4.34394e-10, global = 2.37579e-10, cumulative = 1.97347e-09
ExecutionTime = 51.54 s  ClockTime = 55 s

ExecutionTime = 51.54 s  ClockTime = 55 s

Courant Number mean: 4.85041e-09 max: 1.60756e-06
deltaT = 2.00138e-08
Time = 3.53366e-07

PIMPLE: iteration 1
Setting up velocity and flux fields for isoAdvector.
Selecting reconstructionScheme: isoAlpha
isoAdvection: After conservative bounding: min(alpha) = 0, max(alpha) = 1 + 1.78724e-12
Restoring velocity and flux fields after isoAdvector.
Material phase volume fraction = 0.604492  Min(alphaM) = 0  Max(alphaM) = 1
Laser: laser0
    mean position = (0.0001 2e-05 0.000100353)
    power = 150
    position including any oscillation = (0.0001 2e-05 0.000100353)
    Max ray power = 0
    Ray power relative tolerance = 1e-06
    Ray power absolute tolerance = 0
    Number of rays: 0
    Total Q deposited: 0
DICPCG:  Solving for pd, Initial residual = 3.08052e-08, Final residual = 9.93063e-09, No Iterations 1
[TIMING_pd] 7.84104 ms
DICPCG:  Solving for pd, Initial residual = 9.94721e-09, Final residual = 9.94721e-09, No Iterations 0
[TIMING_pd] 5.06905 ms
DICPCG:  Solving for pd, Initial residual = 9.94822e-09, Final residual = 9.94822e-09, No Iterations 0
[TIMING_pd] 5.1484 ms
Temperature solver Iteration :1
DILUPBiCG:  Solving for T, Initial residual = 0.0234417, Final residual = 7.4357e-15, No Iterations 9
[TIMING_T] 53.5654 ms
After gT update:	  Min(gT) = 0  Max(gT) = 0
T Absolute residual: 2.84217e-13
gT Absolute residual: 0
min/max(T) = 298, 298
time step continuity errors : sum local = 4.61511e-10, global = 2.30959e-10, cumulative = 2.20443e-09
ExecutionTime = 52.28 s  ClockTime = 56 s

ExecutionTime = 52.28 s  ClockTime = 56 s

Courant Number mean: 4.84279e-09 max: 1.95834e-06
deltaT = 2.00138e-08
Time = 3.7338e-07

PIMPLE: iteration 1
Setting up velocity and flux fields for isoAdvector.
Selecting reconstructionScheme: isoAlpha
isoAdvection: After conservative bounding: min(alpha) = 0, max(alpha) = 1 + 1.79168e-12
Restoring velocity and flux fields after isoAdvector.
Material phase volume fraction = 0.604492  Min(alphaM) = 0  Max(alphaM) = 1
Laser: laser0
    mean position = (0.0001 2e-05 0.000100373)
    power = 150
    position including any oscillation = (0.0001 2e-05 0.000100373)
    Max ray power = 0
    Ray power relative tolerance = 1e-06
    Ray power absolute tolerance = 0
    Number of rays: 0
    Total Q deposited: 0
DICPCG:  Solving for pd, Initial residual = 3.0219e-08, Final residual = 8.97578e-09, No Iterations 2
[TIMING_pd] 8.51596 ms
DICPCG:  Solving for pd, Initial residual = 8.98992e-09, Final residual = 8.98992e-09, No Iterations 0
[TIMING_pd] 5.22958 ms
DICPCG:  Solving for pd, Initial residual = 8.99084e-09, Final residual = 8.99084e-09, No Iterations 0
[TIMING_pd] 4.83644 ms
Temperature solver Iteration :1
DILUPBiCG:  Solving for T, Initial residual = 0.020636, Final residual = 2.47313e-15, No Iterations 8
[TIMING_T] 48.7109 ms
After gT update:	  Min(gT) = 0  Max(gT) = 0
T Absolute residual: 3.41061e-13
gT Absolute residual: 0
min/max(T) = 298, 298
time step continuity errors : sum local = 4.15465e-10, global = 2.19574e-10, cumulative = 2.424e-09
ExecutionTime = 53.04 s  ClockTime = 57 s

ExecutionTime = 53.04 s  ClockTime = 57 s

Courant Number mean: 4.71828e-09 max: 1.73084e-06
deltaT = 2.00138e-08
Time = 3.93394e-07

PIMPLE: iteration 1
Setting up velocity and flux fields for isoAdvector.
Selecting reconstructionScheme: isoAlpha
isoAdvection: After conservative bounding: min(alpha) = 0, max(alpha) = 1 + 1.79301e-12
Restoring velocity and flux fields after isoAdvector.
Material phase volume fraction = 0.604492  Min(alphaM) = 0  Max(alphaM) = 1
Laser: laser0
    mean position = (0.0001 2e-05 0.000100393)
    power = 150
    position including any oscillation = (0.0001 2e-05 0.000100393)
    Max ray power = 0
    Ray power relative tolerance = 1e-06
    Ray power absolute tolerance = 0
    Number of rays: 0
    Total Q deposited: 0
DICPCG:  Solving for pd, Initial residual = 3.02393e-08, Final residual = 8.38504e-09, No Iterations 2
[TIMING_pd] 8.91245 ms
DICPCG:  Solving for pd, Initial residual = 8.40525e-09, Final residual = 8.40525e-09, No Iterations 0
[TIMING_pd] 5.52565 ms
DICPCG:  Solving for pd, Initial residual = 8.40673e-09, Final residual = 8.40673e-09, No Iterations 0
[TIMING_pd] 5.1818 ms
Temperature solver Iteration :1
DILUPBiCG:  Solving for T, Initial residual = 0.0270594, Final residual = 2.33749e-14, No Iterations 8
[TIMING_T] 51.3093 ms
After gT update:	  Min(gT) = 0  Max(gT) = 0
T Absolute residual: 3.41061e-13
gT Absolute residual: 0
min/max(T) = 298, 298
time step continuity errors : sum local = 3.87475e-10, global = 2.04389e-10, cumulative = 2.62839e-09
ExecutionTime = 53.81 s  ClockTime = 57 s

ExecutionTime = 53.81 s  ClockTime = 57 s

Courant Number mean: 4.57532e-09 max: 1.58184e-06
deltaT = 2.00138e-08
Time = 4.13408e-07

PIMPLE: iteration 1
Setting up velocity and flux fields for isoAdvector.
Selecting reconstructionScheme: isoAlpha
isoAdvection: After conservative bounding: min(alpha) = 0, max(alpha) = 1 + 1.79168e-12
Restoring velocity and flux fields after isoAdvector.
Material phase volume fraction = 0.604492  Min(alphaM) = 0  Max(alphaM) = 1
Laser: laser0
    mean position = (0.0001 2e-05 0.000100413)
    power = 150
    position including any oscillation = (0.0001 2e-05 0.000100413)
    Max ray power = 0
    Ray power relative tolerance = 1e-06
    Ray power absolute tolerance = 0
    Number of rays: 0
    Total Q deposited: 0
DICPCG:  Solving for pd, Initial residual = 1.62478e-08, Final residual = 8.57191e-09, No Iterations 1
[TIMING_pd] 7.00486 ms
DICPCG:  Solving for pd, Initial residual = 8.59522e-09, Final residual = 8.59522e-09, No Iterations 0
[TIMING_pd] 4.7735 ms
DICPCG:  Solving for pd, Initial residual = 8.59729e-09, Final residual = 8.59729e-09, No Iterations 0
[TIMING_pd] 5.05214 ms
Temperature solver Iteration :1
DILUPBiCG:  Solving for T, Initial residual = 0.0221477, Final residual = 2.01999e-13, No Iterations 8
[TIMING_T] 49.0225 ms
After gT update:	  Min(gT) = 0  Max(gT) = 0
T Absolute residual: 3.41061e-13
gT Absolute residual: 0
min/max(T) = 298, 298
time step continuity errors : sum local = 3.95545e-10, global = 1.87789e-10, cumulative = 2.81618e-09
ExecutionTime = 54.56 s  ClockTime = 58 s

ExecutionTime = 54.56 s  ClockTime = 58 s

Courant Number mean: 4.4896e-09 max: 1.57813e-06
deltaT = 2.00138e-08
Time = 4.33421e-07

PIMPLE: iteration 1
Setting up velocity and flux fields for isoAdvector.
Selecting reconstructionScheme: isoAlpha
isoAdvection: After conservative bounding: min(alpha) = 0, max(alpha) = 1 + 1.79234e-12
Restoring velocity and flux fields after isoAdvector.
Material phase volume fraction = 0.604492  Min(alphaM) = 0  Max(alphaM) = 1
Laser: laser0
    mean position = (0.0001 2e-05 0.000100433)
    power = 150
    position including any oscillation = (0.0001 2e-05 0.000100433)
    Max ray power = 0
    Ray power relative tolerance = 1e-06
    Ray power absolute tolerance = 0
    Number of rays: 0
    Total Q deposited: 0
DICPCG:  Solving for pd, Initial residual = 2.43935e-08, Final residual = 9.16645e-09, No Iterations 1
[TIMING_pd] 7.0212 ms
DICPCG:  Solving for pd, Initial residual = 9.18489e-09, Final residual = 9.18489e-09, No Iterations 0
[TIMING_pd] 5.16424 ms
DICPCG:  Solving for pd, Initial residual = 9.18654e-09, Final residual = 9.18654e-09, No Iterations 0
[TIMING_pd] 4.94264 ms
Temperature solver Iteration :1
DILUPBiCG:  Solving for T, Initial residual = 0.0179696, Final residual = 3.40255e-14, No Iterations 8
[TIMING_T] 53.3745 ms
After gT update:	  Min(gT) = 0  Max(gT) = 0
T Absolute residual: 2.84217e-13
gT Absolute residual: 0
min/max(T) = 298, 298
time step continuity errors : sum local = 4.21084e-10, global = 1.70163e-10, cumulative = 2.98634e-09
ExecutionTime = 55.31 s  ClockTime = 59 s

ExecutionTime = 55.31 s  ClockTime = 59 s

Courant Number mean: 4.44527e-09 max: 1.57307e-06
deltaT = 2.00138e-08
Time = 4.53435e-07

PIMPLE: iteration 1
Setting up velocity and flux fields for isoAdvector.
Selecting reconstructionScheme: isoAlpha
isoAdvection: After conservative bounding: min(alpha) = 0, max(alpha) = 1 + 1.79035e-12
Restoring velocity and flux fields after isoAdvector.
Material phase volume fraction = 0.604492  Min(alphaM) = 0  Max(alphaM) = 1
Laser: laser0
    mean position = (0.0001 2e-05 0.000100453)
    power = 150
    position including any oscillation = (0.0001 2e-05 0.000100453)
    Max ray power = 0
    Ray power relative tolerance = 1e-06
    Ray power absolute tolerance = 0
    Number of rays: 0
    Total Q deposited: 0
DICPCG:  Solving for pd, Initial residual = 1.92054e-08, Final residual = 8.69493e-09, No Iterations 1
[TIMING_pd] 7.05793 ms
DICPCG:  Solving for pd, Initial residual = 8.70825e-09, Final residual = 8.70825e-09, No Iterations 0
[TIMING_pd] 4.95961 ms
DICPCG:  Solving for pd, Initial residual = 8.70957e-09, Final residual = 8.70957e-09, No Iterations 0
[TIMING_pd] 4.97032 ms
Temperature solver Iteration :1
DILUPBiCG:  Solving for T, Initial residual = 0.0163766, Final residual = 1.30969e-14, No Iterations 8
[TIMING_T] 55.1474 ms
After gT update:	  Min(gT) = 0  Max(gT) = 0
T Absolute residual: 2.84217e-13
gT Absolute residual: 0
min/max(T) = 298, 298
time step continuity errors : sum local = 3.98184e-10, global = 1.51902e-10, cumulative = 3.13825e-09
ExecutionTime = 56.05 s  ClockTime = 60 s

ExecutionTime = 56.05 s  ClockTime = 60 s

Courant Number mean: 4.33387e-09 max: 1.59722e-06
deltaT = 2.00138e-08
Time = 4.73449e-07

PIMPLE: iteration 1
Setting up velocity and flux fields for isoAdvector.
Selecting reconstructionScheme: isoAlpha
isoAdvection: After conservative bounding: min(alpha) = 0, max(alpha) = 1 + 1.79456e-12
Restoring velocity and flux fields after isoAdvector.
Material phase volume fraction = 0.604492  Min(alphaM) = 0  Max(alphaM) = 1
Laser: laser0
    mean position = (0.0001 2e-05 0.000100473)
    power = 150
    position including any oscillation = (0.0001 2e-05 0.000100473)
    Max ray power = 0
    Ray power relative tolerance = 1e-06
    Ray power absolute tolerance = 0
    Number of rays: 0
    Total Q deposited: 0
DICPCG:  Solving for pd, Initial residual = 1.76803e-08, Final residual = 8.59444e-09, No Iterations 1
[TIMING_pd] 6.88571 ms
DICPCG:  Solving for pd, Initial residual = 8.60511e-09, Final residual = 8.60511e-09, No Iterations 0
[TIMING_pd] 4.67499 ms
DICPCG:  Solving for pd, Initial residual = 8.60614e-09, Final residual = 8.60614e-09, No Iterations 0
[TIMING_pd] 4.67379 ms
Temperature solver Iteration :1
DILUPBiCG:  Solving for T, Initial residual = 0.0219394, Final residual = 2.8386e-14, No Iterations 8
[TIMING_T] 50.8075 ms
After gT update:	  Min(gT) = 0  Max(gT) = 0
T Absolute residual: 2.84217e-13
gT Absolute residual: 0
min/max(T) = 298, 298
time step continuity errors : sum local = 3.92714e-10, global = 1.33377e-10, cumulative = 3.27162e-09
ExecutionTime = 56.79 s  ClockTime = 60 s

ExecutionTime = 56.79 s  ClockTime = 60 s

Courant Number mean: 4.22263e-09 max: 1.64577e-06
deltaT = 2.00138e-08
Time = 4.93463e-07

PIMPLE: iteration 1
Setting up velocity and flux fields for isoAdvector.
Selecting reconstructionScheme: isoAlpha
isoAdvection: After conservative bounding: min(alpha) = 0, max(alpha) = 1 + 1.79323e-12
Restoring velocity and flux fields after isoAdvector.
Material phase volume fraction = 0.604492  Min(alphaM) = 0  Max(alphaM) = 1
Laser: laser0
    mean position = (0.0001 2e-05 0.000100493)
    power = 150
    position including any oscillation = (0.0001 2e-05 0.000100493)
    Max ray power = 0
    Ray power relative tolerance = 1e-06
    Ray power absolute tolerance = 0
    Number of rays: 0
    Total Q deposited: 0
DICPCG:  Solving for pd, Initial residual = 1.48873e-08, Final residual = 8.43721e-09, No Iterations 1
[TIMING_pd] 6.77172 ms
DICPCG:  Solving for pd, Initial residual = 8.44715e-09, Final residual = 8.44715e-09, No Iterations 0
[TIMING_pd] 4.84943 ms
DICPCG:  Solving for pd, Initial residual = 8.44809e-09, Final residual = 8.44809e-09, No Iterations 0
[TIMING_pd] 4.86882 ms
Temperature solver Iteration :1
DILUPBiCG:  Solving for T, Initial residual = 0.0164845, Final residual = 1.10462e-13, No Iterations 8
[TIMING_T] 51.2055 ms
After gT update:	  Min(gT) = 0  Max(gT) = 0
T Absolute residual: 3.41061e-13
gT Absolute residual: 0
min/max(T) = 298, 298
time step continuity errors : sum local = 3.84906e-10, global = 1.14902e-10, cumulative = 3.38652e-09
ExecutionTime = 57.52 s  ClockTime = 61 s

ExecutionTime = 57.52 s  ClockTime = 61 s

Courant Number mean: 4.08856e-09 max: 1.6902e-06
deltaT = 2.00138e-08
Time = 5.13476e-07

PIMPLE: iteration 1
Setting up velocity and flux fields for isoAdvector.
Selecting reconstructionScheme: isoAlpha
isoAdvection: After conservative bounding: min(alpha) = 0, max(alpha) = 1 + 1.80367e-12
Restoring velocity and flux fields after isoAdvector.
Material phase volume fraction = 0.604492  Min(alphaM) = 0  Max(alphaM) = 1
Laser: laser0
    mean position = (0.0001 2e-05 0.000100513)
    power = 150
    position including any oscillation = (0.0001 2e-05 0.000100513)
    Max ray power = 0
    Ray power relative tolerance = 1e-06
    Ray power absolute tolerance = 0
    Number of rays: 0
    Total Q deposited: 0
DICPCG:  Solving for pd, Initial residual = 1.91552e-08, Final residual = 8.79803e-09, No Iterations 1
[TIMING_pd] 7.19208 ms
DICPCG:  Solving for pd, Initial residual = 8.80384e-09, Final residual = 8.80384e-09, No Iterations 0
[TIMING_pd] 4.98381 ms
DICPCG:  Solving for pd, Initial residual = 8.80425e-09, Final residual = 8.80425e-09, No Iterations 0
[TIMING_pd] 5.03241 ms
Temperature solver Iteration :1
DILUPBiCG:  Solving for T, Initial residual = 0.0154081, Final residual = 3.75754e-14, No Iterations 8
[TIMING_T] 60.7604 ms
After gT update:	  Min(gT) = 0  Max(gT) = 0
T Absolute residual: 2.84217e-13
gT Absolute residual: 0
min/max(T) = 298, 298
time step continuity errors : sum local = 4.00282e-10, global = 9.67202e-11, cumulative = 3.48324e-09
ExecutionTime = 58.27 s  ClockTime = 62 s

ExecutionTime = 58.27 s  ClockTime = 62 s

Courant Number mean: 3.98448e-09 max: 1.72756e-06
deltaT = 2.00138e-08
Time = 5.3349e-07

PIMPLE: iteration 1
Setting up velocity and flux fields for isoAdvector.
Selecting reconstructionScheme: isoAlpha
isoAdvection: After conservative bounding: min(alpha) = 0, max(alpha) = 1 + 1.79945e-12
Restoring velocity and flux fields after isoAdvector.
Material phase volume fraction = 0.604492  Min(alphaM) = 0  Max(alphaM) = 1
Laser: laser0
    mean position = (0.0001 2e-05 0.000100533)
    power = 150
    position including any oscillation = (0.0001 2e-05 0.000100533)
    Max ray power = 0
    Ray power relative tolerance = 1e-06
    Ray power absolute tolerance = 0
    Number of rays: 0
    Total Q deposited: 0
DICPCG:  Solving for pd, Initial residual = 1.66498e-08, Final residual = 8.48662e-09, No Iterations 1
[TIMING_pd] 7.62415 ms
DICPCG:  Solving for pd, Initial residual = 8.48674e-09, Final residual = 8.48674e-09, No Iterations 0
[TIMING_pd] 4.65853 ms
DICPCG:  Solving for pd, Initial residual = 8.48663e-09, Final residual = 8.48663e-09, No Iterations 0
[TIMING_pd] 4.81628 ms
Temperature solver Iteration :1
DILUPBiCG:  Solving for T, Initial residual = 0.0134123, Final residual = 8.62335e-13, No Iterations 7
[TIMING_T] 53.0754 ms
After gT update:	  Min(gT) = 0  Max(gT) = 0
T Absolute residual: 3.41061e-13
gT Absolute residual: 0
min/max(T) = 298, 298
time step continuity errors : sum local = 3.85304e-10, global = 7.90064e-11, cumulative = 3.56225e-09
ExecutionTime = 59 s  ClockTime = 63 s

ExecutionTime = 59 s  ClockTime = 63 s

Courant Number mean: 3.85278e-09 max: 2.3319e-06
deltaT = 2.00138e-08
Time = 5.53504e-07

PIMPLE: iteration 1
Setting up velocity and flux fields for isoAdvector.
Selecting reconstructionScheme: isoAlpha
isoAdvection: After conservative bounding: min(alpha) = 0, max(alpha) = 1 + 1.80878e-12
Restoring velocity and flux fields after isoAdvector.
Material phase volume fraction = 0.604492  Min(alphaM) = 0  Max(alphaM) = 1
Laser: laser0
    mean position = (0.0001 2e-05 0.000100554)
    power = 150
    position including any oscillation = (0.0001 2e-05 0.000100554)
    Max ray power = 0
    Ray power relative tolerance = 1e-06
    Ray power absolute tolerance = 0
    Number of rays: 0
    Total Q deposited: 0
DICPCG:  Solving for pd, Initial residual = 1.55128e-08, Final residual = 8.29253e-09, No Iterations 1
[TIMING_pd] 6.67554 ms
DICPCG:  Solving for pd, Initial residual = 8.28684e-09, Final residual = 8.28684e-09, No Iterations 0
[TIMING_pd] 5.35808 ms
DICPCG:  Solving for pd, Initial residual = 8.28631e-09, Final residual = 8.28631e-09, No Iterations 0
[TIMING_pd] 4.76127 ms
Temperature solver Iteration :1
DILUPBiCG:  Solving for T, Initial residual = 0.0182756, Final residual = 9.60371e-14, No Iterations 8
[TIMING_T] 56.5801 ms
After gT update:	  Min(gT) = 0  Max(gT) = 0
T Absolute residual: 2.27374e-13
gT Absolute residual: 0
min/max(T) = 298, 298
time step continuity errors : sum local = 3.75781e-10, global = 6.18489e-11, cumulative = 3.6241e-09
ExecutionTime = 59.72 s  ClockTime = 63 s

ExecutionTime = 59.72 s  ClockTime = 63 s

Courant Number mean: 3.7361e-09 max: 1.77298e-06
deltaT = 2.00138e-08
Time = 5.73518e-07

PIMPLE: iteration 1
Setting up velocity and flux fields for isoAdvector.
Selecting reconstructionScheme: isoAlpha
isoAdvection: After conservative bounding: min(alpha) = 0, max(alpha) = 1 + 1.80944e-12
Restoring velocity and flux fields after isoAdvector.
Material phase volume fraction = 0.604492  Min(alphaM) = 0  Max(alphaM) = 1
Laser: laser0
    mean position = (0.0001 2e-05 0.000100574)
    power = 150
    position including any oscillation = (0.0001 2e-05 0.000100574)
    Max ray power = 0
    Ray power relative tolerance = 1e-06
    Ray power absolute tolerance = 0
    Number of rays: 0
    Total Q deposited: 0
DICPCG:  Solving for pd, Initial residual = 1.58856e-08, Final residual = 7.98573e-09, No Iterations 1
[TIMING_pd] 7.1003 ms
DICPCG:  Solving for pd, Initial residual = 7.97619e-09, Final residual = 7.97619e-09, No Iterations 0
[TIMING_pd] 4.893 ms
DICPCG:  Solving for pd, Initial residual = 7.97518e-09, Final residual = 7.97518e-09, No Iterations 0
[TIMING_pd] 4.90809 ms
Temperature solver Iteration :1
DILUPBiCG:  Solving for T, Initial residual = 0.0154249, Final residual = 6.1257e-14, No Iterations 8
[TIMING_T] 55.5671 ms
After gT update:	  Min(gT) = 0  Max(gT) = 0
T Absolute residual: 3.41061e-13
gT Absolute residual: 0
min/max(T) = 298, 298
time step continuity errors : sum local = 3.61452e-10, global = 4.52794e-11, cumulative = 3.66938e-09
ExecutionTime = 60.47 s  ClockTime = 64 s

ExecutionTime = 60.47 s  ClockTime = 64 s

Courant Number mean: 3.62924e-09 max: 1.77901e-06
deltaT = 2.00138e-08
Time = 5.93532e-07

PIMPLE: iteration 1
Setting up velocity and flux fields for isoAdvector.
Selecting reconstructionScheme: isoAlpha
isoAdvection: After conservative bounding: min(alpha) = 0, max(alpha) = 1 + 1.82343e-12
Restoring velocity and flux fields after isoAdvector.
Material phase volume fraction = 0.604492  Min(alphaM) = 0  Max(alphaM) = 1
Laser: laser0
    mean position = (0.0001 2e-05 0.000100594)
    power = 150
    position including any oscillation = (0.0001 2e-05 0.000100594)
    Max ray power = 0
    Ray power relative tolerance = 1e-06
    Ray power absolute tolerance = 0
    Number of rays: 0
    Total Q deposited: 0
DICPCG:  Solving for pd, Initial residual = 1.207e-08, Final residual = 7.36034e-09, No Iterations 1
[TIMING_pd] 7.16139 ms
DICPCG:  Solving for pd, Initial residual = 7.34898e-09, Final residual = 7.34898e-09, No Iterations 0
[TIMING_pd] 5.10592 ms
DICPCG:  Solving for pd, Initial residual = 7.34791e-09, Final residual = 7.34791e-09, No Iterations 0
[TIMING_pd] 5.82504 ms
Temperature solver Iteration :1
DILUPBiCG:  Solving for T, Initial residual = 0.0129527, Final residual = 2.90607e-14, No Iterations 8
[TIMING_T] 61.5918 ms
After gT update:	  Min(gT) = 0  Max(gT) = 0
T Absolute residual: 3.41061e-13
gT Absolute residual: 0
min/max(T) = 298, 298
time step continuity errors : sum local = 3.32616e-10, global = 2.92434e-11, cumulative = 3.69862e-09
ExecutionTime = 61.27 s  ClockTime = 65 s

ExecutionTime = 61.27 s  ClockTime = 65 s

Writing ray path series file: "/home/yzk/cases/spot_melt_150W/processor0/../VTKs/rays_laser0.vtk.series"
End

Finalising parallel run
malloc_consolidate(): unaligned fastbin chunk detected
[HR54WV2:907686] *** Process received signal ***
malloc_consolidate(): unaligned fastbin chunk detected
malloc_consolidate(): unaligned fastbin chunk detected
[HR54WV2:907686] Signal: Aborted (6)
[HR54WV2:907686] Signal code:  (-6)
[HR54WV2:907682] *** Process received signal ***
[HR54WV2:907682] Signal: Aborted (6)
[HR54WV2:907682] Signal code:  (-6)
malloc_consolidate(): unaligned fastbin chunk detected
[HR54WV2:907695] *** Process received signal ***
[HR54WV2:907695] Signal: Aborted (6)
[HR54WV2:907695] Signal code:  (-6)
malloc_consolidate(): unaligned fastbin chunk detected
malloc_consolidate(): unaligned fastbin chunk detected
[HR54WV2:907705] *** Process received signal ***
[HR54WV2:907705] Signal: Aborted (6)
[HR54WV2:907705] Signal code:  (-6)
[HR54WV2:907681] *** Process received signal ***
[HR54WV2:907681] Signal: Aborted (6)
[HR54WV2:907681] Signal code:  (-6)
malloc_consolidate(): unaligned fastbin chunk detected
malloc_consolidate(): unaligned fastbin chunk detected
[HR54WV2:907685] *** Process received signal ***
[HR54WV2:907685] Signal: Aborted (6)
[HR54WV2:907685] Signal code:  (-6)
[HR54WV2:907687] *** Process received signal ***
[HR54WV2:907687] Signal: Aborted (6)
[HR54WV2:907687] Signal code:  (-6)
[HR54WV2:907709] *** Process received signal ***
[HR54WV2:907709] Signal: Aborted (6)
[HR54WV2:907709] Signal code:  (-6)
malloc_consolidate(): unaligned fastbin chunk detected
malloc_consolidate(): unaligned fastbin chunk detected
[HR54WV2:907701] *** Process received signal ***
[HR54WV2:907683] *** Process received signal ***
[HR54WV2:907683] Signal: Aborted (6)
[HR54WV2:907683] Signal code:  (-6)
malloc_consolidate(): unaligned fastbin chunk detected
[HR54WV2:907701] Signal: Aborted (6)
[HR54WV2:907701] Signal code:  (-6)
malloc_consolidate(): unaligned fastbin chunk detected
malloc_consolidate(): unaligned fastbin chunk detected
[HR54WV2:907702] *** Process received signal ***
[HR54WV2:907702] Signal: Aborted (6)
[HR54WV2:907702] Signal code:  (-6)
malloc_consolidate(): unaligned fastbin chunk detected
malloc_consolidate(): unaligned fastbin chunk detected
malloc_consolidate(): unaligned fastbin chunk detected
malloc_consolidate(): unaligned fastbin chunk detected
[HR54WV2:907694] *** Process received signal ***
[HR54WV2:907694] Signal: Aborted (6)
[HR54WV2:907694] Signal code:  (-6)
malloc_consolidate(): unaligned fastbin chunk detected
[HR54WV2:907698] *** Process received signal ***
[HR54WV2:907698] Signal: Aborted (6)
[HR54WV2:907698] Signal code:  (-6)
malloc_consolidate(): unaligned fastbin chunk detected
malloc_consolidate(): unaligned fastbin chunk detected
[HR54WV2:907700] *** Process received signal ***
[HR54WV2:907700] Signal: Aborted (6)
[HR54WV2:907700] Signal code:  (-6)
malloc_consolidate(): unaligned fastbin chunk detected
malloc_consolidate(): unaligned fastbin chunk detected
malloc_consolidate(): unaligned fastbin chunk detected
[HR54WV2:907696] *** Process received signal ***
[HR54WV2:907696] Signal: Aborted (6)
[HR54WV2:907696] Signal code:  (-6)
malloc_consolidate(): unaligned fastbin chunk detected
malloc_consolidate(): unaligned fastbin chunk detected
[HR54WV2:907703] *** Process received signal ***
[HR54WV2:907703] Signal: Aborted (6)
[HR54WV2:907703] Signal code:  (-6)
[HR54WV2:907690] *** Process received signal ***
[HR54WV2:907690] Signal: Aborted (6)
[HR54WV2:907690] Signal code:  (-6)
malloc_consolidate(): unaligned fastbin chunk detected
malloc_consolidate(): unaligned fastbin chunk detected
[HR54WV2:907688] *** Process received signal ***
[HR54WV2:907688] Signal: Aborted (6)
[HR54WV2:907688] Signal code:  (-6)
[HR54WV2:907699] *** Process received signal ***
[HR54WV2:907699] Signal: Aborted (6)
[HR54WV2:907699] Signal code:  (-6)
[HR54WV2:907710] *** Process received signal ***
[HR54WV2:907710] Signal: Aborted (6)
[HR54WV2:907710] Signal code:  (-6)
[HR54WV2:907693] *** Process received signal ***
[HR54WV2:907693] Signal: Aborted (6)
[HR54WV2:907693] Signal code:  (-6)
[HR54WV2:907706] *** Process received signal ***
[HR54WV2:907706] Signal: Aborted (6)
[HR54WV2:907706] Signal code:  (-6)
malloc_consolidate(): unaligned fastbin chunk detected
[HR54WV2:907692] *** Process received signal ***
[HR54WV2:907692] Signal: Aborted (6)
[HR54WV2:907692] Signal code:  (-6)
malloc_consolidate(): unaligned fastbin chunk detected
[HR54WV2:907684] *** Process received signal ***
[HR54WV2:907684] Signal: Aborted (6)
[HR54WV2:907684] Signal code:  (-6)
malloc_consolidate(): unaligned fastbin chunk detected
[HR54WV2:907707] *** Process received signal ***
[HR54WV2:907707] Signal: Aborted (6)
[HR54WV2:907707] Signal code:  (-6)
[HR54WV2:907708] *** Process received signal ***
[HR54WV2:907708] Signal: Aborted (6)
[HR54WV2:907708] Signal code:  (-6)
malloc_consolidate(): unaligned fastbin chunk detected
[HR54WV2:907691] *** Process received signal ***
[HR54WV2:907691] Signal: Aborted (6)
[HR54WV2:907691] Signal code:  (-6)
[HR54WV2:907704] *** Process received signal ***
[HR54WV2:907704] Signal: Aborted (6)
[HR54WV2:907704] Signal code:  (-6)
[HR54WV2:907689] *** Process received signal ***
[HR54WV2:907689] Signal: Aborted (6)
[HR54WV2:907689] Signal code:  (-6)
[HR54WV2:907697] *** Process received signal ***
[HR54WV2:907697] Signal: Aborted (6)
[HR54WV2:907697] Signal code:  (-6)
[HR54WV2:907679] *** Process received signal ***
[HR54WV2:907679] Signal: Aborted (6)
[HR54WV2:907679] Signal code:  (-6)
[HR54WV2:907695] [ 0] /lib/x86_64-linux-gnu/libc.so.6(+0x45330)[0x72c2d7845330]
[HR54WV2:907695] [ 1] /lib/x86_64-linux-gnu/libc.so.6(pthread_kill+0x11c)[0x72c2d789eb2c]
[HR54WV2:907695] [ 2] [HR54WV2:907682] [ 0] /lib/x86_64-linux-gnu/libc.so.6(+0x45330)[0x7c24f9245330]
[HR54WV2:907682] [ 1] /lib/x86_64-linux-gnu/libc.so.6(pthread_kill+0x11c)[0x7c24f929eb2c]
/lib/x86_64-linux-gnu/libc.so.6(gsignal+0x1e)[0x72c2d784527e]
[HR54WV2:907695] [ 3] /lib/x86_64-linux-gnu/libc.so.6(abort+0xdf)[0x72c2d78288ff]
[HR54WV2:907695] [ 4] [HR54WV2:907682] [ 2] [HR54WV2:907705] [ 0] /lib/x86_64-linux-gnu/libc.so.6(+0x45330)[0x78f53e645330]
[HR54WV2:907705] [ 1] /lib/x86_64-linux-gnu/libc.so.6(pthread_kill+0x11c)[0x78f53e69eb2c]
[HR54WV2:907705] [ 2] /lib/x86_64-linux-gnu/libc.so.6(gsignal+0x1e)[0x78f53e64527e]
[HR54WV2:907705] [ 3] /lib/x86_64-linux-gnu/libc.so.6(gsignal+0x1e)[0x7c24f924527e]
[HR54WV2:907682] [ 3] /lib/x86_64-linux-gnu/libc.so.6(abort+0xdf)[0x7c24f92288ff]
[HR54WV2:907682] [ 4] [HR54WV2:907681] [ 0] /lib/x86_64-linux-gnu/libc.so.6(+0x45330)[0x77b0e4645330]
[HR54WV2:907681] [ 1] /lib/x86_64-linux-gnu/libc.so.6(pthread_kill+0x11c)[0x77b0e469eb2c]
[HR54WV2:907681] [ 2] /lib/x86_64-linux-gnu/libc.so.6(+0x297b6)[0x72c2d78297b6]
[HR54WV2:907695] [ 5] /lib/x86_64-linux-gnu/libc.so.6(+0xa8ff5)[0x72c2d78a8ff5]
[HR54WV2:907695] [ 6] /lib/x86_64-linux-gnu/libc.so.6(+0xa9d4c)[0x72c2d78a9d4c]
/lib/x86_64-linux-gnu/libc.so.6(abort+0xdf)[0x78f53e6288ff]
[HR54WV2:907705] [ 4] /lib/x86_64-linux-gnu/libc.so.6(+0x297b6)[0x78f53e6297b6]
[HR54WV2:907705] [ 5] /lib/x86_64-linux-gnu/libc.so.6(+0xa8ff5)[0x78f53e6a8ff5]
[HR54WV2:907705] [ 6] [HR54WV2:907695] [ 7] /lib/x86_64-linux-gnu/libc.so.6(+0x297b6)[0x7c24f92297b6]
[HR54WV2:907682] [ 5] /lib/x86_64-linux-gnu/libc.so.6(gsignal+0x1e)[0x77b0e464527e]
[HR54WV2:907681] [ 3] /lib/x86_64-linux-gnu/libc.so.6(abort+0xdf)[0x77b0e46288ff]
[HR54WV2:907681] [ 4] [HR54WV2:907706] [ 0] /lib/x86_64-linux-gnu/libc.so.6(+0xa8ff5)[0x7c24f92a8ff5]
[HR54WV2:907682] [ 6] /lib/x86_64-linux-gnu/libc.so.6(+0x297b6)[0x77b0e46297b6]
[HR54WV2:907681] [ 5] /lib/x86_64-linux-gnu/libc.so.6(+0xa8ff5)[0x77b0e46a8ff5]
[HR54WV2:907681] [ 6] /lib/x86_64-linux-gnu/libc.so.6(+0xa9d4c)[0x78f53e6a9d4c]
[HR54WV2:907705] [ 7] /lib/x86_64-linux-gnu/libc.so.6(+0xaada5)[0x78f53e6aada5]
[HR54WV2:907705] [ 8] /lib/x86_64-linux-gnu/libc.so.6(+0xab43a)[0x78f53e6ab43a]
[HR54WV2:907705] [HR54WV2:907684] [ 0] /lib/x86_64-linux-gnu/libc.so.6(+0xaada5)[0x72c2d78aada5]
[HR54WV2:907695] [ 8] /lib/x86_64-linux-gnu/libc.so.6(+0xab43a)[0x72c2d78ab43a]
[HR54WV2:907695] [ 9] /lib/x86_64-linux-gnu/libc.so.6(__libc_free+0x7e)[0x72c2d78addce]
[HR54WV2:907695] [10] /lib/x86_64-linux-gnu/libc.so.6(+0xa9d4c)[0x77b0e46a9d4c]
[HR54WV2:907681] [ 7] [ 9] /lib/x86_64-linux-gnu/libc.so.6(__libc_free+0x7e)[0x78f53e6addce]
[HR54WV2:907705] [10] /lib/x86_64-linux-gnu/libc.so.6(+0x45330)[0x773f35c45330]
[HR54WV2:907684] [ 1] /lib/x86_64-linux-gnu/libc.so.6(pthread_kill+0x11c)[0x773f35c9eb2c]
[HR54WV2:907684] /lib/x86_64-linux-gnu/libc.so.6(+0xa9d4c)[0x7c24f92a9d4c]
[HR54WV2:907682] [ 7] /lib/x86_64-linux-gnu/libc.so.6(+0x45330)[0x7a1061a45330]
[HR54WV2:907706] [ 1] /lib/x86_64-linux-gnu/libc.so.6(pthread_kill+0x11c)[0x7a1061a9eb2c]
[HR54WV2:907706] [ 2] [ 2] /lib/x86_64-linux-gnu/libc.so.6(+0xaada5)[0x7c24f92aada5]
[HR54WV2:907682] [ 8] /lib/x86_64-linux-gnu/libc.so.6(+0xaada5)[0x77b0e46aada5]
[HR54WV2:907681] [ 8] /lib/x86_64-linux-gnu/libc.so.6(gsignal+0x1e)[0x7a1061a4527e]
[HR54WV2:907706] [ 3] /lib/x86_64-linux-gnu/libc.so.6(gsignal+0x1e)[0x773f35c4527e]
[HR54WV2:907684] [ 3] /lib/x86_64-linux-gnu/libc.so.6(abort+0xdf)[0x773f35c288ff]
[HR54WV2:907684] [ 4] /lib/x86_64-linux-gnu/libc.so.6(+0x297b6)[0x773f35c297b6]
/lib/x86_64-linux-gnu/libc.so.6(+0xab43a)[0x77b0e46ab43a]
[HR54WV2:907681] [ 9] /lib/x86_64-linux-gnu/libc.so.6(__libc_free+0x7e)[0x77b0e46addce]
[HR54WV2:907681] [10] /usr/lib/openfoam/openfoam2506/platforms/linux64GccDPInt32Opt/lib/libOpenFOAM.so(_ZN4Foam10dictionaryD1Ev+0x81)[0x72c2d840eb81]
[HR54WV2:907695] [11] /lib/x86_64-linux-gnu/libc.so.6(+0xab43a)[0x7c24f92ab43a]
[HR54WV2:907682] [ 9] [HR54WV2:907699] [ 0] /lib/x86_64-linux-gnu/libc.so.6(+0x45330)[0x7c24ad445330]
[HR54WV2:907699] [ 1] [HR54WV2:907685] [ 0] /lib/x86_64-linux-gnu/libc.so.6(__cxa_finalize+0xc2)[0x72c2d7847382]
[HR54WV2:907695] [12] /lib/x86_64-linux-gnu/libc.so.6(__libc_free+0x7e)[0x7c24f92addce]
[HR54WV2:907682] [10] [HR54WV2:907684] [ 5] /lib/x86_64-linux-gnu/libc.so.6(abort+0xdf)[0x7a1061a288ff]
[HR54WV2:907706] [ 4] /lib/x86_64-linux-gnu/libc.so.6(+0x297b6)[0x7a1061a297b6]
[HR54WV2:907706] [ 5] /lib/x86_64-linux-gnu/libc.so.6(pthread_kill+0x11c)[0x7c24ad49eb2c]
[HR54WV2:907699] [ 2] /lib/x86_64-linux-gnu/libc.so.6(+0x45330)[0x749643845330]
[HR54WV2:907685] [ 1] /usr/lib/openfoam/openfoam2506/platforms/linux64GccDPInt32Opt/lib/libOpenFOAM.so(_ZN4Foam10dictionaryD1Ev+0x81)[0x78f53f20eb81]
[HR54WV2:907705] [11] /lib/x86_64-linux-gnu/libc.so.6(__cxa_finalize+0xc2)[0x78f53e647382]
[HR54WV2:907705] [12] [HR54WV2:907683] [ 0] /lib/x86_64-linux-gnu/libc.so.6(+0xa8ff5)[0x773f35ca8ff5]
[HR54WV2:907684] [ 6] /lib/x86_64-linux-gnu/libc.so.6(+0xa9d4c)[0x773f35ca9d4c]
[HR54WV2:907684] [ 7] /usr/lib/openfoam/openfoam2506/platforms/linux64GccDPInt32Opt/lib/libOpenFOAM.so(_ZN4Foam10dictionaryD1Ev+0x81)[0x77b0e520eb81]
[HR54WV2:907681] [11] /lib/x86_64-linux-gnu/libc.so.6(__cxa_finalize+0xc2)[0x77b0e4647382]
[HR54WV2:907681] [12] /lib/x86_64-linux-gnu/libc.so.6(+0xa8ff5)[0x7a1061aa8ff5]
[HR54WV2:907706] [ 6] /lib/x86_64-linux-gnu/libc.so.6(+0xa9d4c)[0x7a1061aa9d4c]
[HR54WV2:907706] [ 7] /lib/x86_64-linux-gnu/libc.so.6(gsignal+0x1e)[0x7c24ad44527e]
[HR54WV2:907699] [ 3] /lib/x86_64-linux-gnu/libc.so.6(abort+0xdf)[0x7c24ad4288ff]
[HR54WV2:907699] [ 4] /lib/x86_64-linux-gnu/libc.so.6(pthread_kill+0x11c)[0x74964389eb2c]
[HR54WV2:907685] [ 2] /lib/x86_64-linux-gnu/libc.so.6(gsignal+0x1e)[0x74964384527e]
[HR54WV2:907685] [ 3] [HR54WV2:907701] [ 0] /usr/lib/openfoam/openfoam2506/platforms/linux64GccDPInt32Opt/lib/libOpenFOAM.so(+0x27a647)[0x72c2d827a647]
[HR54WV2:907695] *** End of error message ***
/lib/x86_64-linux-gnu/libc.so.6(+0x45330)[0x7c82cc845330]
[HR54WV2:907683] [ 1] /lib/x86_64-linux-gnu/libc.so.6(pthread_kill+0x11c)[0x7c82cc89eb2c]
[HR54WV2:907683] [ 2] /lib/x86_64-linux-gnu/libc.so.6(gsignal+0x1e)[0x7c82cc84527e]
[HR54WV2:907683] [ 3] /lib/x86_64-linux-gnu/libc.so.6(+0xaada5)[0x773f35caada5]
[HR54WV2:907684] [ 8] /lib/x86_64-linux-gnu/libc.so.6(+0xab43a)[0x773f35cab43a]
[HR54WV2:907684] [ 9] /lib/x86_64-linux-gnu/libc.so.6(+0x45330)[0x7ba904045330]
[HR54WV2:907701] [ 1] /lib/x86_64-linux-gnu/libc.so.6(__libc_free+0x7e)[0x773f35caddce]
[HR54WV2:907684] [10] /lib/x86_64-linux-gnu/libc.so.6(+0xaada5)[0x7a1061aaada5]
[HR54WV2:907706] [ 8] /lib/x86_64-linux-gnu/libc.so.6(+0xab43a)[0x7a1061aab43a]
[HR54WV2:907706] [ 9] /lib/x86_64-linux-gnu/libc.so.6(+0x297b6)[0x7c24ad4297b6]
[HR54WV2:907699] [ 5] /usr/lib/openfoam/openfoam2506/platforms/linux64GccDPInt32Opt/lib/libOpenFOAM.so(+0x27a647)[0x78f53f07a647]
[HR54WV2:907705] *** End of error message ***
/lib/x86_64-linux-gnu/libc.so.6(abort+0xdf)[0x7496438288ff]
[HR54WV2:907685] [ 4] /lib/x86_64-linux-gnu/libc.so.6(+0x297b6)[0x7496438297b6]
[HR54WV2:907685] [ 5] [HR54WV2:907702] [ 0] /lib/x86_64-linux-gnu/libc.so.6(+0x45330)[0x77923d045330]
[HR54WV2:907702] [ 1] /lib/x86_64-linux-gnu/libc.so.6(pthread_kill+0x11c)[0x7ba90409eb2c]
[HR54WV2:907701] [ 2] /lib/x86_64-linux-gnu/libc.so.6(gsignal+0x1e)[0x7ba90404527e]
[HR54WV2:907701] [ 3] /usr/lib/openfoam/openfoam2506/platforms/linux64GccDPInt32Opt/lib/libOpenFOAM.so(_ZN4Foam10dictionaryD1Ev+0x81)[0x7c24f9e0eb81]
[HR54WV2:907682] [11] /lib/x86_64-linux-gnu/libc.so.6(+0xa8ff5)[0x7496438a8ff5]
[HR54WV2:907685] [ 6] /lib/x86_64-linux-gnu/libc.so.6(abort+0xdf)[0x7c82cc8288ff]
[HR54WV2:907683] [ 4] /lib/x86_64-linux-gnu/libc.so.6(+0x297b6)[0x7c82cc8297b6]
[HR54WV2:907683] [ 5] /lib/x86_64-linux-gnu/libc.so.6(+0xa8ff5)[0x7c82cc8a8ff5]
[HR54WV2:907683] [ 6] /usr/lib/openfoam/openfoam2506/platforms/linux64GccDPInt32Opt/lib/libOpenFOAM.so(+0x27a647)[0x77b0e507a647]
[HR54WV2:907681] *** End of error message ***
/lib/x86_64-linux-gnu/libc.so.6(__libc_free+0x7e)[0x7a1061aaddce]
[HR54WV2:907706] [10] /lib/x86_64-linux-gnu/libc.so.6(+0xa8ff5)[0x7c24ad4a8ff5]
[HR54WV2:907699] [ 6] [HR54WV2:907697] [ 0] [HR54WV2:907703] [ 0] [HR54WV2:907690] [ 0] /lib/x86_64-linux-gnu/libc.so.6(+0x45330)[0x72f64a245330]
[HR54WV2:907690] [ 1] [HR54WV2:907691] [ 0] /lib/x86_64-linux-gnu/libc.so.6(+0x45330)[0x757c9b045330]
[HR54WV2:907691] [ 1] [HR54WV2:907688] [ 0] /lib/x86_64-linux-gnu/libc.so.6(+0x45330)[0x7e8648045330]
[HR54WV2:907688] [ 1] /lib/x86_64-linux-gnu/libc.so.6(pthread_kill+0x11c)[0x7e864809eb2c]
[HR54WV2:907688] [ 2] /lib/x86_64-linux-gnu/libc.so.6(gsignal+0x1e)[0x7e864804527e]
[HR54WV2:907688] [ 3] /lib/x86_64-linux-gnu/libc.so.6(__cxa_finalize+0xc2)[0x7c24f9247382]
[HR54WV2:907682] [12] /lib/x86_64-linux-gnu/libc.so.6(pthread_kill+0x11c)[0x77923d09eb2c]
[HR54WV2:907702] [ 2] /lib/x86_64-linux-gnu/libc.so.6(gsignal+0x1e)[0x77923d04527e]
[HR54WV2:907702] [ 3] /lib/x86_64-linux-gnu/libc.so.6(abort+0xdf)[0x77923d0288ff]
[HR54WV2:907710] [ 0] /lib/x86_64-linux-gnu/libc.so.6(+0x45330)[0x7e5f67845330]
[HR54WV2:907710] [ 1] /lib/x86_64-linux-gnu/libc.so.6(pthread_kill+0x11c)[0x7e5f6789eb2c]
[HR54WV2:907710] [ 2] /lib/x86_64-linux-gnu/libc.so.6(gsignal+0x1e)[0x7e5f6784527e]
[HR54WV2:907710] [ 3] [HR54WV2:907687] [ 0] /lib/x86_64-linux-gnu/libc.so.6(+0x45330)[0x70f049845330]
[HR54WV2:907687] [ 1] [HR54WV2:907679] [ 0] [HR54WV2:907693] [ 0] /lib/x86_64-linux-gnu/libc.so.6(+0x45330)[0x743e37a45330]
[HR54WV2:907693] [ 1] /lib/x86_64-linux-gnu/libc.so.6(abort+0xdf)[0x7ba9040288ff]
[HR54WV2:907701] [ 4] /lib/x86_64-linux-gnu/libc.so.6(+0x297b6)[0x7ba9040297b6]
[HR54WV2:907701] [ 5] /lib/x86_64-linux-gnu/libc.so.6(+0xa8ff5)[0x7ba9040a8ff5]
[HR54WV2:907701] [ 6] /lib/x86_64-linux-gnu/libc.so.6(+0xa9d4c)[0x7ba9040a9d4c]
[HR54WV2:907701] [ 7] /lib/x86_64-linux-gnu/libc.so.6(+0xa9d4c)[0x7c24ad4a9d4c]
[HR54WV2:907699] [ 7] /lib/x86_64-linux-gnu/libc.so.6(+0xaada5)[0x7c24ad4aada5]
[HR54WV2:907699] [ 8] /lib/x86_64-linux-gnu/libc.so.6(+0xab43a)[0x7c24ad4ab43a]
[HR54WV2:907699] [ 9] [HR54WV2:907692] [ 0] /lib/x86_64-linux-gnu/libc.so.6(+0x45330)[0x770190845330]
[HR54WV2:907692] [ 1] /lib/x86_64-linux-gnu/libc.so.6(pthread_kill+0x11c)[0x77019089eb2c]
[HR54WV2:907692] [ 2] [HR54WV2:907698] [ 0] /lib/x86_64-linux-gnu/libc.so.6(+0x45330)[0x70d7ace45330]
[HR54WV2:907698] [ 1] /lib/x86_64-linux-gnu/libc.so.6(pthread_kill+0x11c)[0x70d7ace9eb2c]
[HR54WV2:907698] [ 2] /lib/x86_64-linux-gnu/libc.so.6(gsignal+0x1e)[0x70d7ace4527e]
[HR54WV2:907709] [ 0] /lib/x86_64-linux-gnu/libc.so.6(+0x45330)[0x7e02e9445330]
[HR54WV2:907709] [ 1] /lib/x86_64-linux-gnu/libc.so.6(pthread_kill+0x11c)[0x7e02e949eb2c]
[HR54WV2:907709] [ 2] /lib/x86_64-linux-gnu/libc.so.6(gsignal+0x1e)[0x7e02e944527e]
[HR54WV2:907709] [ 3] /lib/x86_64-linux-gnu/libc.so.6(abort+0xdf)[0x7e02e94288ff]
[HR54WV2:907709] [ 4] /lib/x86_64-linux-gnu/libc.so.6(+0xa9d4c)[0x7496438a9d4c]
[HR54WV2:907685] [ 7] /lib/x86_64-linux-gnu/libc.so.6(+0xaada5)[0x7496438aada5]
[HR54WV2:907685] [ 8] /lib/x86_64-linux-gnu/libc.so.6(+0xab43a)[0x7496438ab43a]
[HR54WV2:907685] [ 9] /lib/x86_64-linux-gnu/libc.so.6(__libc_free+0x7e)[0x7496438addce]
[HR54WV2:907685] [10] /lib/x86_64-linux-gnu/libc.so.6(+0xa9d4c)[0x7c82cc8a9d4c]
[HR54WV2:907683] [ 7] /lib/x86_64-linux-gnu/libc.so.6(+0xaada5)[0x7c82cc8aada5]
[HR54WV2:907683] [ 8] /lib/x86_64-linux-gnu/libc.so.6(+0xab43a)[0x7c82cc8ab43a]
[HR54WV2:907683] [ 9] /lib/x86_64-linux-gnu/libc.so.6(__libc_free+0x7e)[0x7c82cc8addce]
[HR54WV2:907683] [10] [HR54WV2:907704] [ 0] /lib/x86_64-linux-gnu/libc.so.6(+0x45330)[0x7d9927245330]
[HR54WV2:907704] [ 1] /lib/x86_64-linux-gnu/libc.so.6(pthread_kill+0x11c)[0x7d992729eb2c]
[HR54WV2:907704] [ 2] /lib/x86_64-linux-gnu/libc.so.6(gsignal+0x1e)[0x7d992724527e]
[HR54WV2:907704] [ 3] /lib/x86_64-linux-gnu/libc.so.6(abort+0xdf)[0x7d99272288ff]
[HR54WV2:907704] [ 4] /lib/x86_64-linux-gnu/libc.so.6(+0x297b6)[0x7d99272297b6]
[HR54WV2:907704] [ 5] [HR54WV2:907708] [ 0] /lib/x86_64-linux-gnu/libc.so.6(+0x45330)[0x70cd19a45330]
[HR54WV2:907708] [ 1] /lib/x86_64-linux-gnu/libc.so.6(pthread_kill+0x11c)[0x70cd19a9eb2c]
[HR54WV2:907708] [ 2] /lib/x86_64-linux-gnu/libc.so.6(gsignal+0x1e)[0x70cd19a4527e]
[HR54WV2:907708] [ 3] /lib/x86_64-linux-gnu/libc.so.6(abort+0xdf)[0x70cd19a288ff]
[HR54WV2:907708] [ 4] /lib/x86_64-linux-gnu/libc.so.6(+0x297b6)[0x70cd19a297b6]
[HR54WV2:907708] [ 5] /lib/x86_64-linux-gnu/libc.so.6(+0xa8ff5)[0x70cd19aa8ff5]
[HR54WV2:907708] [ 6] [HR54WV2:907689] [ 0] /lib/x86_64-linux-gnu/libc.so.6(+0x45330)[0x76c149845330]
[HR54WV2:907689] [ 1] /lib/x86_64-linux-gnu/libc.so.6(pthread_kill+0x11c)[0x76c14989eb2c]
[HR54WV2:907689] [ 2] /lib/x86_64-linux-gnu/libc.so.6(gsignal+0x1e)[0x76c14984527e]
[HR54WV2:907689] [ 3] /lib/x86_64-linux-gnu/libc.so.6(abort+0xdf)[0x76c1498288ff]
[HR54WV2:907689] [ 4] [HR54WV2:907696] [ 0] /lib/x86_64-linux-gnu/libc.so.6(+0x45330)[0x7d175ea45330]
[HR54WV2:907696] [ 1] /lib/x86_64-linux-gnu/libc.so.6(pthread_kill+0x11c)[0x7d175ea9eb2c]
[HR54WV2:907696] [ 2] /lib/x86_64-linux-gnu/libc.so.6(gsignal+0x1e)[0x7d175ea4527e]
[HR54WV2:907696] [ 3] /lib/x86_64-linux-gnu/libc.so.6(abort+0xdf)[0x7d175ea288ff]
[HR54WV2:907696] [ 4] [HR54WV2:907686] [ 0] /lib/x86_64-linux-gnu/libc.so.6(+0x45330)[0x7da037845330]
[HR54WV2:907686] [ 1] /lib/x86_64-linux-gnu/libc.so.6(pthread_kill+0x11c)[0x7da03789eb2c]
[HR54WV2:907686] [ 2] /lib/x86_64-linux-gnu/libc.so.6(gsignal+0x1e)[0x7da03784527e]
[HR54WV2:907686] [ 3] [HR54WV2:907694] [ 0] /lib/x86_64-linux-gnu/libc.so.6(+0x45330)[0x7dbd46045330]
[HR54WV2:907694] [ 1] /lib/x86_64-linux-gnu/libc.so.6(pthread_kill+0x11c)[0x7dbd4609eb2c]
[HR54WV2:907694] [ 2] /lib/x86_64-linux-gnu/libc.so.6(gsignal+0x1e)[0x7dbd4604527e]
[HR54WV2:907694] [ 3] /lib/x86_64-linux-gnu/libc.so.6(__libc_free+0x7e)[0x7c24ad4addce]
[HR54WV2:907699] [10] /lib/x86_64-linux-gnu/libc.so.6(gsignal+0x1e)[0x77019084527e]
[HR54WV2:907692] [ 3] /lib/x86_64-linux-gnu/libc.so.6(abort+0xdf)[0x7701908288ff]
[HR54WV2:907692] [ 4] /lib/x86_64-linux-gnu/libc.so.6(+0x297b6)[0x7701908297b6]
[HR54WV2:907692] [ 5] /lib/x86_64-linux-gnu/libc.so.6(+0xa8ff5)[0x7701908a8ff5]
[HR54WV2:907692] [ 6] [HR54WV2:907698] [ 3] /lib/x86_64-linux-gnu/libc.so.6(abort+0xdf)[0x70d7ace288ff]
[HR54WV2:907698] [ 4] /lib/x86_64-linux-gnu/libc.so.6(+0x297b6)[0x70d7ace297b6]
[HR54WV2:907698] [ 5] /lib/x86_64-linux-gnu/libc.so.6(+0xa8ff5)[0x70d7acea8ff5]
[HR54WV2:907698] [ 6] /lib/x86_64-linux-gnu/libc.so.6(+0x297b6)[0x7e02e94297b6]
[HR54WV2:907709] [ 5] /lib/x86_64-linux-gnu/libc.so.6(+0xa8ff5)[0x7e02e94a8ff5]
[HR54WV2:907709] [ 6] /lib/x86_64-linux-gnu/libc.so.6(+0xa9d4c)[0x7e02e94a9d4c]
[HR54WV2:907709] [ 7] /lib/x86_64-linux-gnu/libc.so.6(+0xaada5)[0x7e02e94aada5]
[HR54WV2:907709] [ 8] /usr/lib/openfoam/openfoam2506/platforms/linux64GccDPInt32Opt/lib/libOpenFOAM.so(_ZN4Foam10dictionaryD1Ev+0x81)[0x773f3680eb81]
[HR54WV2:907684] [11] /lib/x86_64-linux-gnu/libc.so.6(__cxa_finalize+0xc2)[0x773f35c47382]
[HR54WV2:907684] [12] /usr/lib/openfoam/openfoam2506/platforms/linux64GccDPInt32Opt/lib/libOpenFOAM.so(+0x27a647)[0x773f3667a647]
[HR54WV2:907684] *** End of error message ***
[HR54WV2:907700] [ 0] /lib/x86_64-linux-gnu/libc.so.6(+0x45330)[0x707bb3e45330]
[HR54WV2:907700] [ 1] /lib/x86_64-linux-gnu/libc.so.6(pthread_kill+0x11c)[0x707bb3e9eb2c]
[HR54WV2:907700] [ 2] /lib/x86_64-linux-gnu/libc.so.6(gsignal+0x1e)[0x707bb3e4527e]
[HR54WV2:907700] [ 3] /lib/x86_64-linux-gnu/libc.so.6(abort+0xdf)[0x707bb3e288ff]
[HR54WV2:907700] [ 4] /lib/x86_64-linux-gnu/libc.so.6(+0x297b6)[0x707bb3e297b6]
[HR54WV2:907700] [ 5] [1] [stack trace]
[1] =============
[HR54WV2:907707] [ 0] /lib/x86_64-linux-gnu/libc.so.6(+0x45330)[0x72a661e45330]
[HR54WV2:907707] [ 1] /lib/x86_64-linux-gnu/libc.so.6(pthread_kill+0x11c)[0x72a661e9eb2c]
[HR54WV2:907707] [ 2] /lib/x86_64-linux-gnu/libc.so.6(gsignal+0x1e)[0x72a661e4527e]
[HR54WV2:907707] [ 3] /lib/x86_64-linux-gnu/libc.so.6(abort+0xdf)[0x72a661e288ff]
[HR54WV2:907707] [ 4] /lib/x86_64-linux-gnu/libc.so.6(+0x297b6)[0x72a661e297b6]
[HR54WV2:907707] [ 5] /lib/x86_64-linux-gnu/libc.so.6(+0xa8ff5)[0x7d99272a8ff5]
[HR54WV2:907704] [ 6] /lib/x86_64-linux-gnu/libc.so.6(+0xa9d4c)[0x7d99272a9d4c]
[HR54WV2:907704] [ 7] /lib/x86_64-linux-gnu/libc.so.6(+0xaada5)[0x7d99272aada5]
[HR54WV2:907704] [ 8] /lib/x86_64-linux-gnu/libc.so.6(+0xab43a)[0x7d99272ab43a]
[HR54WV2:907704] [ 9] /lib/x86_64-linux-gnu/libc.so.6(+0xa9d4c)[0x70cd19aa9d4c]
[HR54WV2:907708] [ 7] /lib/x86_64-linux-gnu/libc.so.6(+0xaada5)[0x70cd19aaada5]
[HR54WV2:907708] [ 8] /lib/x86_64-linux-gnu/libc.so.6(+0xab43a)[0x70cd19aab43a]
[HR54WV2:907708] [ 9] /lib/x86_64-linux-gnu/libc.so.6(__libc_free+0x7e)[0x70cd19aaddce]
[HR54WV2:907708] [10] /lib/x86_64-linux-gnu/libc.so.6(+0x297b6)[0x76c1498297b6]
[HR54WV2:907689] [ 5] /lib/x86_64-linux-gnu/libc.so.6(+0xa8ff5)[0x76c1498a8ff5]
[HR54WV2:907689] [ 6] /lib/x86_64-linux-gnu/libc.so.6(+0xa9d4c)[0x76c1498a9d4c]
[HR54WV2:907689] [ 7] /usr/lib/openfoam/openfoam2506/platforms/linux64GccDPInt32Opt/lib/libOpenFOAM.so(_ZN4Foam10dictionaryD1Ev+0x81)[0x7a106260eb81]
[HR54WV2:907706] [11] /lib/x86_64-linux-gnu/libc.so.6(__cxa_finalize+0xc2)[0x7a1061a47382]
[HR54WV2:907706] [12] /lib/x86_64-linux-gnu/libc.so.6(+0x297b6)[0x7d175ea297b6]
[HR54WV2:907696] [ 5] /lib/x86_64-linux-gnu/libc.so.6(+0xa8ff5)[0x7d175eaa8ff5]
[HR54WV2:907696] [ 6] /lib/x86_64-linux-gnu/libc.so.6(+0xa9d4c)[0x7d175eaa9d4c]
[HR54WV2:907696] [ 7] /lib/x86_64-linux-gnu/libc.so.6(+0xaada5)[0x7ba9040aada5]
[HR54WV2:907701] [ 8] /lib/x86_64-linux-gnu/libc.so.6(+0xab43a)[0x7ba9040ab43a]
[HR54WV2:907701] [ 9] /lib/x86_64-linux-gnu/libc.so.6(__libc_free+0x7e)[0x7ba9040addce]
[HR54WV2:907701] [10] /lib/x86_64-linux-gnu/libc.so.6(+0x45330)[0x73182da45330]
[HR54WV2:907697] [ 1] /lib/x86_64-linux-gnu/libc.so.6(pthread_kill+0x11c)[0x73182da9eb2c]
[HR54WV2:907697] [ 2] /lib/x86_64-linux-gnu/libc.so.6(gsignal+0x1e)[0x73182da4527e]
[HR54WV2:907697] [ 3] /lib/x86_64-linux-gnu/libc.so.6(abort+0xdf)[0x73182da288ff]
[HR54WV2:907697] [ 4] /lib/x86_64-linux-gnu/libc.so.6(+0x297b6)[0x73182da297b6]
[HR54WV2:907697] [ 5] /lib/x86_64-linux-gnu/libc.so.6(+0xa8ff5)[0x73182daa8ff5]
[HR54WV2:907697] [ 6] /lib/x86_64-linux-gnu/libc.so.6(+0xa9d4c)[0x73182daa9d4c]
/lib/x86_64-linux-gnu/libc.so.6(+0x45330)[0x732ede845330]
[HR54WV2:907703] [ 1] /lib/x86_64-linux-gnu/libc.so.6(pthread_kill+0x11c)[0x732ede89eb2c]
[HR54WV2:907703] [ 2] /lib/x86_64-linux-gnu/libc.so.6(gsignal+0x1e)[0x732ede84527e]
[HR54WV2:907703] [ 3] /lib/x86_64-linux-gnu/libc.so.6(abort+0xdf)[0x732ede8288ff]
[HR54WV2:907703] [ 4] /lib/x86_64-linux-gnu/libc.so.6(+0x297b6)[0x732ede8297b6]
[HR54WV2:907703] [ 5] /lib/x86_64-linux-gnu/libc.so.6(+0xa8ff5)[0x732ede8a8ff5]
[HR54WV2:907703] [ 6] /lib/x86_64-linux-gnu/libc.so.6(+0xa9d4c)[0x732ede8a9d4c]
[HR54WV2:907703] [ 7] /lib/x86_64-linux-gnu/libc.so.6(pthread_kill+0x11c)[0x72f64a29eb2c]
[HR54WV2:907690] [ 2] /lib/x86_64-linux-gnu/libc.so.6(gsignal+0x1e)[0x72f64a24527e]
[HR54WV2:907690] [ 3] /lib/x86_64-linux-gnu/libc.so.6(abort+0xdf)[0x72f64a2288ff]
[HR54WV2:907690] [ 4] /lib/x86_64-linux-gnu/libc.so.6(+0x297b6)[0x72f64a2297b6]
[HR54WV2:907690] [ 5] /lib/x86_64-linux-gnu/libc.so.6(+0xa8ff5)[0x72f64a2a8ff5]
[HR54WV2:907690] [ 6] /lib/x86_64-linux-gnu/libc.so.6(+0xa9d4c)[0x72f64a2a9d4c]
[HR54WV2:907690] [ 7] /lib/x86_64-linux-gnu/libc.so.6(+0xaada5)[0x72f64a2aada5]
[HR54WV2:907690] [ 8] /lib/x86_64-linux-gnu/libc.so.6(+0xab43a)[0x72f64a2ab43a]
[HR54WV2:907690] [ 9] /lib/x86_64-linux-gnu/libc.so.6(__libc_free+0x7e)[0x72f64a2addce]
[HR54WV2:907690] [10] /lib/x86_64-linux-gnu/libc.so.6(pthread_kill+0x11c)[0x757c9b09eb2c]
[HR54WV2:907691] [ 2] /lib/x86_64-linux-gnu/libc.so.6(gsignal+0x1e)[0x757c9b04527e]
[HR54WV2:907691] [ 3] /lib/x86_64-linux-gnu/libc.so.6(abort+0xdf)[0x757c9b0288ff]
[HR54WV2:907691] [ 4] /lib/x86_64-linux-gnu/libc.so.6(+0x297b6)[0x757c9b0297b6]
[HR54WV2:907691] [ 5] /lib/x86_64-linux-gnu/libc.so.6(+0xa8ff5)[0x757c9b0a8ff5]
[HR54WV2:907691] [ 6] /lib/x86_64-linux-gnu/libc.so.6(+0xa9d4c)[0x757c9b0a9d4c]
[HR54WV2:907691] [ 7] /lib/x86_64-linux-gnu/libc.so.6(+0xaada5)[0x757c9b0aada5]
[HR54WV2:907691] [ 8] /lib/x86_64-linux-gnu/libc.so.6(+0xab43a)[0x757c9b0ab43a]
[HR54WV2:907691] [ 9] /lib/x86_64-linux-gnu/libc.so.6(__libc_free+0x7e)[0x757c9b0addce]
[HR54WV2:907691] [10] /lib/x86_64-linux-gnu/libc.so.6(abort+0xdf)[0x7e86480288ff]
[HR54WV2:907688] [ 4] /lib/x86_64-linux-gnu/libc.so.6(+0x297b6)[0x7e86480297b6]
[HR54WV2:907688] [ 5] /lib/x86_64-linux-gnu/libc.so.6(+0xa8ff5)[0x7e86480a8ff5]
[HR54WV2:907688] [ 6] /lib/x86_64-linux-gnu/libc.so.6(+0xa9d4c)[0x7e86480a9d4c]
[HR54WV2:907688] [ 7] /lib/x86_64-linux-gnu/libc.so.6(+0xaada5)[0x7e86480aada5]
[HR54WV2:907688] [ 8] /lib/x86_64-linux-gnu/libc.so.6(+0xab43a)[0x7e86480ab43a]
[HR54WV2:907688] [ 9] /lib/x86_64-linux-gnu/libc.so.6(__libc_free+0x7e)[0x7e86480addce]
[HR54WV2:907688] [10] /usr/lib/openfoam/openfoam2506/platforms/linux64GccDPInt32Opt/lib/libOpenFOAM.so(_ZN4Foam10dictionaryD1Ev+0x81)[0x7e8648c0eb81]
[HR54WV2:907688] [11] /lib/x86_64-linux-gnu/libc.so.6(__cxa_finalize+0xc2)[0x7e8648047382]
[HR54WV2:907688] [12] /usr/lib/openfoam/openfoam2506/platforms/linux64GccDPInt32Opt/lib/libOpenFOAM.so(+0x27a647)[0x7e8648a7a647]
[HR54WV2:907688] *** End of error message ***
/usr/lib/openfoam/openfoam2506/platforms/linux64GccDPInt32Opt/lib/libOpenFOAM.so(+0x27a647)[0x7c24f9c7a647]
[HR54WV2:907682] *** End of error message ***
[HR54WV2:907702] [ 4] /lib/x86_64-linux-gnu/libc.so.6(+0x297b6)[0x77923d0297b6]
[HR54WV2:907702] [ 5] /lib/x86_64-linux-gnu/libc.so.6(+0xa8ff5)[0x77923d0a8ff5]
[HR54WV2:907702] [ 6] /lib/x86_64-linux-gnu/libc.so.6(+0xa9d4c)[0x77923d0a9d4c]
[HR54WV2:907702] [ 7] /lib/x86_64-linux-gnu/libc.so.6(+0xaada5)[0x77923d0aada5]
[HR54WV2:907702] [ 8] /lib/x86_64-linux-gnu/libc.so.6(+0xab43a)[0x77923d0ab43a]
[HR54WV2:907702] [ 9] /lib/x86_64-linux-gnu/libc.so.6(__libc_free+0x7e)[0x77923d0addce]
[HR54WV2:907702] [10] /lib/x86_64-linux-gnu/libc.so.6(abort+0xdf)[0x7e5f678288ff]
[HR54WV2:907710] [ 4] /lib/x86_64-linux-gnu/libc.so.6(+0x297b6)[0x7e5f678297b6]
[HR54WV2:907710] [ 5] /lib/x86_64-linux-gnu/libc.so.6(+0xa8ff5)[0x7e5f678a8ff5]
[HR54WV2:907710] [ 6] /lib/x86_64-linux-gnu/libc.so.6(+0xa9d4c)[0x7e5f678a9d4c]
[HR54WV2:907710] [ 7] /lib/x86_64-linux-gnu/libc.so.6(+0xaada5)[0x7e5f678aada5]
[HR54WV2:907710] [ 8] /lib/x86_64-linux-gnu/libc.so.6(+0xab43a)[0x7e5f678ab43a]
[HR54WV2:907710] [ 9] /lib/x86_64-linux-gnu/libc.so.6(__libc_free+0x7e)[0x7e5f678addce]
[HR54WV2:907710] [10] /usr/lib/openfoam/openfoam2506/platforms/linux64GccDPInt32Opt/lib/libOpenFOAM.so(_ZN4Foam10dictionaryD1Ev+0x81)[0x7e5f6840eb81]
[HR54WV2:907710] [11] /lib/x86_64-linux-gnu/libc.so.6(__cxa_finalize+0xc2)[0x7e5f67847382]
[HR54WV2:907710] [12] /usr/lib/openfoam/openfoam2506/platforms/linux64GccDPInt32Opt/lib/libOpenFOAM.so(+0x27a647)[0x7e5f6827a647]
[HR54WV2:907710] *** End of error message ***
/lib/x86_64-linux-gnu/libc.so.6(pthread_kill+0x11c)[0x70f04989eb2c]
[HR54WV2:907687] [ 2] /lib/x86_64-linux-gnu/libc.so.6(gsignal+0x1e)[0x70f04984527e]
[HR54WV2:907687] [ 3] /lib/x86_64-linux-gnu/libc.so.6(abort+0xdf)[0x70f0498288ff]
[HR54WV2:907687] [ 4] /lib/x86_64-linux-gnu/libc.so.6(+0x297b6)[0x70f0498297b6]
[HR54WV2:907687] [ 5] /lib/x86_64-linux-gnu/libc.so.6(+0xa8ff5)[0x70f0498a8ff5]
[HR54WV2:907687] [ 6] /lib/x86_64-linux-gnu/libc.so.6(+0xa9d4c)[0x70f0498a9d4c]
[HR54WV2:907687] [ 7] /lib/x86_64-linux-gnu/libc.so.6(+0xaada5)[0x70f0498aada5]
[HR54WV2:907687] [ 8] /lib/x86_64-linux-gnu/libc.so.6(+0xab43a)[0x70f0498ab43a]
[HR54WV2:907687] [ 9] /lib/x86_64-linux-gnu/libc.so.6(+0x45330)[0x7f5a93045330]
[HR54WV2:907679] [ 1] /lib/x86_64-linux-gnu/libc.so.6(pthread_kill+0x11c)[0x7f5a9309eb2c]
[HR54WV2:907679] [ 2] /lib/x86_64-linux-gnu/libc.so.6(gsignal+0x1e)[0x7f5a9304527e]
[HR54WV2:907679] [ 3] /lib/x86_64-linux-gnu/libc.so.6(abort+0xdf)[0x7f5a930288ff]
[HR54WV2:907679] [ 4] /lib/x86_64-linux-gnu/libc.so.6(+0x297b6)[0x7f5a930297b6]
[HR54WV2:907679] [ 5] /lib/x86_64-linux-gnu/libc.so.6(+0xa8ff5)[0x7f5a930a8ff5]
[HR54WV2:907679] [ 6] /lib/x86_64-linux-gnu/libc.so.6(+0xa9d4c)[0x7f5a930a9d4c]
[HR54WV2:907679] [ 7] /lib/x86_64-linux-gnu/libc.so.6(+0xaada5)[0x7f5a930aada5]
[HR54WV2:907679] [ 8] /lib/x86_64-linux-gnu/libc.so.6(pthread_kill+0x11c)[0x743e37a9eb2c]
[HR54WV2:907693] [ 2] /lib/x86_64-linux-gnu/libc.so.6(gsignal+0x1e)[0x743e37a4527e]
[HR54WV2:907693] [ 3] /lib/x86_64-linux-gnu/libc.so.6(abort+0xdf)[0x743e37a288ff]
[HR54WV2:907693] [ 4] /lib/x86_64-linux-gnu/libc.so.6(+0x297b6)[0x743e37a297b6]
[HR54WV2:907693] [ 5] /lib/x86_64-linux-gnu/libc.so.6(+0xa8ff5)[0x743e37aa8ff5]
[HR54WV2:907693] [ 6] /lib/x86_64-linux-gnu/libc.so.6(+0xa9d4c)[0x743e37aa9d4c]
[HR54WV2:907693] [ 7] /lib/x86_64-linux-gnu/libc.so.6(+0xaada5)[0x743e37aaada5]
[HR54WV2:907693] [ 8] /lib/x86_64-linux-gnu/libc.so.6(+0xab43a)[0x743e37aab43a]
/lib/x86_64-linux-gnu/libc.so.6(abort+0xdf)[0x7da0378288ff]
[HR54WV2:907686] [ 4] /lib/x86_64-linux-gnu/libc.so.6(+0x297b6)[0x7da0378297b6]
[HR54WV2:907686] [ 5] /lib/x86_64-linux-gnu/libc.so.6(+0xa8ff5)[0x7da0378a8ff5]
[HR54WV2:907686] [ 6] /lib/x86_64-linux-gnu/libc.so.6(+0xa9d4c)[0x7da0378a9d4c]
[HR54WV2:907686] [ 7] /lib/x86_64-linux-gnu/libc.so.6(+0xaada5)[0x7da0378aada5]
[HR54WV2:907686] [ 8] /lib/x86_64-linux-gnu/libc.so.6(+0xab43a)[0x7da0378ab43a]
[HR54WV2:907686] [ 9] /usr/lib/openfoam/openfoam2506/platforms/linux64GccDPInt32Opt/lib/libOpenFOAM.so(_ZN4Foam10dictionaryD1Ev+0x81)[0x74964440eb81]
[HR54WV2:907685] [11] /lib/x86_64-linux-gnu/libc.so.6(__cxa_finalize+0xc2)[0x749643847382]
[HR54WV2:907685] [12] /usr/lib/openfoam/openfoam2506/platforms/linux64GccDPInt32Opt/lib/libOpenFOAM.so(_ZN4Foam10dictionaryD1Ev+0x81)[0x7c82cd40eb81]
[HR54WV2:907683] [11] /lib/x86_64-linux-gnu/libc.so.6(__cxa_finalize+0xc2)[0x7c82cc847382]
[HR54WV2:907683] [12] /usr/lib/openfoam/openfoam2506/platforms/linux64GccDPInt32Opt/lib/libOpenFOAM.so(+0x27a647)[0x7c82cd27a647]
[HR54WV2:907683] *** End of error message ***
/lib/x86_64-linux-gnu/libc.so.6(+0xab43a)[0x7e02e94ab43a]
[HR54WV2:907709] [ 9] /lib/x86_64-linux-gnu/libc.so.6(__libc_free+0x7e)[0x7e02e94addce]
[HR54WV2:907709] [10] /usr/lib/openfoam/openfoam2506/platforms/linux64GccDPInt32Opt/lib/libOpenFOAM.so(_ZN4Foam10dictionaryD1Ev+0x81)[0x7e02ea00eb81]
[HR54WV2:907709] [11] /lib/x86_64-linux-gnu/libc.so.6(__cxa_finalize+0xc2)[0x7e02e9447382]
[HR54WV2:907709] [12] /lib/x86_64-linux-gnu/libc.so.6(+0xa8ff5)[0x707bb3ea8ff5]
[HR54WV2:907700] [ 6] /lib/x86_64-linux-gnu/libc.so.6(+0xa9d4c)[0x707bb3ea9d4c]
[HR54WV2:907700] [ 7] /lib/x86_64-linux-gnu/libc.so.6(+0xaada5)[0x707bb3eaada5]
[HR54WV2:907700] [ 8] /lib/x86_64-linux-gnu/libc.so.6(+0xab43a)[0x707bb3eab43a]
[HR54WV2:907700] [ 9] /lib/x86_64-linux-gnu/libc.so.6(__libc_free+0x7e)[0x707bb3eaddce]
[HR54WV2:907700] [10] [1] #1  /lib/x86_64-linux-gnu/libc.so.6(+0xa8ff5)[0x72a661ea8ff5]
[HR54WV2:907707] [ 6] /lib/x86_64-linux-gnu/libc.so.6(+0xa9d4c)[0x72a661ea9d4c]
[HR54WV2:907707] [ 7] /lib/x86_64-linux-gnu/libc.so.6(+0xaada5)[0x72a661eaada5]
[HR54WV2:907707] [ 8] /lib/x86_64-linux-gnu/libc.so.6(+0xab43a)[0x72a661eab43a]
[HR54WV2:907707] [ 9] /lib/x86_64-linux-gnu/libc.so.6(__libc_free+0x7e)[0x72a661eaddce]
[HR54WV2:907707] [10] /lib/x86_64-linux-gnu/libc.so.6(__libc_free+0x7e)[0x7d99272addce]
[HR54WV2:907704] [10] /usr/lib/openfoam/openfoam2506/platforms/linux64GccDPInt32Opt/lib/libOpenFOAM.so(_ZN4Foam10dictionaryD1Ev+0x81)[0x7d9927e0eb81]
[HR54WV2:907704] [11] /lib/x86_64-linux-gnu/libc.so.6(__cxa_finalize+0xc2)[0x7d9927247382]
[HR54WV2:907704] [12] /usr/lib/openfoam/openfoam2506/platforms/linux64GccDPInt32Opt/lib/libOpenFOAM.so(_ZN4Foam10dictionaryD1Ev+0x81)[0x70cd1a60eb81]
[HR54WV2:907708] [11] /lib/x86_64-linux-gnu/libc.so.6(__cxa_finalize+0xc2)[0x70cd19a47382]
[HR54WV2:907708] [12] /usr/lib/openfoam/openfoam2506/platforms/linux64GccDPInt32Opt/lib/libOpenFOAM.so(+0x27a647)[0x70cd1a47a647]
[HR54WV2:907708] *** End of error message ***
/lib/x86_64-linux-gnu/libc.so.6(+0xaada5)[0x76c1498aada5]
[HR54WV2:907689] [ 8] /lib/x86_64-linux-gnu/libc.so.6(+0xab43a)[0x76c1498ab43a]
[HR54WV2:907689] [ 9] /lib/x86_64-linux-gnu/libc.so.6(__libc_free+0x7e)[0x76c1498addce]
[HR54WV2:907689] [10] /usr/lib/openfoam/openfoam2506/platforms/linux64GccDPInt32Opt/lib/libOpenFOAM.so(+0x27a647)[0x7a106247a647]
[HR54WV2:907706] *** End of error message ***
/lib/x86_64-linux-gnu/libc.so.6(+0xaada5)[0x7d175eaaada5]
[HR54WV2:907696] [ 8] /lib/x86_64-linux-gnu/libc.so.6(+0xab43a)[0x7d175eaab43a]
[HR54WV2:907696] [ 9] /lib/x86_64-linux-gnu/libc.so.6(__libc_free+0x7e)[0x7d175eaaddce]
[HR54WV2:907696] [10] /usr/lib/openfoam/openfoam2506/platforms/linux64GccDPInt32Opt/lib/libOpenFOAM.so(_ZN4Foam10dictionaryD1Ev+0x81)[0x7ba904c0eb81]
[HR54WV2:907701] [11] /lib/x86_64-linux-gnu/libc.so.6(__cxa_finalize+0xc2)[0x7ba904047382]
[HR54WV2:907701] [12] /usr/lib/openfoam/openfoam2506/platforms/linux64GccDPInt32Opt/lib/libOpenFOAM.so(+0x27a647)[0x7ba904a7a647]
[HR54WV2:907701] *** End of error message ***
[HR54WV2:907697] [ 7] /lib/x86_64-linux-gnu/libc.so.6(+0xaada5)[0x73182daaada5]
[HR54WV2:907697] [ 8] /lib/x86_64-linux-gnu/libc.so.6(+0xab43a)[0x73182daab43a]
[HR54WV2:907697] [ 9] /lib/x86_64-linux-gnu/libc.so.6(__libc_free+0x7e)[0x73182daaddce]
[HR54WV2:907697] [10] /lib/x86_64-linux-gnu/libc.so.6(+0xaada5)[0x732ede8aada5]
[HR54WV2:907703] [ 8] /lib/x86_64-linux-gnu/libc.so.6(+0xab43a)[0x732ede8ab43a]
[HR54WV2:907703] [ 9] /lib/x86_64-linux-gnu/libc.so.6(__libc_free+0x7e)[0x732ede8addce]
[HR54WV2:907703] [10] /usr/lib/openfoam/openfoam2506/platforms/linux64GccDPInt32Opt/lib/libOpenFOAM.so(_ZN4Foam10dictionaryD1Ev+0x81)[0x757c9bc0eb81]
[HR54WV2:907691] [11] /lib/x86_64-linux-gnu/libc.so.6(__cxa_finalize+0xc2)[0x757c9b047382]
[HR54WV2:907691] [12] /usr/lib/openfoam/openfoam2506/platforms/linux64GccDPInt32Opt/lib/libOpenFOAM.so(_ZN4Foam10dictionaryD1Ev+0x81)[0x77923dc0eb81]
[HR54WV2:907702] [11] /lib/x86_64-linux-gnu/libc.so.6(__cxa_finalize+0xc2)[0x77923d047382]
[HR54WV2:907702] [12] /lib/x86_64-linux-gnu/libc.so.6(__libc_free+0x7e)[0x70f0498addce]
[HR54WV2:907687] [10] /lib/x86_64-linux-gnu/libc.so.6(+0xab43a)[0x7f5a930ab43a]
[HR54WV2:907679] [ 9] /lib/x86_64-linux-gnu/libc.so.6(__libc_free+0x7e)[0x7f5a930addce]
[HR54WV2:907679] [10] /lib/x86_64-linux-gnu/libc.so.6(__libc_free+0x7e)[0x7da0378addce]
[HR54WV2:907686] [10] [HR54WV2:907693] [ 9] /lib/x86_64-linux-gnu/libc.so.6(__libc_free+0x7e)[0x743e37aaddce]
[HR54WV2:907693] [10] /lib/x86_64-linux-gnu/libc.so.6(abort+0xdf)[0x7dbd460288ff]
[HR54WV2:907694] [ 4] /lib/x86_64-linux-gnu/libc.so.6(+0x297b6)[0x7dbd460297b6]
[HR54WV2:907694] [ 5] /lib/x86_64-linux-gnu/libc.so.6(+0xa8ff5)[0x7dbd460a8ff5]
[HR54WV2:907694] [ 6] /lib/x86_64-linux-gnu/libc.so.6(+0xa9d4c)[0x7dbd460a9d4c]
[HR54WV2:907694] [ 7] /lib/x86_64-linux-gnu/libc.so.6(+0xaada5)[0x7dbd460aada5]
[HR54WV2:907694] [ 8] /lib/x86_64-linux-gnu/libc.so.6(+0xab43a)[0x7dbd460ab43a]
[HR54WV2:907694] [ 9] /lib/x86_64-linux-gnu/libc.so.6(__libc_free+0x7e)[0x7dbd460addce]
[HR54WV2:907694] [10] /usr/lib/openfoam/openfoam2506/platforms/linux64GccDPInt32Opt/lib/libOpenFOAM.so(_ZN4Foam10dictionaryD1Ev+0x81)[0x7c24ae00eb81]
[HR54WV2:907699] [11] /lib/x86_64-linux-gnu/libc.so.6(__cxa_finalize+0xc2)[0x7c24ad447382]
[HR54WV2:907699] [12] /usr/lib/openfoam/openfoam2506/platforms/linux64GccDPInt32Opt/lib/libOpenFOAM.so(+0x27a647)[0x7c24ade7a647]
[HR54WV2:907699] *** End of error message ***
/lib/x86_64-linux-gnu/libc.so.6(+0xa9d4c)[0x7701908a9d4c]
[HR54WV2:907692] [ 7] /lib/x86_64-linux-gnu/libc.so.6(+0xaada5)[0x7701908aada5]
[HR54WV2:907692] [ 8] /lib/x86_64-linux-gnu/libc.so.6(+0xab43a)[0x7701908ab43a]
[HR54WV2:907692] [ 9] /lib/x86_64-linux-gnu/libc.so.6(__libc_free+0x7e)[0x7701908addce]
[HR54WV2:907692] [10] /usr/lib/openfoam/openfoam2506/platforms/linux64GccDPInt32Opt/lib/libOpenFOAM.so(_ZN4Foam10dictionaryD1Ev+0x81)[0x77019140eb81]
[HR54WV2:907692] [11] /lib/x86_64-linux-gnu/libc.so.6(__cxa_finalize+0xc2)[0x770190847382]
[HR54WV2:907692] [12] /lib/x86_64-linux-gnu/libc.so.6(+0xa9d4c)[0x70d7acea9d4c]
[HR54WV2:907698] [ 7] /lib/x86_64-linux-gnu/libc.so.6(+0xaada5)[0x70d7aceaada5]
[HR54WV2:907698] [ 8] /lib/x86_64-linux-gnu/libc.so.6(+0xab43a)[0x70d7aceab43a]
[HR54WV2:907698] [ 9] /lib/x86_64-linux-gnu/libc.so.6(__libc_free+0x7e)[0x70d7aceaddce]
[HR54WV2:907698] [10] /usr/lib/openfoam/openfoam2506/platforms/linux64GccDPInt32Opt/lib/libOpenFOAM.so(_ZN4Foam10dictionaryD1Ev+0x81)[0x70d7ada0eb81]
[HR54WV2:907698] [11] /lib/x86_64-linux-gnu/libc.so.6(__cxa_finalize+0xc2)[0x70d7ace47382]
[HR54WV2:907698] [12] /usr/lib/openfoam/openfoam2506/platforms/linux64GccDPInt32Opt/lib/libOpenFOAM.so(_ZN4Foam10dictionaryD1Ev+0x81)[0x707bb4a0eb81]
[HR54WV2:907700] [11] /usr/lib/openfoam/openfoam2506/platforms/linux64GccDPInt32Opt/lib/libOpenFOAM.so(_ZN4Foam10dictionaryD1Ev+0x81)[0x72a662a0eb81]
[HR54WV2:907707] [11] /lib/x86_64-linux-gnu/libc.so.6(__cxa_finalize+0xc2)[0x72a661e47382]
/usr/lib/openfoam/openfoam2506/platforms/linux64GccDPInt32Opt/lib/libOpenFOAM.so(+0x27a647)[0x7d9927c7a647]
[HR54WV2:907704] *** End of error message ***
/usr/lib/openfoam/openfoam2506/platforms/linux64GccDPInt32Opt/lib/libOpenFOAM.so(_ZN4Foam10dictionaryD1Ev+0x81)[0x76c14a40eb81]
[HR54WV2:907689] [11] /lib/x86_64-linux-gnu/libc.so.6(__cxa_finalize+0xc2)[0x76c149847382]
[HR54WV2:907689] [12] /usr/lib/openfoam/openfoam2506/platforms/linux64GccDPInt32Opt/lib/libOpenFOAM.so(+0x27a647)[0x76c14a27a647]
[HR54WV2:907689] *** End of error message ***
/usr/lib/openfoam/openfoam2506/platforms/linux64GccDPInt32Opt/lib/libOpenFOAM.so(_ZN4Foam10dictionaryD1Ev+0x81)[0x7d175f60eb81]
[HR54WV2:907696] [11] /lib/x86_64-linux-gnu/libc.so.6(__cxa_finalize+0xc2)[0x7d175ea47382]
[HR54WV2:907696] [12] /usr/lib/openfoam/openfoam2506/platforms/linux64GccDPInt32Opt/lib/libOpenFOAM.so(+0x27a647)[0x7d175f47a647]
[HR54WV2:907696] *** End of error message ***
/usr/lib/openfoam/openfoam2506/platforms/linux64GccDPInt32Opt/lib/libOpenFOAM.so(_ZN4Foam10dictionaryD1Ev+0x81)[0x73182e60eb81]
[HR54WV2:907697] [11] /lib/x86_64-linux-gnu/libc.so.6(__cxa_finalize+0xc2)[0x73182da47382]
[HR54WV2:907697] [12] /usr/lib/openfoam/openfoam2506/platforms/linux64GccDPInt32Opt/lib/libOpenFOAM.so(_ZN4Foam10dictionaryD1Ev+0x81)[0x72f64ae0eb81]
[HR54WV2:907690] [11] /lib/x86_64-linux-gnu/libc.so.6(__cxa_finalize+0xc2)[0x72f64a247382]
[HR54WV2:907690] [12] /usr/lib/openfoam/openfoam2506/platforms/linux64GccDPInt32Opt/lib/libOpenFOAM.so(+0x27a647)[0x72f64ac7a647]
[HR54WV2:907690] *** End of error message ***
/usr/lib/openfoam/openfoam2506/platforms/linux64GccDPInt32Opt/lib/libOpenFOAM.so(_ZN4Foam10dictionaryD1Ev+0x81)[0x732edf40eb81]
[HR54WV2:907703] [11] /lib/x86_64-linux-gnu/libc.so.6(__cxa_finalize+0xc2)[0x732ede847382]
[HR54WV2:907703] [12] /usr/lib/openfoam/openfoam2506/platforms/linux64GccDPInt32Opt/lib/libOpenFOAM.so(+0x27a647)[0x757c9ba7a647]
[HR54WV2:907691] *** End of error message ***
/usr/lib/openfoam/openfoam2506/platforms/linux64GccDPInt32Opt/lib/libOpenFOAM.so(+0x27a647)[0x77923da7a647]
[HR54WV2:907702] *** End of error message ***
/usr/lib/openfoam/openfoam2506/platforms/linux64GccDPInt32Opt/lib/libOpenFOAM.so(_ZN4Foam10dictionaryD1Ev+0x81)[0x70f04a40eb81]
[HR54WV2:907687] [11] /lib/x86_64-linux-gnu/libc.so.6(__cxa_finalize+0xc2)[0x70f049847382]
[HR54WV2:907687] [12] /usr/lib/openfoam/openfoam2506/platforms/linux64GccDPInt32Opt/lib/libOpenFOAM.so(_ZN4Foam10dictionaryD1Ev+0x81)[0x7da03840eb81]
[HR54WV2:907686] [11] /lib/x86_64-linux-gnu/libc.so.6(__cxa_finalize+0xc2)[0x7da037847382]
[HR54WV2:907686] [12] /usr/lib/openfoam/openfoam2506/platforms/linux64GccDPInt32Opt/lib/libOpenFOAM.so(_ZN4Foam10dictionaryD1Ev+0x81)[0x743e3860eb81]
[HR54WV2:907693] [11] /lib/x86_64-linux-gnu/libc.so.6(__cxa_finalize+0xc2)[0x743e37a47382]
[HR54WV2:907693] [12] /usr/lib/openfoam/openfoam2506/platforms/linux64GccDPInt32Opt/lib/libOpenFOAM.so(+0x292195)[0x7f5a93a92195]
[HR54WV2:907679] [11] /lib/x86_64-linux-gnu/libc.so.6(__cxa_finalize+0xc2)[0x7f5a93047382]
[HR54WV2:907679] [12] /usr/lib/openfoam/openfoam2506/platforms/linux64GccDPInt32Opt/lib/libOpenFOAM.so(+0x27a647)[0x74964427a647]
[HR54WV2:907685] *** End of error message ***
/usr/lib/openfoam/openfoam2506/platforms/linux64GccDPInt32Opt/lib/libOpenFOAM.so(+0x27a647)[0x7e02e9e7a647]
[HR54WV2:907709] *** End of error message ***
/usr/lib/openfoam/openfoam2506/platforms/linux64GccDPInt32Opt/lib/libOpenFOAM.so(+0x27a647)[0x77019127a647]
[HR54WV2:907692] *** End of error message ***
/usr/lib/openfoam/openfoam2506/platforms/linux64GccDPInt32Opt/lib/libOpenFOAM.so(+0x27a647)[0x70d7ad87a647]
[HR54WV2:907698] *** End of error message ***
/lib/x86_64-linux-gnu/libc.so.6(__cxa_finalize+0xc2)[0x707bb3e47382]
[HR54WV2:907700] [12] [HR54WV2:907707] [12] /usr/lib/openfoam/openfoam2506/platforms/linux64GccDPInt32Opt/lib/libOpenFOAM.so(+0x27a647)[0x70f04a27a647]
[HR54WV2:907687] *** End of error message ***
/usr/lib/openfoam/openfoam2506/platforms/linux64GccDPInt32Opt/lib/libOpenFOAM.so(+0x27a647)[0x7f5a93a7a647]
[HR54WV2:907679] *** End of error message ***
/usr/lib/openfoam/openfoam2506/platforms/linux64GccDPInt32Opt/lib/libOpenFOAM.so(+0x27a647)[0x732edf27a647]
[HR54WV2:907703] *** End of error message ***
/usr/lib/openfoam/openfoam2506/platforms/linux64GccDPInt32Opt/lib/libOpenFOAM.so(+0x27a647)[0x7da03827a647]
[HR54WV2:907686] *** End of error message ***
/usr/lib/openfoam/openfoam2506/platforms/linux64GccDPInt32Opt/lib/libOpenFOAM.so(+0x27a647)[0x72a66287a647]
[HR54WV2:907707] *** End of error message ***
/usr/lib/openfoam/openfoam2506/platforms/linux64GccDPInt32Opt/lib/libOpenFOAM.so(_ZN4Foam10dictionaryD1Ev+0x81)[0x7dbd46c0eb81]
[HR54WV2:907694] [11] /usr/lib/openfoam/openfoam2506/platforms/linux64GccDPInt32Opt/lib/libOpenFOAM.so(+0x27a647)[0x743e3847a647]
[HR54WV2:907693] *** End of error message ***
/usr/lib/openfoam/openfoam2506/platforms/linux64GccDPInt32Opt/lib/libOpenFOAM.so(+0x27a647)[0x707bb487a647]
[HR54WV2:907700] *** End of error message ***
/usr/lib/openfoam/openfoam2506/platforms/linux64GccDPInt32Opt/lib/libOpenFOAM.so(+0x27a647)[0x73182e47a647]
[HR54WV2:907697] *** End of error message ***
/lib/x86_64-linux-gnu/libc.so.6(__cxa_finalize+0xc2)[0x7dbd46047382]
[HR54WV2:907694] [12] Foam::sigSegv::sigHandler(int)/usr/lib/openfoam/openfoam2506/platforms/linux64GccDPInt32Opt/lib/libOpenFOAM.so(+0x27a647)[0x7dbd46a7a647]
[HR54WV2:907694] *** End of error message ***
--------------------------------------------------------------------------
Primary job  terminated normally, but 1 process returned
a non-zero exit code. Per user-direction, the job has been aborted.
--------------------------------------------------------------------------
--------------------------------------------------------------------------
mpirun noticed that process rank 22 with PID 0 on node HR54WV2 exited on signal 6 (Aborted).
--------------------------------------------------------------------------
